6010	ac.versicherungsmakler
24302	academy.getanduse
26094	academy.interlink
28478	academy.moroccan
51793	ae.baumbad
67600	ae.flyxo
76931	ae.itls
116210	aero.zal
135161	ag.action
137580	ag.ideenwerk
137631	ag.indicium
137730	ag.isaria
138955	ag.prisma
140016	ag.trendform
154549	agency.csw
159269	agency.goalhunter
162304	agency.invivo
162889	agency.justfrank
167381	agency.newsx
168303	agency.oneday
171719	agency.sacro
172222	agency.seo-hamburg
174577	agency.statistical
178850	agency.waterproof
179706	agency.worktravel
195817	ai.anypost
200785	ai.athaus
202150	ai.authoritystack
204229	ai.aybee
205889	ai.baupotenzial
206716	ai.belege
207643	ai.biblioscan
220559	ai.checkfile
237190	ai.discava
243863	ai.energymonitor
249733	ai.fishradar
257767	ai.genjourney
262396	ai.graphwise
263138	ai.gruv
279124	ai.immostage
283036	ai.inven
291924	ai.laion
295440	ai.liilweb-solution
300044	ai.mappit
304562	ai.metxme
308824	ai.multiplye
311212	ai.nachhilfelehrer
321606	ai.opencalls
338888	ai.reddgrow
339033	ai.reduco
339981	ai.relo
362903	ai.socialedge
371064	ai.swiftscout
376353	ai.temso
380575	ai.tmpilot
381267	ai.top-bewertung
382389	ai.travelpal
387603	ai.unlockedconsulting
390947	ai.vergabepilot
393249	ai.village
409364	al.apsolution
414012	al.faktoje
564160	app.auftragsbuch
564184	app.auja
565195	app.avagoo
567902	app.balerion
594036	app.cleverdialer
605014	app.dashpoint
609450	app.diingu
611383	app.domily
619607	app.entri
635762	app.funkenflug
654853	app.heyroom
706634	app.moenchengladbach
716078	app.netlify
716230	app.netzerocities
719819	app.nomax
740566	app.preeo
751892	app.relevo
762829	app.search
764463	app.settlygo
767810	app.sitealarm
780532	app.snoggle
786838	app.spoko
790158	app.striketracker
803779	app.ticket-plus
818968	app.vercel
821445	app.visaflow
827171	app.websitedata
860917	ar.com.aprentia
999005	ar.com.nuevasdepaz
1074037	ar.gob.cancilleria
1096431	ar.stoessel
1100596	archi.ibus
1136603	art.darz
1151090	art.hypnagogia
1164568	art.marscollective
1164686	art.martinmayer
1177299	art.raboe
1180096	art.rundesachen
1181876	art.seenly
1195783	art.whatewa
1196338	art.wonderwander
1307741	asia.philadelphiachurch
1309507	asia.procontra
1337908	asia.xxxchina
1351872	at.50plus-treff
1352723	at.a-red
1353442	at.abdallareisen
1354411	at.ac.ait
1354551	at.ac.boku
1354679	at.ac.fh-salzburg
1354949	at.ac.kphvie
1355281	at.ac.ph-noe
1355294	at.ac.phwien
1355452	at.ac.uibk
1355483	at.ac.univie
1355499	at.ac.vetmeduni
1355874	at.ac.wu
1361571	at.aktuellblick
1361583	at.aktuellfokus
1361584	at.aktuellforum
1361586	at.aktuellmagazin
1361879	at.alanier
1363354	at.alleinunterhaltermanuelm
1363506	at.alles-zur-hochzeit
1366713	at.altenberghof
1367792	at.ambiance-hotel
1370587	at.anitaaufreisen
1371645	at.anthrowiki
1380467	at.astrodicticum-simplex
1384887	at.austriansoccerboard
1384970	at.austriatech
1386017	at.autobusforum
1386101	at.autoeurope
1386129	at.autofilou
1388383	at.awblog
1388395	at.awekas
1388413	at.awg
1389055	at.azw
1392642	at.barbaraebner
1394340	at.bauchplan
1394512	at.bauer-seyr
1396049	at.bauxund
1399270	at.bentho
1400814	at.berichtjournal
1401235	at.bernies-journeys
1401996	at.bestattung-leibnitz
1402341	at.bestes-oesterreich
1409535	at.bkehrer
1411435	at.blume2000
1412688	at.bnpparibas
1413742	at.bognerhof-garten
1415074	at.boxspring-welt
1415525	at.brand-nagelberg
1416731	at.bresenhuber
1417339	at.brittas-schreiberei
1418306	at.brut-wien
1420638	at.bum-automobil
1422371	at.busreisenseiner
1422407	at.bustravel
1425916	at.capstan
1427705	at.casino
1430428	at.chalets-zugspitze
1432191	at.choice2change
1438835	at.co.communications
1439750	at.co.eurotraining
1447892	at.co.zartbitter
1450290	at.consol-software
1450584	at.contextxxi
1452135	at.cpc-envisions
1456612	at.daniel-wom
1459254	at.davidkultur
1459546	at.dazunterricht
1463474	at.der-neue-merker
1464196	at.derinstallateur
1464202	at.derive
1465080	at.deserteursdenkmal
1467528	at.die-nachrichten
1471587	at.direktzu
1473710	at.dolomitenstadt
1477163	at.dr-petrin
1478527	at.drei
1480909	at.duller-gyn
1482946	at.easyterra
1484452	at.ecoach
1484487	at.ecodesign-beispiele
1484621	at.economy
1485739	at.educult
1487428	at.eikon
1488532	at.eitle
1490713	at.elinga
1491925	at.emailschilder
1493617	at.energieleben
1494319	at.enerspar
1494331	at.enet
1494904	at.enovis-medtech
1495905	at.epicert
1497390	at.erinnern
1498143	at.erstaunlich
1499107	at.essl
1499358	at.esv-hochpustertal
1501500	at.evelynresch
1501729	at.eventinc
1503072	at.extrasauber
1503687	at.facettenreich
1504547	at.fairfutures
1505048	at.familia-austria
1505356	at.familienschatz
1505430	at.familiii
1506926	at.fc-voecklabruck
1509677	at.ferienhelden
1510794	at.fernsteinsee
1510933	at.fertighaus
1512083	at.feuerwehrobjektiv
1513688	at.ff-schuetzing
1514961	at.fidas
1516324	at.firefighter
1516383	at.fireworld
1520442	at.flughafentaxi-zellamsee
1528279	at.fressnapf
1534327	at.fussball-manager
1534625	at.future-aid
1534652	at.future-s
1535226	at.gabipeham
1536224	at.galabau-verband
1538028	at.gartenhaus
1538033	at.gartenhausfabrik
1541833	at.geld-kopf-bauch
1542593	at.gemeinsamebildung
1543313	at.genuin
1543746	at.geograsim
1546910	at.ghostwriter-oesterreich
1556271	at.gruener-daumen
1556381	at.gruenraumplan
1556397	at.gruenstattgrau
1558830	at.gv.bildung-bgld
1559507	at.gv.klimafonds
1559660	at.gv.marz
1560117	at.gv.staedtebund
1560317	at.gv.wien
1560608	at.gwwn
1562107	at.habundgood
1562222	at.hacker-school
1569205	at.hausderzukunft
1575068	at.heroldwebsites
1578682	at.hififorum
1578933	at.highlife
1579546	at.hillrom
1583445	at.hochschule-heiligenkreuz
1586185	at.hoftechnik
1587027	at.holidu
1593463	at.hotelimpulse
1596056	at.humepage
1598162	at.iagf
1598390	at.iba-wien
1599322	at.idealismprevails
1599581	at.idt-noeckler
1600511	at.ihrwebprofi
1601280	at.imag-gmb
1604573	at.informationsfreiheit
1606097	at.innovativegebaeude
1608267	at.intersportrent
1608748	at.ionos
1610664	at.istokay
1613329	at.janschka
1613934	at.jcb-beschlaege
1615154	at.jkundp
1617616	at.juffing
1622411	at.kampfl
1624741	at.kartenmacherei
1625797	at.katzentante
1629351	at.ki-macht-schule
1633549	at.klar-badischl-ebensee
1635724	at.kmrweb
1637946	at.komma99
1638632	at.konsument
1639225	at.korkischfacility
1643196	at.kronehit
1643773	at.ktec
1645456	at.kuma
1646041	at.kunstlinks
1647408	at.kwt-plus
1652869	at.lazarus
1656284	at.lemonswan
1660973	at.link
1662144	at.literaturblog-duftender-doppelpunkt
1663355	at.lobbydermitte
1663736	at.loewenzahn
1664623	at.longwayhome
1671581	at.mama-blog
1674475	at.markeneroberer
1674674	at.markeundrecht
1675624	at.martin-ristl
1676226	at.mas-content
1680627	at.medianet
1681409	at.medmix
1682515	at.meinbezirks
1682727	at.meineabgeordneten
1683054	at.meinhaushalt
1683651	at.mekisan
1693603	at.moment
1693786	at.monat
1696795	at.moveria
1701614	at.musterseite
1701640	at.mut-magazin
1703306	at.mypics
1704457	at.nachrichtenbericht
1704459	at.nachrichtenfokus
1704461	at.nachrichtenjournal
1707177	at.natursteine-rath
1708259	at.nesterval
1708337	at.net4all
1708814	at.netzwerklehm
1709236	at.neuhaushof-westendorf
1711021	at.nialatea
1713950	at.noracares
1714903	at.notebookforum
1715887	at.nureinblog
1716527	at.oberbank
1717770	at.oeamtc
1718462	at.oehmedgraz
1718918	at.oepb
1723248	at.open3
1724478	at.or.drahtesel
1724984	at.or.ifa
1725071	at.or.jbi
1725489	at.or.oejudmus
1728668	at.ostheimer
1729032	at.ots
1730087	at.packmee
1732399	at.parnass
1732442	at.parsnews
1740183	at.pfs-online
1741133	at.photo4u
1741380	at.phsalzburg
1746285	at.plan-international
1747024	at.plate
1747867	at.pm-copywriting
1750065	at.positiva
1753475	at.presseblick
1753482	at.pressefokus
1753496	at.presseheute
1753499	at.pressejournal
1753503	at.pressemagazin
1753508	at.pressepunkt
1753512	at.presseshop
1754260	at.priv
1755701	at.proholz
1755831	at.projekt-greenbim
1759829	at.psychotherapiepraxis
1760280	at.publish
1762928	at.quintessenz
1763712	at.raabauke
1764144	at.radelt
1764216	at.radiaesthesieverband
1765700	at.rainerstoll
1767133	at.raumausstattervock
1769119	at.recode
1769628	at.refak
1769762	at.reflexshop
1770410	at.regionews
1771585	at.reisekompass
1771656	at.reisepanorama
1772709	at.renahackl
1773088	at.renowave
1777338	at.ritschel
1779537	at.rohrstar
1779878	at.rolandgarstenauer
1780490	at.rona
1781969	at.rowing
1782824	at.ruch-consulting
1785910	at.salesblog
1786680	at.salzburg1
1789369	at.saxoprint
1790083	at.schachclub-schwaz
1793266	at.schlaflager
1795359	at.schneehoehen
1796187	at.schoenes-thailand-2
1801405	at.seevilla-freiberg
1803000	at.seniorenrunde
1803274	at.seo-upsite
1807157	at.signalkraft
1807762	at.silvia-neuschmid
1808929	at.sirelo
1811253	at.skiresort
1812198	at.skot
1814722	at.slp
1820850	at.sohs-speidel
1821000	at.solaranlagen-portal
1831887	at.starzinger-elisabeth
1832292	at.stebo
1832903	at.steiermark
1833939	at.steirischemuseen
1835115	at.stgallen
1838347	at.strukturkreativ
1838642	at.studex
1839205	at.studishark
1840099	at.suchmaschinen-datenbank
1841137	at.superblock
1843134	at.swgt
1850961	at.temel
1855953	at.thiesen
1858212	at.tigas
1862954	at.tortenzwerg
1863574	at.tptoner
1863686	at.trachtenbibel
1864427	at.transformatorin
1864524	at.transped
1865252	at.travelbusiness
1865602	at.trendartikel
1868394	at.tugraz
1869230	at.tuwien
1870300	at.uceprotect
1871479	at.umbaustadt
1871666	at.umweltbildung
1871791	at.umzug-helden
1872145	at.unexshop
1872311	at.uni-graz
1873136	at.unitec-gmbh
1873512	at.unsereoebb
1874090	at.uog-lale
1874928	at.urlaubsgeschichten
1875454	at.usa-forum
1878867	at.verdienegeld
1879191	at.vereinsplaner
1881105	at.versicherungsjournal
1882065	at.viciente
1882873	at.viennainside
1886245	at.vobs
1892394	at.waldorff
1893661	at.warda
1895396	at.webdesign-tashi
1899456	at.weisswasser
1900149	at.welterbe-klar
1902640	at.whywar
1903991	at.wienerzeitung
1904212	at.wienzufuss
1904309	at.wiesenruh
1904604	at.wikiservice
1907248	at.wirschreiben
1908097	at.wjso
1908156	at.wko
1912570	at.wurmundwurm
1916822	at.xn--gnthers-konzerte-jzb
1917106	at.xn--histori-g1a
1921807	at.yoursuccess
1925104	at.zeitungblick
1925489	at.zentralraum-stmk
1925794	at.zern
1926150	at.ziarulromanesc
1932083	au.allrite
1945459	au.com.2012
2016179	au.com.astone
2068885	au.com.biotechnews
2074491	au.com.blogchicks
2276353	au.com.familytravel
2296034	au.com.forbes
2429155	au.com.itnews
2494834	au.com.linkdigital
2666776	au.com.planert-jewellery
2706097	au.com.raveaboutit
2742273	au.com.rusforum
2764083	au.com.selfdefencehub
2765009	au.com.sennza
2823691	au.com.stammel
2877221	au.com.thecityweekly
2906915	au.com.tinytrekrentals
2908252	au.com.tmcdesign
2996689	au.com.yellowbook
3025658	au.gov.embassy
3031490	au.headland
3032754	au.id.bladesplace
3055800	au.net.kids
3059515	au.net.newsarticles
3095874	au.org.insidestory
3096640	au.org.jhh
3097125	au.org.kbfair
3138585	auction.mybidding
3188416	ax.caravanclub
3209733	ba.auti
3216843	ba.inputovanja
3225994	ba.viralkuca
3238189	band.afterburner
3240073	band.experi
3241377	band.klangfusion
3241413	band.kopfeck
3254597	bar.einhorn
3264211	bayern.archaeologie
3264357	bayern.bavariathek
3264703	bayern.baykommun
3264877	bayern.bmbi
3264990	bayern.bzt
3265034	bayern.chiemsee-chiemgau
3265286	bayern.dvb
3265353	bayern.elektro-berghammer
3265460	bayern.erlebe
3265562	bayern.ferienwohnungen-inzell
3265795	bayern.fruehlingsfest-muenchen
3265879	bayern.gdp
3266036	bayern.gruenderland
3266139	bayern.hausservice
3266162	bayern.heimatgeschichte
3266207	bayern.herzkammer
3266620	bayern.immobilien-muenchen
3266677	bayern.isargau
3266766	bayern.kampfkunstakademie
3266780	bayern.karte
3266857	bayern.klimahochdrei
3267026	bayern.landschafftenergie
3267084	bayern.lichtblicke-demenzstrategie
3267266	bayern.meinsteuerberater
3267297	bayern.mfc
3267344	bayern.mon
3267506	bayern.oekomodellregionen
3267661	bayern.popkultur
3267686	bayern.profil
3267697	bayern.psycholog
3267708	bayern.quebec
3267709	bayern.queeresnetzwerk
3267738	bayern.ratioplan
3267747	bayern.rechtsanwalt-wuerzburg
3268240	bayern.standortportal
3268436	bayern.traveltrade
3268530	bayern.verbraucherzentrale
3269038	bayern.xn--schlsseldienst-mnchen-cicm
3269112	bayern.zukunftskompass-waerme
3341254	be.baumbad
3345296	be.beer
3348763	be.beltex
3366472	be.brainlightbelgium
3394535	be.chinasquare
3457214	be.easyterra
3475205	be.euro-support
3475815	be.euroreizen
3479832	be.fairecomment
3486444	be.filmfriend
3490228	be.flowbike
3508798	be.gershon-lehrer
3524793	be.hamburg
3539283	be.hoedoen
3563600	be.irs-studiebureau
3577390	be.jumpseat
3629835	be.lukassen
3652329	be.milieustickervoorduitsland
3671645	be.newsmonkey
3693480	be.pajawa
3725850	be.radiocentraal
3730797	be.reisroutes
3737551	be.ringland
3768420	be.slimmekids
3770133	be.smalsresearch
3808158	be.thebeercapital
3815846	be.toecomst
3851079	be.vito
3895472	beauty.redtube-porn
3924976	berlin.achtsamkeit
3925330	berlin.aikido
3928519	berlin.bestfriend
3929022	berlin.blitzumzuege
3931020	berlin.christina-baum
3935156	berlin.engagiertes
3935561	berlin.euro2017
3936107	berlin.fameescort
3936785	berlin.fjp
3942094	berlin.immofix
3942671	berlin.ipm
3944796	berlin.klassik-umzuege
3944921	berlin.klimabildung
3948168	berlin.marzahner-promenade
3948454	berlin.medizinrecht
3949679	berlin.more
3950534	berlin.neue-entspannungspolitik
3950934	berlin.nolympia
3956206	berlin.sbut
3958480	berlin.srcd
3959363	berlin.studenten-umzug
3959381	berlin.studentische-umzuege
3962442	berlin.visaguard
3963577	berlin.wetzel
4051940	bg.gabrovo
4058774	bg.krause-systems
4070113	bg.radioclassica
4075996	bg.svidetelstva
4084771	bi.bau
4116628	bike.coolly
4116630	bike.coopop
4116876	bike.donkey
4118180	bike.massenger
4119063	bike.rippl
4119068	bike.rlvd
4120240	bike.weride
4133207	bio.hoefe
4140318	bio.stage
4182243	biz.alarmanlagen
4204693	biz.ballonshop
4207173	biz.bauforum24
4219148	biz.blockwerk
4227481	biz.bundesfreiwilligendienst
4253428	biz.creativia
4261321	biz.denkmalpflege
4263592	biz.digico
4269510	biz.dumke
4274490	biz.einbuergerungstest
4276925	biz.enev-online
4287125	biz.flutlicht
4295776	biz.gaestezimmer
4300512	biz.givt
4306812	biz.guenstig-urlaub
4325599	biz.hundeliebe
4328366	biz.ihr-immobilienmakler
4346009	biz.kbmine
4350125	biz.kokuto
4352478	biz.kunstplattform
4363086	biz.luftballons-info
4366078	biz.management-accounting
4367316	biz.marketinginstitut
4370765	biz.medienproduktion
4371748	biz.mensplace
4381080	biz.muehlacker
4387363	biz.netz24
4412236	biz.presenceingermany
4414252	biz.prolog
4414896	biz.prothemes
4415429	biz.psiho
4421002	biz.rechtsanwalt-hamburg
4422168	biz.reisemagazin
4433241	biz.schwindling
4435668	biz.seo-manager
4466193	biz.tattoostudio
4478919	biz.travelingeurope
4484707	biz.uhrzeiten
4484749	biz.ujf
4486587	biz.unverzagt
4530008	blog.agbuere
4533449	blog.annvivien
4539789	blog.birre
4543959	blog.captains-dinner
4552459	blog.digitale-schule
4557727	blog.fitcare
4557736	blog.fitmag
4559688	blog.ftrc
4561372	blog.gizmodo
4561620	blog.go-public
4562323	blog.gregorschmalzried
4562679	blog.gute-tat-muenchen
4564200	blog.hellas
4567856	blog.htp-med
4568018	blog.huus-marie
4568587	blog.ilovemusic
4574018	blog.kits
4594518	blog.reisenhimmelblau
4598512	blog.sharethelove
4604864	blog.szalloda
4610610	blog.travelhacker
4616100	blog.wirgewinnt
4624446	blue.twenty
4823183	bot.parse
4835337	br.adv.ibaneis
4846025	br.art.mipc
4886037	br.com.acessocultural
4897993	br.com.aeroworld
4934523	br.com.anapaulalobato
4951084	br.com.arethaoliveira
4990917	br.com.barretomarketingdigital
5019620	br.com.bnrincorporadora
5028266	br.com.brasilalemanhanews
5073304	br.com.casinhaboa
5139665	br.com.conselheiraparaviagens
5142458	br.com.consulados
5164720	br.com.culturaalternativa
5204844	br.com.dkwcandango
5247682	br.com.emalgumlugardomundo
5305467	br.com.ffmodatipicaalema
5321899	br.com.fortalezaequipamentos
5351746	br.com.gestaohoje
5507576	br.com.lalanoleto
5545024	br.com.loveandtravel
5582886	br.com.matraqueando
5583374	br.com.matutar
5593188	br.com.melevamundo
5593491	br.com.melhoresdestinos
5623711	br.com.mostrasescdecinemarj
5636031	br.com.mundoviajar
5658717	br.com.noangulo
5699771	br.com.pagina22
5716285	br.com.pelomundoadois
5743144	br.com.pormim
5801902	br.com.rebanhosa
5912223	br.com.solaneaonline
5944945	br.com.taindopraonde
5980745	br.com.travel
5980761	br.com.travelandshare
5990579	br.com.turismonenecacampos
5999888	br.com.uniforme-eletricista-nr10
6024488	br.com.viajandobem
6024687	br.com.viajarnaeuropa
6047129	br.com.voupraalemanha
6158433	br.org.farolverde
6167380	br.org.martiusstaden
6175517	br.org.sescsp
6188735	br.uesb
6189039	br.usp
6195129	bt.gov.nlcs
6206589	business.komoot
6326636	by.ais
6338927	by.cci
6353234	by.gov.mfa
6408941	bz.helios
6411726	bz.salto
6418620	bzh.pik
6440988	ca.ab.edmonton
6708151	ca.edc
6713402	ca.electronicsurplus
6765629	ca.freshhive
6792127	ca.globalnews
6807607	ca.groupevoyagesvp
6816938	ca.haligonia
6883319	ca.intership
6908456	ca.jsyang
6928367	ca.klettwl
6931680	ca.kpu
6949323	ca.lecastorvoyageur
6991632	ca.markhamberczysettlers
7094845	ca.operacanada
7095094	ca.opom
7113820	ca.pavage-asphalte-laval-montreal
7290845	ca.starfishsystems
7333758	ca.thecommoners
7341503	ca.themaritimeexplorer
7387169	ca.universalimmigration
7387194	ca.universalmusic
7429088	ca.whitespark
7461338	cafe.exif
7491705	camp.juca
7511099	care.evidena
7519268	care.weinmann
7576737	cat.barcelonactiva
7578494	cat.broucasola
7583389	cat.clubdelviatger
7591909	cat.europacreativamedia
7595571	cat.gencat
7599523	cat.institutfeldenkrais
7599901	cat.isocial
7612098	cat.pirates
7619464	cat.stac
7621295	cat.titulars
7624138	cat.vilaweb
7780826	cc.angerhof
7784386	cc.arch2
7787211	cc.audax
7787510	cc.aut
7793976	cc.bausachverstaendiger
7799755	cc.bioinformatics
7805520	cc.britishrock
7861524	cc.hightide
7872009	cc.ifg
7873187	cc.iner
7880518	cc.jura
7917394	cc.pizzaschneider
7926947	cc.reisetipps
7950233	cc.startus
7964227	cc.urlaub-bayern
7966066	cc.velibre
7973510	cc.wochenblatt
8005163	center.klima
8009439	center.sup
8176887	ch.50plus-treff
8177675	ch.60-geburtstag
8185538	ch.abraxas
8188148	ch.activa-langues
8198944	ch.aktuellfokus
8202127	ch.algorithmwatch
8205157	ch.alpenfokus
8205362	ch.alpenstimme
8210061	ch.americanexpress
8221203	ch.aquatransform
8224000	ch.argusdatainsights
8225329	ch.aroundhome
8225500	ch.arretsurinfo
8232237	ch.asut
8232618	ch.ate-hsr
8237329	ch.audiatur-online
8243667	ch.avenir-suisse
8247961	ch.babybella
8251682	ch.baizer
8255969	ch.baselmagazin
8256341	ch.basler-kultur
8256438	ch.baslerhofmann
8264122	ch.begabungsfoerderung-tg
8268088	ch.berichtsmagazin
8270276	ch.bestfinance
8273344	ch.bibeltxt
8274417	ch.bierarena
8275783	ch.bikeundso
8282829	ch.blog-kreuzfahrt
8282963	ch.blogwiese
8291372	ch.boxspring-welt
8292899	ch.brauchtumschweiz
8296958	ch.brunnvalla
8297417	ch.bs
8303721	ch.businessguide
8320806	ch.cds-bausoftware
8323371	ch.cern
8324689	ch.ch2021
8341581	ch.clubnacht-zh
8347603	ch.compos
8347809	ch.computer-osterwalder
8350469	ch.conviva-plus
8352539	ch.cortexia
8364611	ch.daniel-meyer
8365995	ch.darin
8374203	ch.deltaumzug
8376646	ch.derinternaut
8384930	ch.direkt-magazin
8387208	ch.dnip
8393641	ch.dreirad-zentrum
8400482	ch.easyterra
8400710	ch.eawag
8401086	ch.eben-switzerland
8402515	ch.echt
8406239	ch.edv-rueegg
8408581	ch.eigermaker
8408944	ch.einfachmal
8411879	ch.eleo-express
8411988	ch.elev
8412485	ch.elinga
8416755	ch.energie-experten
8428256	ch.ethz
8430226	ch.eve-rave
8430689	ch.eventinc
8431713	ch.evs-musikstiftung
8445979	ch.ferienhelden
8448944	ch.fhnw
8450712	ch.filmfriend
8454908	ch.flane
8465354	ch.francoischarlet
8471835	ch.fressnapf
8485176	ch.galaxus
8488810	ch.garedunord
8489283	ch.gartenhaus
8489290	ch.gartenhausfabrik
8491611	ch.gdp
8491824	ch.gebaeudetechnik-news
8494226	ch.gemeinschaften
8505789	ch.globetransporte
8505929	ch.gloor-gartenbau
8511286	ch.grablichter
8517987	ch.gtsm
8518058	ch.gtweb
8518817	ch.guide-velo
8522822	ch.habitatmobilite
8526499	ch.handel-heute
8526520	ch.handelskammer-d-ch
8527367	ch.hans-ruedi
8532851	ch.healthytravel
8533357	ch.hebammen-begleitung
8544568	ch.higgs
8545950	ch.hillrom
8556650	ch.holidu
8566278	ch.hotelroyalluzern
8578515	ch.im-alter-daheim
8583508	ch.infekt
8584424	ch.infomagazin
8588019	ch.insenio
8588160	ch.insideparadeplatz
8589353	ch.integrate
8598685	ch.jahreszeiten
8601030	ch.jcb-beschlaege
8609969	ch.juggling
8620960	ch.keinsteins-kiste
8622274	ch.keuerleber
8632821	ch.koempf24
8637040	ch.krause-systems
8640596	ch.kultur-punkt
8661645	ch.lemali
8662818	ch.lemonswan
8664265	ch.lern-tipps
8666725	ch.lesobservateurs
8671056	ch.liebe-liese
8673022	ch.limotee
8674259	ch.linker
8683440	ch.luetjens-padmanabhan
8684954	ch.lupi
8689134	ch.magazinjournal
8697066	ch.marcopeter
8699271	ch.markt
8710743	ch.meerweh
8717109	ch.meter-magazin
8717364	ch.metropolitanraum-zuerich
8722023	ch.migros
8727103	ch.mlstudies
8731966	ch.montabella
8736168	ch.moveria
8737101	ch.mrclean
8740196	ch.mug-mikrobrauerei
8741113	ch.murakami
8747604	ch.myvinodeal
8748213	ch.nachhaltige-beschaffung
8748335	ch.nachrichtenmagazin
8765317	ch.nolten
8766897	ch.notenberechner
8781831	ch.orgues-et-vitraux
8783578	ch.ost
8794957	ch.pcprofi-basel
8800600	ch.pfarrei-volketswil
8801588	ch.pflegeboard
8809898	ch.pixelcomputer
8819157	ch.posterpage
8824421	ch.presseportal
8824429	ch.presseshop
8824528	ch.prestige-travel
8830063	ch.proprix
8837800	ch.queerupradio
8840206	ch.raeder-auf-den-augen
8840894	ch.railtour
8841452	ch.rallye-rohr
8841871	ch.ranas
8842135	ch.raon
8842137	ch.raonline
8848504	ch.regelmann
8849061	ch.regionallabor-limmattal
8850533	ch.reiseziele
8853249	ch.reportjournal
8869716	ch.ronaldbalestra
8875112	ch.rund-um-bildung
8894117	ch.schnulliblubber
8895014	ch.schreib-lounge-blog
8899035	ch.schweizbericht
8899042	ch.schweizblick
8899546	ch.schweizerjournal
8899785	ch.schweizzeit
8900966	ch.scope
8902924	ch.searchthis
8907819	ch.seniorweb
8909806	ch.seum
8911641	ch.sggk-arch
8915347	ch.sici
8930281	ch.smartconext-bau
8931301	ch.smartmedsolutions
8939812	ch.soforthilfe
8942476	ch.sommerakademie-limmattal
8954543	ch.srrp
8956239	ch.stadt-zuerich
8956676	ch.stadtreport
8959504	ch.stefangubser
8963471	ch.stilpalast
8963534	ch.stimmejournal
8971867	ch.sunwave
8971877	ch.sunwind-klaeui
8977980	ch.swiss-ships
8978199	ch.swiss-time
8981778	ch.swissorthocenter
8984246	ch.symlink
8986988	ch.tageswoche
8993283	ch.tcs
8998422	ch.teslasociety
9011102	ch.tixpi
9014110	ch.topcomm
9018516	ch.travel-memories
9019270	ch.trendmagazin
9025113	ch.tunnelmonsters
9025281	ch.turbocars
9030523	ch.umzugprofis
9030601	ch.umzugsfuchs
9031652	ch.unil
9033459	ch.upgreat
9036198	ch.uzh
9044352	ch.verkehr-schweiz
9046240	ch.verstaendlich
9047228	ch.veuillet
9050930	ch.viplimousineservice
9053203	ch.vitruvio
9054730	ch.vkf-renzel
9063917	ch.walter-hess
9065744	ch.watson
9066262	ch.wbw
9066808	ch.web2-unterricht
9071140	ch.welt-blog
9074993	ch.wiedenmeier
9077519	ch.winterthur
9078715	ch.wisnewski
9079405	ch.wo-men-talk
9079815	ch.wohnbau-mobilitaet
9082668	ch.wrubel
9093449	ch.xn--hrmodell-n4a
9102514	ch.youmo
9102571	ch.youngexplorersclub
9104007	ch.yvori
9107893	ch.zeitblick
9107977	ch.zeitkurier
9110403	ch.zhaw
9110426	ch.zhdk
9111260	ch.zimraum
9111803	ch.zks-zuerich
9113099	ch.zra
9115786	ch.zurichheute
9115803	ch.zurichmagazin
9115837	ch.zurichreport
9156784	city.089
9161290	city.hamboorg
9161713	city.hsbk
9161868	city.inne
9164126	city.projektbuero
9202229	cl.cetalimentos
9214174	cl.copas-coastal
9221062	cl.derecho-chile
9225846	cl.dschile
9227909	cl.edelstoff
9346748	cl.udec
9359793	cleaning.myfair
9457871	click.marketingexperts
9472196	click.ottensen
9596343	cloud.musiconic-learning
9739099	club.bauexperte
9751279	club.brotundlyrik
9755028	club.cannanas
9760226	club.cliquey
9805547	club.lieferpartner
9810595	club.medi
9862060	club.vas3k
10160732	cn.999fww
10207160	cn.awesometop
10345788	cn.com.anso
10354639	cn.com.beijingreview
10433962	cn.com.hep
10497941	cn.com.marriott
10532790	cn.com.quanso
10605147	cn.com.wibu
10769704	cn.fobtrading
10835538	cn.gov.shanghai
11128462	cn.longdan-industry
11170289	cn.mrlodge
11211265	cn.net.matomo
11293793	cn.org.suse
11366446	cn.reanod
11476998	cn.sprachcaffe-languages
11786912	cn.yvyue
11884449	co.5-stars
11922352	co.alpps
11933883	co.animal-friendly
11938981	co.apolitical
11950103	co.asdfg
11981277	co.bauwesen
11995783	co.betterbe
11997080	co.bewerbung
12004781	co.bitcomedy
12013595	co.blueplanit
12099570	co.com.autocosmos
12166580	co.cruiseports
12202889	co.edu.elmirador
12203460	co.edu.icesi
12220206	co.exposay
12261950	co.gov.ins
12317512	co.intently
12320131	co.isarey-document-attestation
12323347	co.jabata
12326289	co.jenett
12326987	co.jeva
12399569	co.mvst
12410839	co.newline
12420165	co.obsessedwith
12420396	co.oceanup
12485827	co.salika
12488243	co.saubere-sache
12490235	co.schimmel
12542658	co.studi-fy
12585504	co.tripest
12586752	co.trpro
12597548	co.upperlife
12619677	co.weishaupl
12627105	co.worksinprogress
12646110	coach.economics
12929134	com.089-schluesseldienst
12929544	com.089299900
12931553	com.089dj
13003048	com.1-123
13003419	com.1-2-3-design
13032609	com.1000thingsmagazine
13037004	com.1001fondues
13039017	com.1001sense
13146993	com.10cells
13257014	com.11880
13257032	com.11880-beauty
13257034	com.11880-bestattung
13257051	com.11880-dachdecker
13257063	com.11880-elektriker
13257084	com.11880-gartenbau
13257088	com.11880-gebaeudereinigung
13257108	com.11880-immobilienmakler
13257128	com.11880-maler
13257143	com.11880-partyservice
13257145	com.11880-physio
13257147	com.11880-polsterei
13257150	com.11880-rechtsanwalt
13257178	com.11880-steuerberater
13257185	com.11880-tischler
13257190	com.11880-umzug
13257196	com.11880-versicherung
13257200	com.11880-werkstatt
13257201	com.11880-zahnarzt
13324528	com.1234wu
13642249	com.17-minute-languages
13864228	com.1a-treff
13896046	com.1d9z
13908685	com.1euroseo
14011034	com.1sticket
14037847	com.1uptravel
14338012	com.22places
14361181	com.2345net
14395194	com.24-7pressrelease
14702494	com.2dadswithbaggage
14802204	com.2stable
15059043	com.360gradplus
15062821	com.360meridianos
15065211	com.360printingshop
15090213	com.365carhire
15172756	com.3blmedia
15188440	com.3dactions
15193458	com.3dcityloader
15196528	com.3ddruckmuenchen
15205918	com.3dnatives
15241805	com.3kleinegrenouilles
15521294	com.4allmusic
15560626	com.4imedia
15654795	com.50megs
15719372	com.51sml
15810739	com.5555annaanuka
15819744	com.557900
16110467	com.6666f
16221929	com.6inavan
16273731	com.711lab
16370569	com.76export
16581679	com.82alliance
16739543	com.8ware
16765468	com.90soccer
16992873	com.9timesblue
17031709	com.a-z-hamburg
17044495	com.a1autotransport
17183078	com.aampere
17222861	com.aaronnight
17241216	com.ab-sued
17244843	com.abackpackersworld
17245731	com.abacus-seals
17283814	com.abcpages
17310753	com.abflussreinigung-wien
17317779	com.abi-rechner
17340511	com.abm-team
17382594	com.abroadamerican
17383014	com.abroadsaathi
17394387	com.absolutelylucy
17395044	com.absolutemunich
17415329	com.abwasser-service
17420438	com.ac-meissen
17432035	com.academiceurope
17448734	com.acast
17479662	com.accio
17479793	com.accion-humana
17484734	com.accor
17488535	com.accountant-balk
17492137	com.accountingtutoronline
17513387	com.acedarspoon
17540327	com.achat-hotels
17542731	com.achenbach
17544287	com.achgut
17565580	com.acmec-int
17574035	com.acomera
17582068	com.acousticbulletin
17583751	com.acp-gruppe
17587469	com.acquarello
17588206	com.acquilim
17625122	com.active-mommies
17632975	com.activesustainability
17635773	com.activitygift
17636812	com.activstudy
17689446	com.adamsgrilleedgewater
17714996	com.add-bike
17720156	com.addictedtolight
17792627	com.admiralbookmarks
17800782	com.adobe
17819203	com.adpublica
17820618	com.adrbny
17826260	com.adrianalombardo
17832479	com.adrianthomas
17848820	com.adstxtvalidator
17849830	com.adt-zielke
17861578	com.adunate
17889314	com.advantago
17894292	com.adventskalender-inhalt
17894705	com.adventure-campus
17895054	com.adventure-puppies
17901801	com.adventuresofagoodman
17905212	com.adventurousmiriam
17905671	com.adverbum
17908605	com.advertisingnews
17911594	com.advidera
17923996	com.adwebcat
17956572	com.aerialphotosearch
17959544	com.aeroaffaires
17959789	com.aeroballonsport
17959804	com.aerobarato
17963793	com.aerojetme
17967680	com.aeroscroll
17972339	com.aerzte-vermittlung
17986000	com.aew
17992139	com.afar
18040573	com.afghanempor
18088093	com.afroethiopiatour
18100570	com.afterschoolaardvark
18107536	com.ag-careerhub
18108048	com.ag-logistik
18125364	com.agberatung
18127615	com.agcord
18155406	com.agendize
18173345	com.ageu-die-realisten
18192741	com.agitano
18201363	com.agnifico
18205638	com.agor-legal
18217205	com.agricamper
18219000	com.agriculturaemar
18221862	com.agrillofchange
18227968	com.agro-norm
18265422	com.aheartforfashion
18282432	com.ahmadsoftware
18292551	com.ahotellife
18309794	com.ai-critique
18392353	com.aimofbiz
18407761	com.aipassportphotos
18421139	com.airbnb
18425248	com.aircharteradvisors
18431208	com.aircraftinteriorsexpo
18433164	com.airdroid
18441272	com.airfreshing
18449122	com.airlst
18452827	com.airocollect
18456476	com.airport-transfer-lech
18458789	com.airportsbase
18458854	com.airportsenroute
18459375	com.airporttaxis
18503821	com.aixvox
18553160	com.akane1033
18576439	com.akibau
18579341	com.akiliyasmine
18611766	com.aktionsonnenschein
18612692	com.aktivregion-pinneberg
18612800	com.aktiwell
18641626	com.alaazerbaijan
18690020	com.alarmbands
18711298	com.albapatera
18719735	com.albert-einstein-gymnasium
18722564	com.albertbozesan
18722761	com.albertcoers
18766246	com.aleciapatrick
18778420	com.alemaniaparatodos
18800781	com.alexander-nebe
18801585	com.alexanderbecker
18805571	com.alexanderpolinskiy
18806760	com.alexandersteig
18826462	com.alexgettinglost
18836024	com.alexknowsdata
18844218	com.alexsoya
18892458	com.alibaba
18931780	com.alinegpt
18932308	com.alineritania
18951790	com.aliveasalways
18959556	com.aljazeera
18961340	com.alk-info
18973081	com.all-luxury-apartments
18973133	com.all-markup-news
18976651	com.all4camper
18979089	com.allaboutberlin
18982214	com.allaboutports
19000203	com.allbusinessclass
19010878	com.alleangebote
19016346	com.allemagne-tourisme
19025840	com.alles-fliesst
19034176	com.allgaeu-erleben
19046967	com.allianz-arena
19051459	com.alliedpapercompany
19053093	com.allieinwanderland
19055247	com.alliium
19072430	com.allmannwappner
19079429	com.allny
19105728	com.allsquaregolf
19113203	com.alltagsengel-mit-herz
19152512	com.almanyada-is-ariyorum
19152555	com.almanyaehliyet
19152650	com.almanypedia
19156302	com.almastohh
19160565	com.almeriavisitasguiadas
19160680	com.almeroth
19166319	com.almos-tallos
19167792	com.almostlanding
19183461	com.alohako-life
19203527	com.alpenway
19207301	com.alpha-spot
19237772	com.alpinforum
19256205	com.alsaqrtravelvisa
19264644	com.alsterkind
19264676	com.alsterrunde
19267532	com.alta4
19293484	com.althoffcollection
19319999	com.alumni-moderne-schule
19328820	com.alveole
19335937	com.alwaysaubrey
19339539	com.alwayspacktissues
19372248	com.amalytix
19387280	com.amandinedek
19393962	com.amarajim
19408831	com.amateurtraveler
19415893	com.amazing-engineering
19422239	com.amazingprague
19427227	com.amazonaws
19446070	com.amberstudent
19462540	com.amc-gmbh
19489932	com.american-chiro
19491271	com.american-supps
19540535	com.ameroncollection
19545313	com.amexessentials
19593174	com.amnet-jpn
19615171	com.ampeco
19688257	com.amz520
19733194	com.anapaulalobato
19734584	com.anarchia
19776846	com.anderhalten
19777309	com.anders-wohnen
19790078	com.andisheh
19790533	com.andivista
19810459	com.andreaslech
19813088	com.andreastjernedal
19869067	com.aneliserosa
19873178	com.anetteharmoinen
19885758	com.angelahanyak
19900071	com.angelikaplikat
19916763	com.angers-soehne
19993046	com.anjacambria
19996217	com.anjariese
20019767	com.anleitungen
20025034	com.anna-schulz
20057805	com.annekathrynolsen
20058224	com.annekraemer
20061835	com.annenmaykantereit-shop
20066246	com.anneundbjoern
20069830	com.annieanywhere
20097749	com.anotefromthecoast
20105882	com.anqr-frankfurt
20153314	com.antifires
20156194	com.antikapratika
20160601	com.antiquaimages
20165773	com.antirealworld
20169072	com.antjevelsinger
20173760	com.anton-et-dirndl
20185587	com.antrag-pro
20185599	com.antragstellung
20199946	com.anwalt-immobilien
20199985	com.anwalt-oldenburg
20218105	com.anywherelux
20222892	com.aoa-its
20242832	com.aoonthetraveller
20282385	com.ape-electric
20286825	com.apeopledirectory
20310177	com.aphrodite-agency
20316310	com.apify
20325946	com.apklivestreamingbola
20357272	com.apostil-il
20387955	com.apple
20426225	com.appscrawler
20439184	com.aprender-alemao
20439297	com.aprenderalemao
20453311	com.apscape
20490360	com.aquapro2000
20506315	com.aqute
20511012	com.arab-deutschland
20511892	com.arabalmania24
20521332	com.arabtrvl
20522001	com.arac51
20545307	com.arbeit-schreiben
20545368	com.arbeiterfotografie
20545414	com.arbeitnow
20545544	com.arbeitsrecht-ansbach
20545545	com.arbeitsrecht-anwalt-duesseldorf
20549975	com.arboranalyst
20561574	com.arcadis
20572643	com.archdaily
20574855	com.archerbiz
20578182	com.archeviva
20578880	com.archi-guide
20589287	com.architekt-straubing
20596642	com.archvispro
20597373	com.archynewsy
20597403	com.archysport
20602731	com.arcotel
20610315	com.arcvizdesign
20620381	com.ardusimple
20663349	com.ari-magazin
20663358	com.ari-motors
20678793	com.arien-aus-stein-balduintreppe
20760977	com.arnemaus
20781075	com.aroui
20783770	com.aroundus
20794292	com.arquitetura-desenho
20797249	com.arrayedindreams
20802514	com.arrivalguides
20835288	com.artaurea
20847237	com.artcrossingborders
20853751	com.artedio
20855353	com.artegis
20861754	com.artenza
20873970	com.artgerecht-bauen
20878100	com.arthrex
20885366	com.artichox
20887725	com.articles-club
20890060	com.articsledge
20901431	com.artinfoland
20901828	com.artinmotionmunich
20911073	com.artista-online-marketing
20940496	com.artparcos
20941859	com.artports
20947644	com.artschoolofhumanrights
20950418	com.artsinmunich
20954103	com.artstadt
20954252	com.artstation-kw
20973846	com.arupjpaul
20989410	com.as-fachpartner
21074637	com.ashleyabroad
21181872	com.asklepios
21213929	com.asosuna
21217127	com.aspecialcompany
21218400	com.aspektdevelopment
21236693	com.asreal
21243235	com.assemblean
21243626	com.assembliesofimaginatives
21251239	com.assfina
21252706	com.assignment-support
21278546	com.astarpr
21285239	com.asthebirdfliesblog
21290602	com.astorhotelmunich
21292964	com.astraaccademy
21299389	com.astridgoeschel
21300841	com.astro-foren
21303677	com.astrodigi
21320340	com.asu-arbeitsmedizin
21328461	com.aswesawit
21336012	com.at-wire
21344178	com.atanango
21352087	com.atc-routesdumonde
21372702	com.atelierhaus-baumstrasse
21381304	com.atemschutzlexikon
21390906	com.athefashion
21451098	com.atlassian
21465926	com.ato-stendal
21466260	com.atobeach
21478987	com.atouchofbritishcharm
21481468	com.atozbookmarkc
21489458	com.atrevetesolo
21492628	com.atrnetworks
21500920	com.attackmagazine
21552563	com.au-pair-box
21592946	com.audiala
21603321	com.audioboom
21622181	com.auerhahn-affental
21625047	com.augenpraxis
21628134	com.augsburg-news
21631708	com.augustin-hotel
21634211	com.auhavre
21647422	com.aupairinamerica
21676381	com.aurubis
21679442	com.ausbildungspark
21681999	com.auslaenderaemter
21684452	com.ausschlaggebend
21684598	com.aussermayr
21694071	com.austindetours
21715055	com.autarq
21747447	com.autoankauf-zentrale
21747448	com.autoankauf-zuegig
21765135	com.autoeurope
21771589	com.autohaus-markus-hoeger
21799469	com.autopareri
21816170	com.autoservants
21828784	com.autoviatest
21899427	com.avantidestinations
21905532	com.avatarasprosthesis
21980350	com.avioelectronics-company
21982659	com.aviontourism
22030959	com.awa-hotel
22037461	com.awakentravels
22038841	com.awallisascreen
22044341	com.awatravels
22070744	com.awsrails
22075103	com.axa-schengen
22077309	com.axcento
22081536	com.axelspringer
22081840	com.axelzamudio
22082915	com.axes4
22091840	com.axisbd
22156002	com.ayzitbostan
22224987	com.azocleantech
22252691	com.b-europe
22256195	com.b-schaffer
22264079	com.b2bappointmentsetting
22265601	com.b2bheadlines
22266978	com.b2bpricelists
22268275	com.b2bwz
22282817	com.b928imz
22296563	com.babbel
22322680	com.babylonradio
22333669	com.bacamakine
22339034	com.bachelorarbeit-schreiben-lassen
22339039	com.bachelorarbeitenschreiben
22352569	com.backlinked
22354597	com.backonstudio
22359862	com.backstageclassical
22373868	com.bad-driburg
22385307	com.badestern
22391516	com.badlemonsdance
22398981	com.baedertec
22400027	com.baenadigital
22400312	com.baer-shoes
22403068	com.baffoundation
22454109	com.bahighlife
22476916	com.baidubookmark
22513995	com.bakelit
22517021	com.bakermckenzie
22565963	com.balkonkraftwerkaudit
22575950	com.ballondekoration-hochzeit
22576247	com.ballonsupermarkt-onlineshop
22589831	com.balticbusinessnews
22601441	com.bamboo-grows
22640934	com.bangbanggroup
22718063	com.barba-legal
22719595	com.barbara-bacher
22722962	com.barbaraholub
22735467	com.barbiegirltravelsarts
22740392	com.barcelo
22741546	com.barcelonaenhorasdeoficina
22762784	com.barhamon
22773450	com.barkowconsulting
22809231	com.barokesdesigns
22839564	com.barriersandborders
22880328	com.basflonmin
22892793	com.baskan-yapi
22897762	com.basko
22984892	com.bauen
22986351	com.bauerwilli
22986376	com.bauexperte
22986381	com.bauexperte-mueller
22986443	com.baufi-konzept
22986502	com.baufinanzierung123
22986822	com.baugorilla
22988589	com.baumbach
22988644	com.baumbad
22990047	com.baupiloten
22990379	com.baurspark
22990963	com.baustelle
22992308	com.bavaria-autoankauf24
22992956	com.bavarianopen
23021413	com.bayern-netz
23021445	com.bayern-seminare
23021454	com.bayern-sothebysrealty
23021459	com.bayern-startups
23028702	com.bayihaqie
23034119	com.baylfk
23047832	com.baypapier
23073564	com.bazaarfinder
23080217	com.bazgirisim
23092479	com.bbacommunity
23092629	com.bbaehre
23144285	com.bcdtravel
23226195	com.beafri
23231625	com.beamtenberater
23231634	com.beamtenservice
23235629	com.beanstocup
23256661	com.beatajulia
23258305	com.beate-koenig
23258526	com.beatemunding
23263731	com.beatrixfuhrmann
23272095	com.beauhurst
23304275	com.beautylikeus
23318926	com.bebackwhenever
23335131	com.becker-kerner-stiftung
23336045	com.beckers-beste
23338040	com.beckmannsys
23338129	com.beckmesser
23342410	com.beclimate
23343898	com.becomeanysemt
23350444	com.beda7882
23365343	com.beeasyintercambio
23372225	com.beeg-teens
23373267	com.beehiiv
23380203	com.beeograph
23383959	com.beerdrinkersguide
23384704	com.beergembira
23385309	com.beerkolobars
23387562	com.beertrips
23401412	com.begaym
23405341	com.begleiteter-umgang
23415788	com.behncke-architects
23434994	com.beisspony
23443116	com.bel-in
23447477	com.belarminopartners
23490100	com.belledangles
23494785	com.belletage
23524502	com.belvicci
23533606	com.benambros
23568139	com.benischke
23616146	com.beratungpflege
23623270	com.bergedorfer-impuls
23625908	com.bergeundbier
23628789	com.bergwelten
23635453	com.berkeleypr
23637021	com.berklix
23640537	com.berlin-gurashi
23640550	com.berlin-hilft
23640924	com.berlin-unfallgutachten
23641934	com.berliner-stadtplan
23642007	com.berlinerbranchen
23642826	com.berlinlogs
23642835	com.berlinlovesyou
23643356	com.berlinsbi
23652511	com.bernhard-reise
23652539	com.bernhard-wessling
23655332	com.bernstein-group
23668273	com.beruf-passgenau
23668475	com.beruhmtstern
23671255	com.besassique
23671643	com.bescheinigung-aktuell
23672814	com.besetzungvon
23674630	com.besitec
23676095	com.besocialscene
23700730	com.bestbauhaus
23725446	com.bestehausverwaltung
23727971	com.besteuropeanchristmasmarkets
23734202	com.bestfsboguide
23741967	com.besthotelsplus
23752001	com.bestlifeonline
23778362	com.bestrankbacklinks
23780584	com.bestretailcases
23818896	com.beta-automatisierung
23861010	com.betmgm
23873241	com.betriebs-berater
23883135	com.better-dressed
23919944	com.betzlbacher
23920748	com.beukenberg
23925008	com.beverleyjackson
23928468	com.beverlyweekly
23942276	com.beyonce-legion
23942469	com.beyond-assets
23942922	com.beyond-history
23953619	com.beyondsurfing
23973452	com.bflixmedia
24007610	com.bharatsanssar
24025249	com.bhpowell
24033487	com.bi-forstenried
24047919	com.bibifans
24053582	com.biblia-arabica
24076418	com.bieglo
24076879	com.bielefeld-news
24077842	com.bien-voyager
24105366	com.bigbrotherawards
24152996	com.bigseventravel
24160387	com.bigthink
24197416	com.bilder-hamburg
24198385	com.bildungsheldinnen
24199258	com.biletbayi
24201812	com.bilgiveteknoloji
24218815	com.billionairepost
24248215	com.binary-report
24254425	com.bindungstrauma-therapie
24273585	com.bio-honig
24282395	com.biodesodor
24289605	com.bioguia
24319807	com.biowadimed
24320040	com.bioweinreich
24321055	com.bip-accelerator
24348311	com.birratravel
24356088	com.bis-school
24361857	com.bishop-gmbh
24379455	com.bitboost
24390622	com.bitcoinrealestatebroker
24406607	com.bito
24417311	com.bitsandpretzels
24428695	com.bitterbooze
24456607	com.biyoubiz
24471056	com.biznopedia
24551891	com.black-palms
24552109	com.black-sabbath
24590494	com.blacklane
24626625	com.blackzerolife
24655531	com.blau-hamburger
24655870	com.blauerbote
24669891	com.bleib-stark
24669947	com.bleibwacker
24686185	com.bleymehl
24712349	com.blitzeranwalt
24747531	com.bloggeratlarge
24760729	com.blogspot
24763111	com.blogvacanza
24766169	com.blomstein
24805816	com.blubbsoft
24809110	com.blue-moon-fans
24810219	com.blue-water-dive
24830042	com.bluedoc
24843042	com.bluehomes
24888125	com.bluetenbande
24939070	com.bmw-schmidt
24951104	com.bnesim
24964242	com.boa-constrictors
24969234	com.boardinghouse-hamburg
24969240	com.boardinghouse-oberding
24989311	com.bobbittville
25000275	com.boblinks
25017844	com.bockmuehl
25058043	com.boerding
25105866	com.bolgernow
25114675	com.bolsadeemulher
25161008	com.bonn-news
25179576	com.bonzza
25194775	com.bookfreedivingretreats
25200165	com.bookiraj
25200848	com.bookitlist
25205243	com.bookmarkoffire
25205703	com.bookmarktravel
25221585	com.booktryst
25243076	com.boostlinkpopularity
25248978	com.bootlegbetty
25250330	com.bootsausbildung
25252017	com.bootstrapinsider
25264792	com.borderlessadventures
25302329	com.bosporusbasa
25314086	com.bostelbek
25327511	com.botanical-garden
25330452	com.botanypunk
25334394	com.bothshunde
25375220	com.bourse-des-voyages
25378923	com.boutique-pilates
25406492	com.boxerpumps
25413385	com.boxspring
25420284	com.boye-co
25431212	com.bozkurt-babur
25476016	com.bragsocial
25485704	com.brainlab
25485917	com.brainlight
25495133	com.brald
25496769	com.bramfeldsbestchoice
25497999	com.bramsel
25529676	com.brandsimpli
25532577	com.brandtouch
25553300	com.braun-windturbinen
25553873	com.braunschweig-news
25564164	com.brawa-photo
25573764	com.brazzotech
25611526	com.breitbart
25611868	com.breitsamer
25613706	com.bremenize
25641598	com.brewminate
25642301	com.brewscruise
25668544	com.brick-up
25701619	com.brigadegame
25741671	com.brink4u
25741908	com.brinkertlueck
25766385	com.brittanymcanally
25767670	com.brittarettberg
25800281	com.broeckers
25800631	com.broemme-schneiderlein
25824493	com.bronythemovie
25842592	com.brookstonbeerbulletin
25856641	com.browardpalmbeach
25874291	com.brraevents
25883183	com.bruchnotransporte
25892635	com.brunner-hof
26011190	com.buchatlas
26022233	com.buckscountybeacon
26024133	com.bucktownbell
26032658	com.buddybeds
26036651	com.budgetair
26037449	com.budgetbucketlist
26045068	com.budsandstoners
26050955	com.buenosaireseye
26051986	com.buerger-helfen-buergern
26052029	com.buergergutachten
26052591	com.bueroreinigunghamburg
26092794	com.buildingradar
26154383	com.bulliblog
26167666	com.bumerang-kaufen
26180364	com.bunderla-sax
26185522	com.bundnet
26191422	com.bungi
26211875	com.bunt
26212351	com.buntegalerie
26217937	com.buongiornomonaco
26230073	com.burda
26252478	com.burning-rooster
26274833	com.buschfeld
26281962	com.businesinc
26282888	com.business-deutsch
26283448	com.business-geomatics
26284241	com.business-netz
26284562	com.business-punk
26310242	com.buskercentral
26311952	com.busreisen
26318216	com.busworldblog
26336396	com.butterflyslabs
26343642	com.buvosszakacs
26345130	com.buxtehude-ferienwohnung
26409126	com.buyweedonlineinvienna
26417605	com.buzzi
26438943	com.bwidmer
26471715	com.byemyself
26539584	com.bytebizz
26542687	com.bytesoftwo
26550830	com.bz-businesscenter
26560609	com.c-by-kitty
26605935	com.cablecarworld
26623485	com.cad-schroer
26635277	com.cadslist
26640582	com.cafe-arte-muenster
26659874	com.cafeviagem
26661078	com.caffecaffi
26672746	com.cagobike
26728355	com.cajon-kaufen
26736415	com.cakirbeyliprojetasarimlari
26755004	com.calendarena
26756284	com.calenso
26759504	com.calgaryisbeautiful
26825756	com.calzareth
26828522	com.camarabilbao
26849351	com.cameratahanseatica
26854384	com.camgaroo
26855191	com.camiahaber
26875948	com.campbelllawobserver
26880199	com.camperisti-italiani
26880239	com.camperjournal
26880642	com.camperscanner
26936788	com.canarymedia
26948042	com.candanmedical
26977460	com.canini-hundekita
27028155	com.canoeicf
27043416	com.cantoneseingermany
27047383	com.canvas-world
27073597	com.capgemini
27111770	com.captain-frank
27158482	com.cardboardmom
27184133	com.careerinfos
27192873	com.carejoydental
27207210	com.carhandling-campus
27212698	com.caribeda
27238836	com.carlosdeory
27254344	com.carmelstreetscenes
27269577	com.carnets-de-balades
27269709	com.carnetsdepolycarpe
27273536	com.carnifest
27325324	com.caroline-and-stephen
27331991	com.carolinegracewatkins
27350509	com.carosclass
27350586	com.carosin
27352656	com.carpaeducation
27354988	com.carpassion
27395700	com.carryyygum
27404483	com.carsten-nolte
27415938	com.cartlyapp
27448975	com.casahommi
27456374	com.casamuc
27522281	com.casinolegalch
27545261	com.casita
27585195	com.castlesandchocolate
27613587	com.categoryhierarchies
27621469	com.cathaypacific
27639780	com.catonium
27697995	com.cbmonzon
27704141	com.cbsnews
27709289	com.cc-nippon
27716248	com.ccc-munich
27723689	com.ccg-gutachten
27731513	com.ccm-europe
27743201	com.cct-seecity
27764616	com.cdj-bouffort
27824692	com.ceifx
27836022	com.celahkotanews
27866435	com.celebritystylelife
27884882	com.cellcare1
27885923	com.cellesim
27903734	com.cenacom
27935061	com.centralnicreseller
27943514	com.centrechretienamos
27949111	com.centricrealtyservicesorlando
27964024	com.centurion-magazine
27988076	com.cerenoran
28005392	com.certof
28006143	com.certuslogistik
28038246	com.cfmoller
28055632	com.cgate-logistics
28102819	com.chaletdorf-zellamsee
28119166	com.champagne-characters
28148562	com.changing-hospitality
28156909	com.channelnewsasia
28212835	com.charlesdickends
28217177	com.charlesspot
28260890	com.chasingwhereabouts
28329404	com.chauffeurservice-munich
28368231	com.checkinclockin
28377757	com.cheer-mania
28411003	com.chemisch-nickel
28426047	com.chenxutan
28431314	com.cheriorange
28443661	com.cherylhoward
28449770	com.chessbase
28464207	com.chez-fadi
28466447	com.chezlameremichel
28487293	com.chicagomag
28506097	com.chicover50
28511337	com.chiemgau-news
28511453	com.chiemseeplaette
28512950	com.chiff
28516650	com.chika-aruga
28523978	com.children-for-tomorrow
28526634	com.childrensermons
28535704	com.chillisauce
28581276	com.chinatungsten
28633160	com.chocobrain
28654693	com.choosearecipe
28669222	com.chouette-calendrier
28670797	com.chowandchatter
28674599	com.chrirau
28679856	com.chrisceder
28696602	com.christ-logistik
28709057	com.christianberst
28743073	com.christinakey
28753286	com.christkindlmaerkte
28756492	com.christmasmarketsgermany
28756493	com.christmasmarketsineurope
28756937	com.christmaspleasure
28759283	com.christophbrech
28762809	com.christopherfountain
28765507	com.christopherquente
28767576	com.christophkrause
28769233	com.christundpartner
28781534	com.chrononautix
28800534	com.chuhaiya
28825679	com.ci-commerce
28833531	com.ciaobambino
28842187	com.ciceru
28844439	com.ciclosfera
28858673	com.cigdemguven
28869124	com.cimne
28869910	com.cimunity
28870131	com.cinaatiti
28872824	com.cincinnatimagazine
28905993	com.circa67
28915822	com.circular-city-challenge
28918519	com.circus-parade
28926506	com.cisco
28935582	com.cities-today
28950618	com.citybottles
28956490	com.cityhomemunich
28959323	com.citymayors
28965716	com.citypizza-arnstadt
28968779	com.cityspotters
28968950	com.citystarlings
28970093	com.citytourcard-muenchen
28971232	com.cityvoyagerhub
28971528	com.cityweft
28972528	com.cityzapper
29008025	com.clage
29010293	com.claimsforce
29025501	com.clarahenssen
29046121	com.clarus-am
29063323	com.classicrockhereandnow
29063346	com.classicrockmusicwriter
29067077	com.classifile
29067208	com.classik-hotel-collection
29078450	com.claudiaontour
29092685	com.clay-foam
29158900	com.cleantechverdict
29169606	com.clearlyandsimply
29184379	com.clemensschuster
29184414	com.clemensvdlinden
29196549	com.clever-invoice
29197343	com.cleverciti
29220006	com.clientsbee
29228242	com.climatecite
29228817	com.climateflux
29230297	com.climatetruth
29272843	com.clockodo
29367566	com.clubamdonnerstag
29372859	com.clubdesk
29378914	com.clubic
29437295	com.cnabke
29479907	com.co-ownership-property
29501057	com.coachyourmarketing
29516792	com.coasterbuzz
29534365	com.cochastyle
29549914	com.cocolog-nifty
29550989	com.cocon-kids
29598293	com.coffee-fellows-hotels
29642385	com.cokgormus
29654469	com.coldsoulsthemovie
29668857	com.colibritraveltours
29690859	com.college-contact
29711068	com.cologneweb
29712180	com.colombiacheck
29736821	com.colorline-arena
29754405	com.columbista
29760652	com.com-online
29762010	com.comacon-magazine
29778200	com.comentarium
29784183	com.cometoeast
29784217	com.cometogermany
29800083	com.cominghomemag
29806382	com.commclubs
29815918	com.commercialuavnews
29830056	com.communico-event
29844270	com.comp-fu
29862127	com.compassroam
29881802	com.composercoins
29883063	com.compositiv
29890264	com.comprenders
29907537	com.comssol
29926092	com.concerts50
30001034	com.connexion-emploi
30001041	com.connexion-francaise
30009614	com.conplore
30012057	com.conradamber
30021395	com.conserious
30021772	com.conservapedia
30027741	com.consol
30051659	com.consulta-europa
30071188	com.containerdienst-shop
30075092	com.contemporaryand
30085980	com.continental
30136316	com.cool-cities
30139179	com.coolbrandz
30152587	com.cooltrackuae
30184773	com.copy21
30188170	com.copyriot
30191674	com.corabuhlert
30214623	com.coremedia
30218203	com.coreszon
30233715	com.corneliusgesing
30251971	com.corphedge
30277767	com.cortina-consult
30289619	com.cosima-jewel-interior
30304827	com.cosmos-escorts
30321403	com.costumet
30325542	com.cotelangues
30329023	com.cotrino
30348486	com.counterextremism
30350554	com.countingdownto
30365704	com.coupleofmen
30409597	com.covidlake
30410398	com.covies20
30427630	com.coylehospitality
30453075	com.cpkmfg
30460939	com.cpsgermany
30500673	com.craftingentanglements
30502038	com.craftmastergrowlers
30541951	com.crazyhotfuck
30570889	com.creatingreallyawesomefunthings
30590947	com.creativelunchclub
30632002	com.cremeguides
30633012	com.crenet
30636352	com.cres-consult
30662028	com.crimewatchonlinenews
30669260	com.criscosmo
30677642	com.cristianosendemocracia
30678025	com.cristianweiss
30678324	com.cristina-torrecilla
30705834	com.cronos-software
30732329	com.crosstrans
30766269	com.cruisingmatze
30777936	com.crwflags
30836676	com.cs-mm
30875111	com.csspress
30911345	com.cuarteto-rotterdam
30925504	com.cuckoldsdiary
30954163	com.cultureactivities
30958711	com.culturizando
30958794	com.cultursmag
30980237	com.curatedcover
30986462	com.cureosity
30987487	com.curexmarketing
31086541	com.cvent
31113938	com.cy-sensors
31136286	com.cyberwald
31192821	com.czyborra
31210814	com.da-sind-wir
31214779	com.dabbrias
31218710	com.dachau-tour-guide
31218859	com.dachdecker-schulze
31219727	com.dachtheater
31223144	com.dadapress
31223243	com.dadarobotnik
31237295	com.dafteejit
31243761	com.dahlercompany
31247325	com.daichepartiamo
31255986	com.dailybibleteaching
31262637	com.dailykongfidence
31280491	com.daisyvega
31341847	com.danceforyou-magazine
31382751	com.daniela-bleymehl
31385211	com.danielasabina
31394601	com.danielle-berg
31419701	com.danny-kurz
31421018	com.dannyfinnegan
31423350	com.dannysrad
31423792	com.dannywandeltphotographer
31513729	com.darnna
31526667	com.das-abitur-nachholen
31526866	com.das-explorativ
31527207	com.das-q
31528116	com.dasbaderhotel
31535171	com.daslebenistbunt
31536641	com.dasstinknormaleleben
31537681	com.daswetter
31551321	com.datarella
31560126	com.datfid
31584693	com.david-frank
31586769	com.davidaltrath
31601279	com.davidjanecek
31607118	com.davidmihm
31703970	com.db-engineering-consulting
31704965	com.dba-bau
31731391	com.dcopla
31738383	com.dd-c
31753015	com.de-academic
31753207	com.de-bg
31757115	com.deaconbill
31760684	com.deadlyreads
31799380	com.deborah-mueller
31808699	com.debtist
31812809	com.decaonline
31825633	com.deco-pack
31831305	com.decor8blog
31851267	com.deepbeer
31878590	com.deftboy
31886082	com.dehraduntempotraveller
31886944	com.deichjodler
31888051	com.dein-finanzkompass
31888185	com.dein-messestand
31888200	com.dein-optiker
31888256	com.dein-shuttlebus
31888630	com.deine-solaranlage
31888754	com.deine-vier-waende
31891933	com.deinreiseberater
31916801	com.deko4seasons
31919970	com.dekoration-dresden
31924365	com.dekuzu
31935354	com.delegibus
31937081	com.delfindivers
31947645	com.delilerkoyu
31953876	com.dellentechnik
31957373	com.deloitte
31975084	com.deluxetraveladvisor
31990247	com.demokratieundvielfalt
32003039	com.dengetextil
32013877	com.denkspa
32048419	com.dentalproductsreport
32078360	com.depositphotos
32082782	com.der-koenig-der-loewen
32082880	com.der-metronom
32083203	com.der-verkaufsoffene-sonntag
32090741	com.derheiko
32090742	com.derheilkrauthase
32092905	com.derkoenigderloewen
32093183	com.derlkw
32095167	com.dermapixel
32100021	com.derreisefuehrer
32101946	com.derstartupcfo
32112241	com.descubraportugalreceptivo
32125338	com.desibuzzbc
32126560	com.design-bad
32128650	com.design1096
32143612	com.designkunst
32159109	com.desk-sprachkurse
32168373	com.dessinemoimunich
32170324	com.destinamedia
32170729	com.destination-munich
32173900	com.destinationwwii
32175249	com.destinomunich
32185231	com.detektei-detegere
32185331	com.detektive
32194049	com.deubzer
32195598	com.deutsch-coach
32196214	com.deutschebahn
32196216	com.deutschebahnconnect
32196243	com.deutscheblog
32196318	com.deutschedu
32196613	com.deutscher-webkatalog
32197063	com.deutschland-information
32197176	com.deutschlandinenglish
32197213	com.deutschlandreform
32197235	com.deutschlandseo
32207617	com.developpez
32226345	com.devrijdagavond
32238302	com.dexter-health
32246390	com.dfds
32328128	com.dialogzentrale
32342205	com.diana-tours-munich
32359617	com.diariosviajes
32366457	com.dica-da-hora
32381631	com.die-bekleber
32381796	com.die-digitalen
32382348	com.die-kletterer
32382574	com.die-nachrichten
32383159	com.die-wechseljahre
32383240	com.die-zahnarztempfehlung
32383708	com.dieblaue24
32388316	com.diegostefanacci
32389225	com.diehundezeitung
32392973	com.dienstleisterverzeichnis
32417295	com.digileaders
32417685	com.digilog-transformation
32423775	com.digital-bau
32424834	com.digital-geography
32425456	com.digital-management-group
32425789	com.digital-now
32429879	com.digitalbengaltv
32432539	com.digitalcomicnews
32435476	com.digitaldruck-sachsen
32438796	com.digitalgepflegt
32441952	com.digitalitaet
32447275	com.digitalmobilities
32450322	com.digitalpitaa
32469230	com.dijaspora2go
32481679	com.dimaspratama20
32509478	com.dinter-verlag
32516564	com.diploma888
32527133	com.directoalpaladar
32535701	com.dirndlkitchen
32541479	com.dirtypath
32543645	com.disabilityhorizons
32558052	com.discover-bavaria
32561118	com.discovergermany
32585468	com.dispute-resolution-hamburg
32587252	com.dissemination
32599628	com.distrowatch
32606247	com.divan-of-song
32611320	com.divergenttravelers
32640877	com.diydekoideen
32650060	com.dj-muenchen
32650146	com.dj-oldenburg
32687619	com.dkwpnv
32716523	com.dlubal
32727647	com.dmexco
32735090	com.dmrtravel
32758117	com.dobernator
32763114	com.doccheck
32764876	com.docgoy
32767191	com.dockracewear
32784049	com.doctorstalents
32824127	com.doitsu-dayori
32824131	com.doitsu-joho
32824144	com.doitsugo-e
32828940	com.doktorungezirehberi
32835462	com.dollar-cost-averaging
32846574	com.domagkateliers
32869865	com.dominikamon
32936368	com.donkorea
32939919	com.donnakirkland
32957531	com.doodance
32971749	com.dora-pejacevic
32977451	com.dorfbladl
32977515	com.dorfgemeinschaft-lueckerath
32979717	com.doriopraca
32980732	com.dorisvetter
32981946	com.dormakaba
32981955	com.dormakabagroup
32988248	com.dortmund-airport
32994046	com.dosensport
33012028	com.doubledippingblog
33045619	com.downfromtheledge
33053160	com.downtown-mag
33059145	com.doxis
33064050	com.dpa
33080854	com.dr-bahr
33081153	com.dr-buettner
33082333	com.dr-hambarchian
33082458	com.dr-hempel-network
33084101	com.dr-nobis
33084768	com.dr-riemer
33086236	com.dr-zeller
33102543	com.dragonmistico
33121403	com.drasimhussain
33147348	com.dream-websites
33157706	com.dreaminmiles
33172406	com.dreferenz
33176668	com.dreso
33197321	com.dribrahimjalojalingo
33200239	com.drifttravel
33200707	com.driftwoodjournals
33214324	com.dritter-orden
33218469	com.drivemoxie
33222222	com.driverslicensesolutioncenter
33222230	com.driversline
33230028	com.drjessicahiggins
33230815	com.drjoachim-selle
33236767	com.drkevinlam
33239090	com.drkumarslifestyle
33264372	com.droneflyers
33264885	com.dronemasters
33270331	com.dropmark
33316007	com.drweigert
33323335	com.drywallkingston
33349169	com.dtelection
33358202	com.dua
33376806	com.duchessinternationalmagazine
33377382	com.duck-links
33386167	com.dudzus
33388075	com.duendebymadamzozo
33388943	com.duesseldorf-pictures
33393504	com.duhocducthanhgiang
33395725	com.duitslandvandaag
33400008	com.dulce-compania
33401103	com.dulcesservices
33406836	com.dumbpasswordrules
33432882	com.duplex-architects
33446117	com.dushanwegner
33469083	com.dvm-consulting
33559632	com.dytls
33570114	com.e-a-a
33587146	com.e-perez
33588175	com.e-q-t
33652683	com.earnanswers
33665128	com.earthnworlds
33666152	com.earthsattractions
33692570	com.eastphoenixau
33692850	com.eastpool
33700825	com.easy-plain-accessible
33700904	com.easy-quizzz
33701671	com.easy2surf
33710446	com.easyjet
33712879	com.easymovehamburg
33718632	com.easyterra
33737984	com.eavar
33773048	com.ebike-mtb
33799502	com.ecallejon
33803555	com.ecclesia
33825417	com.eclkontor
33827886	com.eco-business
33832041	com.ecoavant
33838158	com.ecoflow
33855578	com.econolite
33856303	com.economicalexcursionists
33869133	com.ecotriver
33870675	com.ecovis-kso
33871757	com.ecoxplorer
33871932	com.ecozept
33888258	com.edcosystems
33915916	com.edicomgroup
33933054	com.edkimo
33955588	com.educationaldestinations
33987945	com.edwardseuropeanmoving
33989055	com.edwardvictor
34009363	com.effekta
34014182	com.efi-de
34018552	com.efp-online
34021586	com.efua-traore
34021656	com.efuel-today
34038758	com.egovernment-podcast
34052337	com.ehotelag
34053204	com.ehrenamtmanagement
34057134	com.eibl-geigenbau
34058048	com.eichmueller
34058111	com.eichsteller
34061270	com.eigen-art
34061318	com.eigenartdigital
34061425	com.eigenheim-blog
34061428	com.eigenheim-magazin
34067865	com.eilbek
34071297	com.einerschreitimmer
34071999	com.einguterstart
34072665	com.einrichtungs-experten
34073527	com.einstieg
34073661	com.eintagmitpepa
34073877	com.einval
34078450	com.eissport-welt
34090913	com.ekb-containerlogistik
34095172	com.ekismo
34115118	com.elanco
34123260	com.elbdoerfer
34123274	com.elbe-cycle-route
34123554	com.elbeone
34123572	com.elberadweg
34123939	com.elbfit
34124373	com.elbkanzlei
34138996	com.eldiamanteescarbon
34143183	com.eleanorfrajka
34161561	com.electricvine
34172849	com.elefantenkuh
34180271	com.elektro-graser
34180395	com.elektro-koppen
34180663	com.elektro-smart
34182071	com.elektroschrott-entsorgung
34198324	com.elesion
34215710	com.elfacht
34228825	com.eliesbik
34234477	com.elinglanawas
34247314	com.elite-ninarose
34259131	com.eliteluxurynews
34260490	com.elitemusicnews
34282101	com.elizonyx
34289434	com.elladodelmal
34297990	com.ellensteinmuller
34307304	com.ellis-events
34312471	com.elmada
34319088	com.elmonensespera
34319108	com.elmonitorcr
34321422	com.elmundoesflipante
34329118	com.eloquia
34331178	com.elpais
34331891	com.elparaisodelcoleccionista
34341007	com.elrincondelacentralita
34346663	com.elsevier
34346730	com.elsevierpure
34350245	com.elstonmaterials
34359510	com.elviajeroglobal
34375033	com.emailschilder
34459996	com.emobilitysimplified
34466673	com.emove360
34498192	com.emslander-immobilien
34502450	com.emv-service
34504345	com.en-academic
34516343	com.enbw
34554105	com.energieberater-wagner
34586600	com.engageliverpool
34622166	com.engtechnica
34627890	com.eniano
34653363	com.enreach
34656076	com.enriquedans
34660362	com.ensembleresonanz
34669816	com.enterpriseintegrationpatterns
34672794	com.entertainthekids
34679499	com.entrefachasyrojos
34681693	com.entrepreneur-magazin
34687478	com.entscheidungs-coaching
34689634	com.envamedya
34703704	com.enziano
34714218	com.epages
34727481	com.epea
34800372	com.equipatgedema
34817138	com.erbrechtsinfo
34817169	com.erbsenprinzessin
34821504	com.erecbrehmer
34825877	com.erfurt-news
34856361	com.erinatlarge
34865132	com.erkundo
34865638	com.erlebnismeile-leonhardsviertel
34865696	com.erledigt24
34872867	com.eroicafenice
34885489	com.erticonetwork
34890598	com.es-academic
34897977	com.escalesromantiques
34902062	com.escapesanddiaries
34908736	com.escootershop
34909096	com.escort-dates
34920201	com.esd-security
34925810	com.esg-cockpit
34942122	com.esome
34963023	com.esprit-riche
34965159	com.esquibeltomillo
34966827	com.esri
34971032	com.essegi
34988931	com.estateinnovation
35009456	com.estrattoredati
35012289	com.estudarnaalemanha
35049379	com.etias-eutravel
35066854	com.etunum
35068824	com.eu
35082546	com.eura-ag
35082618	com.euractiv
35082701	com.eurail
35083581	com.euratlas
35087300	com.euro-leaders
35093169	com.eurofins
35093804	com.eurogames2027munich
35093852	com.eurogardi
35094570	com.eurohockey-hamburg
35095120	com.eurojob-consulting
35096840	com.euromentravel
35098697	com.europages
35099967	com.europe-driver
35100023	com.europe-for-travel
35101117	com.european-traveler
35102679	com.europeanhostels
35103526	com.europeanrailguide
35105141	com.europeforvisitors
35106364	com.europewineguides
35106521	com.europiantours
35106716	com.europlayers
35109412	com.eurostatistics
35109871	com.eurotalk
35110827	com.eurotradelink
35110969	com.eurotravelcoach
35111041	com.eurotrip
35126135	com.evankovich
35131990	com.evasion-online
35132131	com.evasionicral
35137090	com.eveeno
35138910	com.evely
35144191	com.eventandfestival
35153406	com.eventseye
35153466	com.eventsfox
35155485	com.eventukraine
35156356	com.eveofdiscovery
35173087	com.evershinecpa
35192266	com.evhcle
35221950	com.ewaldmario
35224717	com.ewelina-nowicka
35224779	com.ewelinanowicka
35229328	com.ewu-bund
35289920	com.expat
35290275	com.expatclic
35290304	com.expatcouch
35290610	com.expatica
35290771	com.expatlee
35290978	com.expatova
35291246	com.expatrio
35291349	com.expatschoolguide
35322807	com.expobaltic
35325311	com.exponentialtravels
35325945	com.export-autoankauf
35326548	com.exportersalmanac
35348539	com.extraincomesociety
35350730	com.extraspace
35351362	com.extravelgance
35356147	com.extremetracking
35359970	com.exzellsystem
35363565	com.eyec
35388817	com.ezigaro
35388956	com.ezilon
35429530	com.fabrice-nicolino
35437107	com.facadecolorizer
35439438	com.facebook520
35442576	com.facelounge
35447009	com.fachhochschulreife-nachholen
35447041	com.fachklinik-gaissach
35447187	com.fachuebersetzungsdienst
35456394	com.factsandfiles
35456710	com.factsmate
35465156	com.fafreesebike
35467785	com.fahr-rad-berlin
35468671	com.fahrschule-drivex
35468696	com.fahrschule-fahrwerk
35468792	com.fahrschule-juergens
35468852	com.fahrschule-manz
35469136	com.fahrschulewittmann
35480297	com.fairmaster-konzept
35480684	com.fairmontmoments
35481379	com.fairobserver
35505774	com.falconblades
35510417	com.falkenberg-photography
35520234	com.famedly
35520313	com.famefact
35523200	com.familiasenruta
35523287	com.familiasviajeras
35524493	com.familieslovetravel
35525722	com.familotel
35531458	com.familyfocusblog
35539239	com.familytreemagazine
35585139	com.fantasyaisle
35585831	com.fantasydining
35594737	com.farahbeauty-hamburg
35595903	com.farandwide
35596782	com.farawayhome
35597481	com.farbenergie
35597832	com.farbleitsystem
35599037	com.fareastfisheries
35614359	com.farmalierganes
35646391	com.fashionvictress
35648682	com.fassbiere
35655028	com.fastenurseatbelts
35657717	com.fastforward-magazine
35660174	com.fastlanemea
35682008	com.fattiretours
35686889	com.faustfestival
35694810	com.faxauthority
35711462	com.fbw-filmbewertung
35714807	com.fcbayern
35738244	com.feather-insurance
35741410	com.febi
35747816	com.federicateti
35758357	com.feelfarbig
35773757	com.feldenkrais-institute
35774601	com.feldtmann-kulturell
35777246	com.felicitygeorge
35780225	com.felix-hamburg
35781299	com.felixfriedlein
35784262	com.fellofish
35789170	com.femaleswitch
35795431	com.femtastics
35799619	com.fenelon-notredame
35809414	com.fenster-dachbleche
35809422	com.fenster-frankfurt
35818500	com.ferienbeginn
35818754	com.ferienhaus-guester
35819113	com.ferienhausgarmisch
35819348	com.ferientips
35819504	com.ferienwohnung-buxtehude
35819602	com.ferienwohnung-freising
35819751	com.ferienwohnung-koeln
35819812	com.ferienwohnung-mallesch
35820318	com.ferienwohnungen-manz
35820518	com.ferienzentrale
35820528	com.ferierejsen
35828373	com.fernandoraymond
35847364	com.festival-europe
35848527	com.festivalcambrils
35860489	com.feuerwehr-ausbildung
35860500	com.feuerwehr-bergheim
35860643	com.feuerwehr-museum
35862590	com.fewo-alpenblick-grafing
35862692	com.fewo-epfach
35863061	com.fewolipf-kramerblick
35870245	com.ffk-pr
35877658	com.fgmhesse
35879724	com.fh-finnholz
35879789	com.fh-mittelstand
35895689	com.fibalon
35915930	com.fidelibus287
35922568	com.fieldhouseadventures
35928796	com.fiestadelpisco
35936160	com.fiftytwofreckles
35955224	com.filingfriend
35957156	com.filipp-galerie
35964855	com.filmfutter
35966489	com.filmlocations-bayern
35967160	com.filmneweurope
35982104	com.finance-city-hamburg
35987922	com.financialexcellence
35992866	com.finanz-illuminati
35993486	com.finanzfunke
35993609	com.finanzjongleur
35993652	com.finanzmanufaktur
35993695	com.finanzplatz-hamburg
35993710	com.finanzquelle
35993767	com.finanzwesir
36002791	com.findawayabroad
36009987	com.findit
36029698	com.finetodesign
36034488	com.finishers
36040759	com.finnpartners
36041363	com.finnwentz
36047052	com.fintiba
36050016	com.fionagrond
36064409	com.firegeezer
36073169	com.firethy
36077238	com.firmenatlas
36077246	com.firmenbild
36077328	com.firmennamensschutz
36077354	com.firmensuche24
36163942	com.fiveglaciers
36172390	com.fixationz
36200821	com.flag-encyclopedia
36204925	com.flair-modemagazin
36205357	com.flairhotels
36205685	com.flairtownstudios
36224482	com.flatistahomes
36244197	com.flemings-hotels
36255620	com.flexofficeagency
36257303	com.flextriptravel
36263928	com.fliesenleger-hamburg
36267224	com.flightgift
36278743	com.flipsidepoint
36299158	com.flora33
36299900	com.floradent-magdeburg
36312444	com.florianrocker
36354285	com.fluctibus
36354292	com.fluctoplasma
36355449	com.fluentu
36357231	com.flugsimulator
36360747	com.flur-tec
36361348	com.flushingmeadowshotel
36365465	com.flvec
36367849	com.flyaeolus
36374017	com.flyhalfprice
36385061	com.flytap
36385623	com.flytographer
36385698	com.flytorelocation
36387515	com.flyxo
36405816	com.foamold
36406782	com.fobizz
36408469	com.focilmed
36410017	com.focus-training
36412913	com.focusinleadership
36418471	com.fogbugz
36419737	com.foglighting
36436468	com.fomomunich
36445032	com.fontaneriaycomercialyayo
36447364	com.fontsinuse
36448518	com.food-festivals
36450578	com.foodandtravelutsav
36453287	com.foodeology
36464424	com.foodtravelist
36483012	com.foratravel
36483075	com.foravisit
36496103	com.forelleundaesche
36496945	com.forensic-services
36520602	com.forgetsomeday
36539279	com.formstil
36544147	com.forococheselectricos
36552613	com.fortbildung
36558227	com.forthree
36572367	com.fortwoplz
36575233	com.forum-kind
36575743	com.forum-verlag
36579771	com.forurbanwomen
36582649	com.forwerts
36587321	com.fossler-haustechnik
36591748	com.foto-reiseberichte
36594522	com.fotogoals
36594850	com.fotografen-hamburg
36594864	com.fotografenwerk
36597150	com.fotokalender
36598865	com.fotoolog
36603807	com.foundahealth
36608831	com.foundhamburg
36624374	com.fourtwentyavenue
36624398	com.fourtwentytravelguide
36627674	com.fox112
36628539	com.foxandhoundsdaily
36630933	com.foxeducation
36631591	com.foxfirecamping
36634179	com.foxload
36651575	com.fr-academic
36665428	com.francais-du-monde-berlin
36665429	com.francais-du-monde-hambourg
36668681	com.franceitalybytrain
36671841	com.francesco-giordano
36675724	com.franchise-kaimug
36688173	com.frank-astor
36688362	com.frank-hagenow
36692927	com.frankgruber
36703739	com.frankwill
36709549	com.franziskaagrawal
36709873	com.franzjosefadrian
36712406	com.frasershospitality
36719162	com.fratuschi
36721062	com.frauen-magazin
36721893	com.frauhoeckner
36735261	com.freddys-urbane-bluesnight
36749631	com.freeadshare
36751086	com.freeartsofmovement
36775018	com.freeiransn
36782652	com.freemindedfolks
36803403	com.freestyle-artists
36822081	com.freewalkingtour
36826681	com.freewhitelabels
36839376	com.freiburger-bund
36839535	com.freicomp
36840014	com.freie-berufe
36840350	com.freieheilpraktiker
36840836	com.freiflaechen-photovoltaik
36850402	com.freihofwedel
36853852	com.freizeitblog
36862408	com.french-tourisme
36913363	com.freundinvonwelt
36921262	com.frida-von-d
36929487	com.friedrich-joerg
36941697	com.friendlystoners
36983815	com.frische-fische
36989735	com.friseurmeisterschule-rhein-sieg
37019326	com.frohnhaeuser
37036013	com.fromlusttilldawn
37175162	com.fsdeveloper
37222560	com.ft-hattingen
37251083	com.ftrs-studio
37303133	com.fuehrerscheinn
37329102	com.fuhrerscheinkaufen-legal
37331805	com.fujideu
37349419	com.fulda-online
37370798	com.fumento
37372647	com.fun
37399511	com.funkyforty
37399648	com.funkygermany
37430773	com.fusi-ammann
37436050	com.fussballemspielplan
37436644	com.fussschule
37444012	com.futuratickets
37444639	com.future-ish
37445424	com.futureaerolab
37466918	com.fw-grossheubach
37469052	com.fwgp
37470964	com.fwtmagazine
37485422	com.fyrbear
37527295	com.gachgs
37537558	com.gaestehaus-angerer
37596067	com.galeriekanzlei
37599426	com.galiciaincoming
37646012	com.gamesbids
37676193	com.ganzheitliche-psychotherapie-hamburg
37676356	com.ganzinweise
37680049	com.gaoyy
37710957	com.gardenvisit
37713005	com.gardnerswebsite
37726925	com.gartarioo
37727454	com.garteninspektor
37727679	com.gartenteich-ratgeber
37727729	com.gartenvielfalt
37727756	com.gartenzeitung
37737521	com.gas-spring
37748297	com.gastronomie-ibaraki
37749196	com.gastwerk
37769106	com.gauverband
37775901	com.gaybayern
37776120	com.gayborhood
37779346	com.gaymapper
37782160	com.gaytube-twinks
37788106	com.gb-cambodia
37791682	com.gbdmagazine
37799894	com.gbyurtdisidanismanlik
37802007	com.gcauthority
37843487	com.gebhardt-architekt
37853322	com.geekoutyourworkout
37861362	com.gehlpeople
37862200	com.geigenbauernicolas
37866302	com.gel-net
37872443	com.geldwaeschebeauftragter
37952521	com.genesis-pro-life
37961664	com.genggobyos
37980417	com.gentletraveller
37984322	com.genussguide-hamburg
37988415	com.geocaching
37988892	com.geocitiessites
37993703	com.geographyrealm
37995204	com.geologenlauf
37999508	com.georgdaudrich
38008874	com.georgi-immobilien
38012177	com.georgian-consulting
38018007	com.geosplet
38020171	com.geovisualisierung
38021832	com.gera-news
38032133	com.german-breweries
38032139	com.german-business-etiquette
38032480	com.german-limousines
38032844	com.german02
38033945	com.germangenealogygroup
38033961	com.germangirlinamerica
38034299	com.germaninsights
38034372	com.germanizando
38034847	com.germanonlinetests
38034946	com.germanpedia
38035491	com.germansights
38036188	com.germanwithantrim
38036295	com.germany-finance
38036329	com.germany-life
38036332	com.germany-living
38036512	com.germanycompass
38036527	com.germanydestinattions
38036546	com.germanyexpats
38036570	com.germanyfocusguide
38041809	com.geruest
38043193	com.geschichteinchronologie
38043198	com.geschichten-haus
38051968	com.gesundheit
38051991	com.gesundheit-im-leben
38051998	com.gesundheit-ist-wichtig
38052103	com.gesundheits-experten
38052143	com.gesundheitsamt
38052321	com.gesundheitsteam
38054695	com.get-nord
38070565	com.getcostidea
38073013	com.getdirecto
38073302	com.getdocumentsnow
38077207	com.getfireshot
38094593	com.getmentioned
38106585	com.getproof
38134275	com.gewerbe-anmeldung
38136213	com.gezengenc
38136341	com.gezgin
38136753	com.gezikumbarasi
38169217	com.ghloryaline
38175363	com.ghostwriter-castle
38175367	com.ghostwriter-erfahrung
38175562	com.ghostwriters-schweiz
38182854	com.giacomolayet
38215344	com.giga-infosystems
38243439	com.ginabolle
38279881	com.giornalettismo
38289894	com.gipuzkoadigital
38290956	com.giramondo
38297326	com.girlonazebra
38301285	com.girlstalkinsmack
38304581	com.girovagate
38305909	com.gisela-klausmann
38316265	com.github
38331346	com.givt-berlin
38361311	com.glanzlichter
38369993	com.glasstarzacher
38373539	com.glbexpress
38374380	com.glcnargs
38403011	com.global-hepatitis
38412358	com.globalcriticareambulance
38415883	com.globaleveryday
38419058	com.globalgraphics
38420366	com.globalhisco
38429530	com.globalpetsitter
38439301	com.globalsupercentenarianforum
38442310	com.globaltravelerusa
38444804	com.globalwikibio
38447936	com.globemee
38448553	com.globesearchjm
38453800	com.gloim
38460260	com.gloryflowershop
38473114	com.gls-fun
38476261	com.gluecksmatte
38476401	com.glued-laminated-timber
38511726	com.gmw-machine
38542571	com.go-eat-do
38543233	com.go-green-finance
38543286	com.go-guided
38548179	com.go2tr
38549014	com.go4motorhomerental
38549272	com.go4vet
38559092	com.goatsontheroad
38560775	com.gobasil
38572675	com.godaddy
38583280	com.godsavethepoints
38593954	com.goforeagle
38596601	com.gogeogo
38607413	com.going
38628247	com.goldenagetraveling
38633915	com.goldener-schaumloeffel
38661694	com.goldseiten-forum
38664747	com.goldstueck
38669473	com.golf-stories
38680742	com.golftage-muenchen
38680743	com.golftage-stuttgart
38696820	com.gonewiththefamily
38727681	com.goodnewseverybody
38741656	com.google
38742768	com.googleblog
38768896	com.gorlatova
38771938	com.goryde
38780881	com.gossipchimp
38801726	com.goudappel
38806619	com.gourmetontheroad
38813715	com.govolunteer
38820422	com.goyke
38822195	com.gozmanhof
38867874	com.grafana
38871896	com.grafkerssenbrock
38883092	com.grams-it
38918531	com.grantaura
38930596	com.graphitecova
38930830	com.graphity-consulting
38930971	com.graphixisland
38939842	com.gratkowski
38953710	com.grazersoft
38969621	com.greatfamilyvacations
38991505	com.green-magenta
39009175	com.greenetlocal
39033882	com.greenroofworld
39040193	com.greenstyle-muc
39044137	com.greenvacations
39060065	com.gregoryalanisakov
39071643	com.grettalouw
39082644	com.griechischefilmwoche
39096721	com.grinsestern
39108453	com.groenheijde
39122193	com.groundedtraveler
39122831	com.groundinggrid
39132506	com.groupemmedia
39149635	com.growoons
39163167	com.gruene-mitte
39163325	com.gruenerbaum
39163451	com.gruenfabrik
39165369	com.grundbuchamt
39166536	com.grunwald-energie
39172404	com.grupochapin
39183122	com.grupoprocess
39190474	com.gruselig
39191704	com.grwn-ups
39193849	com.gs-hub
39202489	com.gsis-hamburg
39214861	com.gt-worldwide
39289876	com.guerilla-marketing
39292006	com.guerriniisland
39298412	com.guiadealemania
39301325	com.guiavi
39303646	com.guide-to-bavaria
39306677	com.guidemate
39306871	com.guidemysocial
39338075	com.gum-consult
39352148	com.gunungbelanda
39369543	com.gussverriegelung-abele
39371505	com.gustavvonfranck
39373242	com.gutachter-herne
39373292	com.gutachterverzeichnis
39373667	com.gutdyckhof
39374314	com.gutezeit-film
39376154	com.gutscheinwerfer
39391393	com.gvw
39433705	com.gymsider
39474213	com.h-hotels
39482361	com.h2r-architekten
39500567	com.habersizseniz
39506510	com.habiger
39523929	com.habr
39527162	com.haccp-control
39540258	com.hackaday
39541021	com.hackathon
39541198	com.hackathonfinder
39545099	com.hackerevolutionduality
39560016	com.hafencity
39560026	com.hafencityzeitung
39560027	com.hafencup
39560067	com.hafenkompass
39560125	com.hafentheater
39562355	com.hagalil
39567975	com.hahn-david
39601519	com.haiyuanworkclothes
39604341	com.hajusom
39607655	com.hakitravels
39683613	com.hallo-ludwigsburg
39685959	com.hallogermany
39686140	com.hallomrkim
39713890	com.hambitious
39714144	com.hamborg-guide
39714161	com.hambourgparlespetitesrues
39714289	com.hamburg
39714313	com.hamburg-business
39714331	com.hamburg-convention
39714338	com.hamburg-dialawgue
39714387	com.hamburg-institut
39714407	com.hamburg-messe
39714447	com.hamburg-sehen
39714464	com.hamburg-symposium
39714482	com.hamburg-travel
39714504	com.hamburg040
39714527	com.hamburgartweek
39714626	com.hamburger-kunsthalle
39714662	com.hamburger-weihnachtsmarkt
39714800	com.hamburgeroriginale
39714887	com.hamburggezgini
39714894	com.hamburghafenrundfahrt
39714983	com.hamburgmediaschool
39714992	com.hamburgmumbai
39714998	com.hamburgnet
39715035	com.hamburgportconsulting
39715037	com.hamburgportraits
39755319	com.handklinik
39761810	com.handsoffthewall
39764582	com.handwerk
39770697	com.haneusagi
39770915	com.hanf-magazin
39771369	com.hanfried
39792387	com.hannalabita
39799155	com.hans-riegel-stiftung
39799315	com.hansa-worldwide
39800416	com.hanseatic-djs
39800524	com.hansecom
39800575	com.hansegolf
39801221	com.hansenebel
39802146	com.hansestaedte
39806723	com.hantermann
39810835	com.hao0039
39826796	com.happy-dates
39830257	com.happybeagle
39833769	com.happydealhappyday
39847726	com.happyseafood
39850414	com.happytowander
39862820	com.harbourfront-hamburg
39871741	com.hardrock
39924456	com.hartmann-science-center
39925419	com.hartrodt
39930197	com.harutoton
39937568	com.harzwagyu
39944444	com.hashtagbylily
39976182	com.haukerenken
39981161	com.hauntersmovie
39982178	com.haus-factory
39983266	com.haus-sanierung-info
39983827	com.hausarbeit-schreiben
39984044	com.hausbau-magazin
39985124	com.haushaltsmagazin
39985507	com.hausmagazin
39987268	com.haustechnik-reiser
39987585	com.hausverwaltung-koeln
39987968	com.hautarzt-glockenbach
39988177	com.haute-innovation
39989650	com.hautetfort
39997864	com.havens-living
40008509	com.haweko-group
40020041	com.hayatsorgusu
40039250	com.hbbig
40054307	com.hbs-abdichtungstechnik
40064931	com.hcc-magazin
40069977	com.hcm-realestate
40078509	com.hdbw-hochschule
40087937	com.hdruck
40095517	com.headhunter-europe
40111572	com.headyshot
40148714	com.healthonlinedegree
40172183	com.hearlore
40240508	com.hebamme-hamburg
40268012	com.heike-adam
40268287	com.heikepaul
40268541	com.heiko-hoehn
40269274	com.heilig-kreuz-apotheke
40269638	com.heilpraktiker-ergotherapie
40269673	com.heilpraktiker-online
40269678	com.heilpraktiker-physiotherapie
40269697	com.heilpraktiker-software
40269702	com.heilpraktiker-uwelilienthal
40269725	com.heilpraktikerin-freising
40269763	com.heilpraktikerinsolln
40269816	com.heilpraxis-maitri
40270078	com.heim-und-leben
40270534	com.heimatoffice26
40271251	com.heimstaden
40273175	com.heinzherrmann
40280740	com.helbling
40288991	com.helensite
40289951	com.helferkreis-asyl
40290151	com.helgaandheiniontour
40290786	com.heli-golf
40302829	com.hello-performance
40329581	com.helpling
40331637	com.helpservice-muenchen
40356118	com.henkelhiedl
40357894	com.hennecken
40358495	com.hennicker-schmidt
40389595	com.here
40425022	com.herlindekoelbl
40429792	com.hermesworld
40486425	com.herzensbild
40513521	com.hetuurwerkgezelschap
40515881	com.heurekaaa
40527496	com.hexaclickslab
40533790	com.hexat
40536167	com.hexerey
40546504	com.heyalter
40562535	com.heyiamnele
40738815	com.hibernian-recruitment
40745274	com.hic-consulting
40775890	com.hiddentraveltreasures
40801913	com.hificoncept
40811517	com.high-class-escortes
40813735	com.high-potential
40898284	com.highschoolneuseeland
40948454	com.hiking-buddies
40963936	com.hilfeverfahren
41151965	com.hisourcing
41155916	com.hispano-aleman
41159149	com.hist-chron
41176183	com.historycentral
41185173	com.hit-hamburg
41358851	com.hmc-reports
41499715	com.hobbyeoutdoor
41514414	com.hochschulnavigator
41515040	com.hochusvalit
41515545	com.hochzeitdiy
41516049	com.hochzeitsfotograf-in-muenchen
41516177	com.hochzeitsfotografie-in-muenchen
41529040	com.hocvienbaohiemvn
41540839	com.hoelig
41552366	com.hofmannfamily
41554989	com.hog-jarek
41568196	com.hohaiyan-arts
41599966	com.holafly
41628031	com.holiday-weather
41631045	com.holidayexpert
41631090	com.holidayextras
41631837	com.holidaygid
41698827	com.holly-suncare
41698828	com.holly-sunshade
41740815	com.hololight
41776604	com.homactu
41787157	com.home-of-solar
41788884	com.home-studios
41788958	com.home-team-campus
41794817	com.homeandjet
41808969	com.homecar24
41861089	com.homeiswhereyourbagis
41910288	com.homerunonwheels
41950100	com.homesolute
41981278	com.hometownherofilms
42006113	com.hommel-pharma
42098243	com.hopculture
42132656	com.horse-gate
42139027	com.horstschulte
42142263	com.hos-games
42156167	com.hostaway
42158454	com.hostelgeeks
42176049	com.hotel-belleblue
42181494	com.hotel-lutter
42182153	com.hotel-moosbichl
42186017	com.hotel-vollmann
42207697	com.hoteljules
42233677	com.hotelweberhof
42240260	com.hotmetalmoto
42252075	com.hotz-partner
42266372	com.houseofaproko
42293136	com.how-to-germany
42302456	com.howl-movie
42310940	com.howtohamburg
42313589	com.howtopronounce
42316273	com.howtravel
42320038	com.hp-beindorff
42321251	com.hpage
42337914	com.hranitzky
42353900	com.hsalem
42357132	com.hse
42366779	com.hsst-academy
42370826	com.ht-deutschland
42387748	com.huachawu
42401331	com.huataisteelstructure
42409518	com.hubbmediaentertainment
42414334	com.hubpages
42425754	com.huemmer
42449854	com.huk-immobilien
42477070	com.hunde-in-hamburg
42477266	com.hundefrisoer
42477281	com.hundefutter-vital
42477718	com.hundeschule-dogstep
42477862	com.hundeservice24
42478689	com.hundredseventysplit
42482342	com.hungryjetlagged
42523046	com.hvacgatineau
42558638	com.hydro-profi-line
42560165	com.hydrogenambassadors
42560787	com.hydrografix
42566260	com.hygge-haus
42576658	com.hyperallergic
42619951	com.i-m-l-s
42651399	com.iaa-mobility
42658273	com.iam-image
42661304	com.iamcanguro
42686886	com.iatiseguros
42692531	com.ibb
42692533	com.ibb-as
42695988	com.ibelsa
42708986	com.ibogainehub
42724490	com.icassct
42753475	com.icmsmt
42758569	com.iconic-awards
42773674	com.icydk
42795648	com.ideas-block
42802255	com.idemousvijet
42803844	com.identitycompass
42807504	com.idfmunich
42826990	com.idtodance
42830666	com.iearobotics
42866915	com.iglesiafavc
42869149	com.ignacioizquierdo
42877831	com.igotoworld
42891069	com.iheker
42891748	com.ihg
42893256	com.ihm-handwerk-design
42895416	com.ihr-malerbetrieb
42895786	com.ihrezahnaerzte
42905474	com.iis7
42912243	com.ijrajournal
42939319	com.ilbureau
42955130	com.illerhaus-marketing
42968989	com.ilonahusswalin
42983040	com.ilsole24ore
42983146	com.ilsoleitaliano
42984196	com.iltrattato
42984378	com.iltuocruciverba
43001365	com.imagetours
43021516	com.imcos-2017-hamburg
43038617	com.immely
43041409	com.immigrantsofamerica
43043445	com.immlifestyle
43044451	com.immobase-immobilien
43045558	com.immobilien-arena
43045751	com.immobilien-kg
43045915	com.immobilien-sis
43045929	com.immobilien-steiner
43046093	com.immobiliengutachtermuenchen
43046094	com.immobiliengutachterstuttgart
43046197	com.immobilienmanagement
43048136	com.immocom
43049194	com.immoportal
43071507	com.imperialteutonicorder
43076685	com.implenia
43086854	com.improem
43090364	com.impuls-gmbh
43093206	com.imren-consulting
43101646	com.in-arcadia-ego
43101738	com.in-berlin-brandenburg
43104431	com.in-vitro-diagnostik
43106339	com.ina-bach
43121410	com.incellagrotech
43140248	com.indefiniteadventure
43140562	com.indelibleadventures
43157855	com.indianchieftravel
43170678	com.indiecon-festival
43183635	com.indochinatravels
43202629	com.industry-press
43215662	com.inf-inet
43278201	com.inflame-events
43280468	com.influencejournal
43282978	com.info-centro-24
43284234	com.info-portalbg
43286775	com.infoblox
43294226	com.infomatech
43302857	com.informagiovani-italia
43311200	com.informationsspiegel
43340214	com.infrastructurepolicyadvancement
43356408	com.ingridholscher
43365241	com.initiation-project
43366973	com.injectionmouldingworld
43378658	com.inkontinenz-selbsthilfe
43385628	com.inlovewithhamburg
43387441	com.inmeditas
43397062	com.innazaytseva
43405848	com.innio
43408093	com.innoecos
43410063	com.innosabi
43411656	com.innova-supply
43413696	com.innovaphone
43418418	com.innovationsstarter
43423245	com.innovayaccion
43431544	com.inoutviajes
43435180	com.inpactmedia
43441949	com.inrix
43450172	com.inside-munich
43454135	com.insiderei
43467971	com.inspeerity
43501964	com.institutofeldenkrais
43513685	com.insurancerepublic
43519290	com.insyca
43520068	com.int-healthcare
43523099	com.intechcore
43530308	com.integrative-medizin
43536773	com.intel
43547653	com.intensivesenses
43551027	com.interactdialogo
43557724	com.interdidactica
43566923	com.interlace-hub
43568086	com.interlog
43569183	com.intermedium-rec
43571715	com.international-german-genealogy-partnership
43573627	com.internationalcircuit
43576440	com.internationalliving
43576778	com.internationalmeditrip
43579450	com.internationaltraveller
43583869	com.internetinnovators
43588220	com.internorga
43595847	com.intersystems
43597007	com.intervac-homeexchange
43606021	com.intimate-escort
43617932	com.intriper
43634053	com.invest-in-bavaria
43634071	com.invest-in-germany
43644980	com.investropa
43652697	com.invitrojobs
43653213	com.invocavit
43654348	com.involas
43662782	com.ioki
43672228	com.iotkoreamall
43680433	com.ipanovia
43709528	com.iq-security
43715064	com.iqul
43746389	com.irishtimes
43751031	com.irmasworld
43754833	com.ironandwine
43773315	com.irw-press
43776119	com.isa-germany
43786086	com.isadigitalteaching
43786154	com.isadoracanela
43788456	com.isam-hamburg
43789979	com.isaraum
43790089	com.isarey-document-attestation
43792765	com.isc-hpc
43798063	com.isel
43820997	com.isidorsfugue
43841043	com.iskyworth
43880929	com.isocietylabel
43882409	com.isohaus-dachdecker
43892681	com.isopaneele
43912012	com.israelakpan
43916967	com.israelnetz
43949180	com.it-fico
43949220	com.it-fortbildung
43955352	com.italia-qui
43959927	com.italiano-bello
43991343	com.ithelps-digital
43996142	com.itkoop
44004782	com.itr-anlagenbau
44005648	com.itravelforever
44005709	com.itravelnet
44024233	com.itstheglue
44031921	com.itwadi
44039811	com.ivan-s
44045062	com.ivario
44049940	com.ivg-ok
44052143	com.ivl-immobilienverwaltung
44072813	com.iwis
44083145	com.iym-dachau
44103229	com.j-lifte
44140559	com.jacksonlawinternational
44173970	com.jagdschein-info
44174267	com.jagdwindhund
44187911	com.jahnundjahn
44188460	com.jahrgang63
44195449	com.jailguide
44251642	com.jamieebooth
44260644	com.jams-hotel
44261737	com.jamtraveltips
44262986	com.jan-siefken
44263712	com.janadetroyer
44265386	com.janapapenbroock
44276908	com.janeobrien
44277310	com.janeredmont
44279335	com.janetcrowe
44286941	com.janina-ellen-sari
44287113	com.janinaroider
44290678	com.jankuck
44291564	com.janna-jirkova
44294662	com.janreinhardt
44295154	com.janschroder
44295279	com.jansen
44346615	com.jaspropertycare
44377164	com.jayoonchoi
44379293	com.jaysoftsol
44392750	com.jbe-platform
44406744	com.jcb-beschlaege
44414884	com.jclynmtrk
44418189	com.jcposselt
44445746	com.jeanguihenqueyras
44522972	com.jennysugar
44524195	com.jenreviews
44527326	com.jenswiesner
44527372	com.jenszygar
44556029	com.jessbergin
44562665	com.jessicabroscheit
44576781	com.jestemdawid
44584488	com.jetchartereurope
44585499	com.jetfinder
44586687	com.jetlevel
44589203	com.jetsetseeker
44608667	com.jf-lindewitt
44643216	com.jgdentallab
44653416	com.jgoot
44785764	com.jimtrunick
44801624	com.jingsourcing
44975092	com.jll
45001470	com.jmf
45053007	com.joachimruecker
45063732	com.joanvocals
45076061	com.jobbatical
45101960	com.jobsinmunich
45108067	com.jochenstrauch
45109373	com.jocomusic
45162994	com.johannangermann
45170915	com.john-consult
45177576	com.johnbarre
45205537	com.johnnyafrica
45207618	com.johnnyjet
45216053	com.johnphilp
45221686	com.johns-bavarian-tours
45244620	com.join
45250997	com.joinimagine
45252090	com.joinlifex
45253741	com.joinmytrip
45265954	com.jointgenerations
45275256	com.joinwithstan
45300743	com.jolrose
45306315	com.jonas-voigt
45330323	com.jongen-dettmer
45362280	com.jordanharbinger
45371949	com.jorendorff
45409519	com.josephundsebastian
45419097	com.joshswaterjobs
45436111	com.jotform
45444273	com.journalchc
45445508	com.journalistenwatch
45452694	com.journeyofdoing
45498648	com.jpc-pami-ru
45530951	com.jreichl
45545538	com.jroehm
45558330	com.js-ethniklothes
45571317	com.jsatheworld
45591578	com.json-content-importer
45596028	com.jssal
45607407	com.jt-borse
45641951	com.jucmusic
45650164	com.judithstoop
45659598	com.jufahotels
45661190	com.jugend-filmjury
45661209	com.jugendaemter
45661256	com.jugendgaestehaus-muenchen
45661365	com.jugendtrainiert
45661379	com.jugendwerk-hamburg
45682534	com.julianabicycleteam
45684644	com.julianegiese
45684652	com.julianegreb
45707280	com.julietbidgood
45749089	com.junipertours
45765298	com.jurawelt
45765355	com.jurcase
45770829	com.juschi-seifried-otte
45771428	com.jushayu
45774641	com.just-passing-thru
45775126	com.just-wanderlust
45778621	com.justapack
45786570	com.justellamaria
45825147	com.justtravelingthru
45831980	com.juwelier-software
45903011	com.jyk186
45944983	com.k-isom
45975630	com.ka-camp
46011359	com.kaffeelust
46011448	com.kaffeeservice24
46013614	com.kaganbalga
46014969	com.kageori
46107888	com.kaleidoscopeadventures
46140274	com.kalscheuer
46141920	com.kaltblut-magazine
46230503	com.kane-tsugu
46261822	com.kanigas
46303326	com.kanu-zum-fruehstueck
46307096	com.kanzlei-klaus
46307157	com.kanzlei-loesing
46314876	com.kapitalfrei
46335148	com.karalydon
46349085	com.karavdina
46352088	com.kardiologische-praxis
46377890	com.karinatungari
46394904	com.karoakpokiere
46425728	com.kaslanov
46427092	com.kaspersky
46467289	com.katherinebelarmino
46476585	com.kathrin-schaefer
46476651	com.kathrindilauro
46476854	com.kathrinlehmann
46491541	com.katicares
46500405	com.katisrezeptgeschichten
46500622	com.katja-huber
46500907	com.katjahinz
46505630	com.katriinatalaslahti
46528949	com.kauflokal
46541495	com.kavkazcenter
46543037	com.kavpolit
46558897	com.kayak
46618489	com.kbzk
46657198	com.kebabreporters
46676729	com.keepboomtech
46694359	com.keichel
46698649	com.keikoaoki
46754357	com.kempinski
46768070	com.kenista
46773798	com.kenmacbethknowles
46804275	com.kentikian
46837733	com.ker-mer
46862170	com.kerrisk
46896540	com.kettler-garden
46897537	com.keuchen
46905318	com.kevinklinkenberg
46917939	com.keybookmarks
46924260	com.keynest
46938607	com.keytobavaria
46949553	com.kf-education
46958309	com.kfo-stuttgart
46958323	com.kfo48
47051167	com.ki-convention
47051738	com.ki-trainingszentrum
47061182	com.kickassfacts
47083610	com.kids-world-travel-guide
47084361	com.kidsandsuitcases
47084624	com.kidsareatrip
47120643	com.kieferchirurgie-muc
47123334	com.kielkontrovers
47132163	com.kiez-und-kultur
47132196	com.kiezjungs
47152057	com.kikuyumoja
47207686	com.kimsvisions
47215466	com.kindergartenfotografie-muenchen
47215714	com.kinderhaus-ichunddu
47217424	com.kindervilla123
47217470	com.kinderwahnsinn
47239919	com.kingdomofkhan
47280596	com.kinofans
47282092	com.kinomuc
47315223	com.kirm-marketing
47326396	com.kisanpvcpipes
47349018	com.kisterl
47352467	com.kita-jobs
47352808	com.kita-sternenkinder
47352878	com.kita-villavivendi
47364010	com.kitazugspitze
47371513	com.kitchenstories
47380358	com.kitsuke-kyo-roman
47383871	com.kittyingermany
47396138	com.kiwi
47419622	com.kk-fire
47419926	com.kk-kinderreich
47439964	com.kkhotels
47443696	com.kkm-kreuser
47448551	com.kl-technik
47448946	com.klaar-design
47453284	com.klartextschule
47453378	com.klarwein
47453756	com.klasemenchampionship
47456515	com.klauskunze
47456577	com.klausmewes-master
47457231	com.klavierunterricht-rostock
47457416	com.klawanimmobilien
47462758	com.kleine-gesellschaft
47464690	com.klekoon
47466537	com.kletterwald-hamburg
47466577	com.klettwl
47468649	com.klickbeben
47481843	com.kloster-saarn
47482075	com.klosterkeller
47511688	com.kmh-dialog
47515632	com.kmoos
47542106	com.kneipe-hamburg
47544137	com.knietzsch
47555829	com.kniqoo
47561137	com.knoblauchpressen
47561260	com.knobsandwires
47605512	com.ko-te
47616265	com.kobrock
47619040	com.kochfreunde
47620215	com.kochschlampe
47631221	com.koenning
47631567	com.koerber
47631581	com.koerber-technologies
47631746	com.koerper-und-bewusstsein
47631881	com.koerpertherapie-hamburg
47632092	com.koesterblog
47636247	com.kogumahome
47639248	com.kohero-magazin
47666246	com.kokofeed
47683631	com.koliwer-engineering
47685564	com.kolmberger
47688211	com.kolupaev
47705216	com.kompaktdesign
47706519	com.kompoly
47706919	com.kompster
47711293	com.konbriefing
47717835	com.konigle
47739593	com.kontactr
47740903	com.kontextmaps
47741236	com.kontist
47768398	com.kopareykir
47801723	com.korrektheiten
47805116	com.koru-physio
47808044	com.koschmieder
47812709	com.kosmetik-katerina
47812755	com.kosmetik-pinsel
47816488	com.kostenloserechtsberatung
47823083	com.kotogoto
47886990	com.kpm-berlin
47910518	com.kraeutersegen
47916072	com.krambergai
47928641	com.kreativgeloest
47928998	com.kreativsquare
47930655	com.kreditrechner
47930802	com.kreditzentrale
47933740	com.krepsic
47936760	com.krick
47952991	com.kristenbellamy
47983125	com.kriticnamasa
48008507	com.kruemelbande
48009532	com.krugermagazine
48011178	com.kruiznik
48063524	com.ktaweb
48093281	com.kuajingshu
48098014	com.kubina-schlueter
48113092	com.kuechenlatein
48114176	com.kuetscher
48119149	com.kukfrankenberg
48122811	com.kuliahkechina
48125131	com.kultur-anzeigen
48126033	com.kulturladen
48126318	com.kulturtaenzer
48126347	com.kulturtutgut
48143674	com.kundengewinnung-im-internet
48143698	com.kundennote
48143730	com.kundentests
48156235	com.kunstartum
48156263	com.kunstbehandlung
48156824	com.kunstkulturlifestyle
48157085	com.kunstraumproarte
48158137	com.kununu
48160185	com.kupi
48172629	com.kursschmiede
48177604	com.kurumsalevhanimi
48178413	com.kurwan
48178753	com.kurzfilmfest-muenchen
48180323	com.kuschelundcarlos
48227454	com.kvgmbh
48228572	com.kvia
48341021	com.kyunslive
48421266	com.laberladen
48486764	com.lacornicheinterieur
48497415	com.laderasur
48499075	com.ladiesmakemoney
48528106	com.laecheln-und-winken
48528984	com.laender-lexikon
48536065	com.lafemmeduchef
48570068	com.lahojadealbahaca
48578186	com.laibolin
48717549	com.lamiradadelreplicante
48722821	com.lamoillehouse
48774605	com.landgasthof-karner
48818202	com.lang-photo
48833649	com.languageexperience
48834026	com.languagehat
48835797	com.languageonthemove
48892835	com.lap-consult
48904325	com.lapidphototravel
48927650	com.larahuppertz
48929878	com.larapaschke
48936046	com.larchlab
48958620	com.larsherbst
48965876	com.lasarz
48996789	com.lasi-info
49042602	com.lateralnord
49073984	com.latorredebarcelona
49081404	com.laufspass
49090598	com.laura-kaiser
49098671	com.laurakromminga
49127945	com.laurentrieppi
49133402	com.lausen
49135694	com.lavaei-cps
49154274	com.lavienblog
49171518	com.lawnrainsprinklers
49225432	com.lcg-media
49226684	com.lci-systems
49268209	com.leadfeeder
49270038	com.leadingculturedestinations
49281535	com.leadstories
49306725	com.leanderwattig
49326464	com.learndrivingtheory
49346811	com.leaschmihing
49346829	com.leaschulz
49372432	com.lebe-liebe-lache
49377811	com.lebenstraum-immobilien
49385603	com.leblogluxe
49394296	com.lecennth
49402238	com.lechtalps
49420945	com.lederbogen
49421064	com.lederhosenoutfit
49433506	com.leecoweb
49475903	com.legacytree
49477138	com.legal-cdn
49529746	com.lehrer-in-muenchen
49529747	com.lehrer-infoportal
49529907	com.lehrerohnegrenzen
49534066	com.leichtonline
49540660	com.leipglo
49541289	com.leisearch
49543912	com.leitour
49547646	com.lekhafoods
49600540	com.lemongreenteaph
49608235	com.lemonswan
49617648	com.lena-escort-muenchen
49620250	com.lenahesse
49644750	com.lentosuunta
49647170	com.leobeese
49671228	com.leonfoto
49672325	com.leoniekellein
49684082	com.lepetitchef
49685046	com.lepetitjournal
49701468	com.les-colonnades
49707710	com.lesannuaires
49713952	com.lescarnetsderoutedesophie
49715501	com.lescinqcontinents
49800102	com.lettenbauer
49848240	com.leverkusen
49875538	com.lexisex
49878023	com.lexolino
49896431	com.lgbtprime
49920675	com.lhotelpascher
49930323	com.lialo
49957866	com.liaosam
49960226	com.liarsliarsliars
49960485	com.liasaile
49980863	com.libify
49984423	com.libraryhours24
49990111	com.libsyn
49999822	com.licensedguntrade
50007148	com.lidarandaerialarchaeology
50021099	com.lienhard-drive
50025442	com.lieven-services
50032748	com.lifeavrupa
50042719	com.lifeinduesseldorf
50042847	com.lifeingermany
50059502	com.lifespainting
50061325	com.lifestyle-de
50102929	com.lighthousemedicalltd
50146172	com.like-start
50146649	com.likealocalguide
50149500	com.likesuccess
50158312	com.lilies-diary
50164289	com.lilly-laeuft
50177826	com.liman-fisch
50187686	com.limecreativelabs
50194748	com.limesoda
50205336	com.limousinenservice-muenchen
50213543	com.limsophy
50215670	com.lin-tcmpraxis
50236842	com.lindagoeseast
50249427	com.lindenhof
50260874	com.lindsaywincherauk
50273623	com.lines-and-dots
50287828	com.lingoda
50287992	com.lingoking
50288169	com.lingoni
50288245	com.lingopie
50299665	com.linie5
50301703	com.link-assistant
50315132	com.linkscolony
50330924	com.linteler
50334743	com.linux-abos
50334883	com.linux-magazine
50335823	com.linuxjournal
50335829	com.linuxjoy
50336195	com.linuxpromagazine
50355095	com.liontravel
50362915	com.liqrballoon
50378943	com.lisalouisecooke
50386994	com.lisbonjet
50392901	com.list-manage
50393400	com.listafriikki
50415456	com.literaturfestival
50459358	com.littletoro
50468672	com.livaid
50472516	com.live-website
50498367	com.livejournal
50528522	com.livespotting
50535610	com.livewire
50536449	com.liveworldwebcams
50539145	com.living-hotels
50539165	com.living-in-eu
50549628	com.livingnomads
50572122	com.livondo
50583933	com.lizandlou
50585652	com.lizblankenship
50599593	com.ljv-hamburg
50601194	com.lkaymodels-escort
50608209	com.llamarfuera
50634056	com.lloydsbanktrade
50678203	com.lnkintours
50679450	com.lnp-systems
50679732	com.lnqs
50705634	com.local-seo-agentur
50731576	com.localmanual
50747947	com.locavista
50749961	com.locize
50752029	com.lockeliving
50752791	com.lockerz
50769676	com.loebisch
50771178	com.loewen-umzuege
50779384	com.logbook-app
50785501	com.logik-idee
50790914	com.logistik-express
50791654	com.logivisor
50794639	com.logopaedie-sprechfreude
50795499	com.logosandtypes
50818885	com.lomakone
50820178	com.lombardini22
50833349	com.lonelyelk
50865090	com.look2net
50867952	com.lookinforjonny
50867964	com.looking-at-germany
50896590	com.lorenzos-welt
50911847	com.losapuntesdelviajero
50919666	com.lospaziodistaximo
50927730	com.lostplace-map
50927732	com.lostplacesart
50929743	com.losungenmathematik
50929971	com.losviajesdehector
50935542	com.lotsotravel
50964481	com.louis-hotel
50982801	com.loupiosity
51022323	com.lovesunpeace
51029441	com.loving-travel
51042583	com.lowreadymagazine
51043628	com.lowtechinstruments
51096354	com.lubitz
51098828	com.lucacasino888
51143399	com.ludditus
51147539	com.ludwig-edv
51148126	com.luebbenau-spreewald
51151892	com.luggageforward
51173755	com.lulonghotel
51199484	com.lunajets
51207449	com.lundbeck
51217812	com.lupocattivoblog
51225825	com.lust-auf-muenchen
51228964	com.luther-lawfirm
51236220	com.lux-glender
51236318	com.lux-mag
51257060	com.luxuryescapeplans
51260933	com.luxurypetsource
51263033	com.luxurytravelmagazine
51264340	com.luxuslove
51268767	com.luznegrajewelry
51273608	com.lvhs-hamburg
51304770	com.lymesymptoms
51346784	com.m-tectum
51368218	com.maas-architekt
51374933	com.mac-handel
51382593	com.maccon
51385664	com.macfilos
51419967	com.madamsorgan
51428524	com.madebybike
51432452	com.madeinalsace
51445951	com.madhouse-munich
51454725	com.maditavanhuelsen
51459799	com.madpath
51461661	com.madrid-berlin-idiomas
51484467	com.magazinusa
51500044	com.magicbavaria
51512753	com.magirusgroup
51519394	com.magneticshr
51521420	com.magnificentmess
51557496	com.maier-ferienwohnungen
51590211	com.maison-ebene
51597756	com.maisonjen
51623921	com.make-it-in-germany
51623923	com.make-it-in-munich
51630822	com.makemak
51672780	com.maler-konstanz
51677498	com.malik-management
51691490	com.malta-media
51704617	com.mamaontherocks
51714611	com.mammitkids
51721636	com.managed-ip
51738686	com.mandarinoriental
51739926	com.mandel-consulting
51745207	com.mandy-morello
51747722	com.manegesavendre
51763950	com.manicamerican
51771162	com.manitobateachersofgerman
51771934	com.manjacarlsson
51773368	com.mankiewicz
51777286	com.mannheim-news
51816276	com.mapcarta
51824038	com.maploco
51824722	com.mapofarchitecture
51825423	com.mappde
51828203	com.mapstr
51837358	com.marapollak
51841905	com.marbarca
51848347	com.marcboisbunon
51851034	com.marcelkeller
51855408	com.marcelomontes
51902535	com.marcosbox
51902899	com.marcoschreier
51915100	com.mare-no-blog
51917716	com.maren-mueller
51919742	com.marfaing-design
51927247	com.margitsacademy
51932250	com.mariabader
51949420	com.mariarui
51949479	com.marias-office-management
51951634	com.mariavaske
51956078	com.mariecarstens
51963585	com.marieundmichael
51974103	com.marinakrotofil
51985888	com.mariobehling
51993107	com.mariposa-edu
52008633	com.markazeafzaliya
52013604	com.markenanmeldung48
52013795	com.markenscan
52017280	com.marketercoffee
52020559	com.marketingaustria
52030810	com.marketrisehub
52050546	com.markt44
52050595	com.marktaktuell
52052882	com.markusdosch
52053669	com.markusreimer
52065715	com.marmotamaps
52077407	com.marriott
52079180	com.marrycation
52082287	com.marseille-airport
52095288	com.martenlange
52102163	com.martin-thoma
52102388	com.martina-hasseler
52102460	com.martina-rode
52111323	com.martinkaessler
52114394	com.martinrommersbach
52117970	com.martjeimkampe
52197961	com.massivhaus-unna
52226354	com.matadornetwork
52249507	com.mathildemag
52258286	com.matmeco
52270795	com.matsushima-it
52292633	com.matthughesphoto
52304118	com.matuete
52308233	com.maudeandrey
52327481	com.mavie-visuals
52352080	com.maxiview2000
52379297	com.mayflowercuisinier
52404099	com.mbbm-ind
52422491	com.mcafee
52430065	com.mccartney
52460469	com.mcm-muenchen
52471737	com.mcs-keller
52491222	com.mdpi
52540569	com.med-etc
52566048	com.meddrop
52571590	com.media-beats
52571933	com.media-gardena
52572743	com.media-trendy
52583805	com.mediasohg
52585370	com.mediation-wagner
52589220	com.medical-munich
52605157	com.medien-dienst-online
52605345	com.medienlb
52605369	com.medienmeister
52614268	com.meditation-muenchen
52617305	com.medium
52623306	com.medplattform
52636581	com.meerdavon
52636635	com.meereslinie
52637791	com.meet-bavaria
52642156	com.meetingmediagroup
52644793	com.meetmunich
52687373	com.meier-online
52693981	com.mein-deutschland
52693982	com.mein-diabetes-blog
52694058	com.mein-gesundheitsmagazin
52694380	com.mein-stuttgart
52694908	com.meine-erste-immobilie
52694968	com.meine-kita
52695710	com.meinfrankreich
52695961	com.meininger-hotels
52696602	com.meinungsbildung
52696768	com.meinwohnort
52697917	com.meirra
52713575	com.melanieschmidli
52716005	com.melazzini
52731541	com.melissamillermusic
52747621	com.meltemplates
52756917	com.memmerapp
52759821	com.memorialcardcompany
52763055	com.memorycherish
52768188	com.mena-watch
52778995	com.menify
52785375	com.menschenrechtverteidiger
52789192	com.mentalcoaching-hh
52816041	com.menufizz
52832717	com.meoweler
52837729	com.mepbau
52841705	com.mera-petfood
52844682	com.merantix-momentum
52848543	com.mercarsandiego
52848775	com.mercatini-natale
52861472	com.mercyofthesky
52878167	com.merlemischkeklee
52878260	com.merlerunge
52889731	com.mertbulan
52897062	com.mescoursespourlaplanete
52913002	com.meta-theater
52949635	com.metraindustries
52954713	com.metroetam
52960443	com.metropoltheater
52961296	com.metrosicherheit
52970163	com.mevoyalmundo
52977328	com.mexxsoft
52979935	com.meyouandtheworld
52980378	com.meyview
52996994	com.mgeimt
53000200	com.mgm-cosmetics
53000305	com.mgm-tp
53004470	com.mgs-ev
53012364	com.mhi
53019353	com.mi-mue
53040283	com.mic
53040457	com.mic-ro
53046389	com.michael-hoepfl
53046795	com.michael-mautner
53052472	com.michaelchristoph
53054790	com.michaelectric
53070891	com.michaelstapfer
53078215	com.micheldesvignepaysagiste
53162427	com.microsoft
53198275	com.midwesternerabroad
53198552	com.midwestfamilyfoodandfun
53208025	com.mietrecht-ansbach
53223859	com.mihapower
53276763	com.milelion
53288318	com.militaryingermany
53298721	com.millenniallandscaping
53322812	com.milviatges
53346408	com.mindbrainforum
53372757	com.mineralientage
53373566	com.mineralworldmunich
53382404	com.mingyanzhu
53385232	com.mini-car
53386575	com.miniatur-wunderland
53414967	com.minship
53420934	com.minubo
53427636	com.mipimworld
53434937	com.miracompanions
53450973	com.miriammargolyes
53459965	com.mirukome
53467729	com.mishabur
53471539	com.miskatonictheater
53475312	com.miss-leonie
53477519	com.missbonnebonne
53493222	com.missmerle
53502122	com.mister-seo
53503009	com.misterbeat
53505433	com.misterneo
53522113	com.mitkinderaugen
53530478	com.mitteldeutschland
53530490	com.mittelhaus
53531062	com.mitternet
53532146	com.mitvergnuegen
53532784	com.mitzwemakers
53533313	com.miumiu-unesco-cities
53534884	com.miviajeporelmundo
53576186	com.mkerala
53610399	com.mmdesignweb
53624278	com.mmusangeya
53624860	com.mmwerk
53633453	com.mnovum
53643366	com.mobesekamerasi
53645747	com.mobilane
53647905	com.mobile-zeitgeist
53662723	com.mobilityhouse
53662763	com.mobilityinstitute
53669256	com.mobycon
53672667	com.mochilerosdeviaje
53672668	com.mochilerosdospuntocero
53691660	com.moderatoren-agentur
53697233	com.modernextrusionworld
53702995	com.modernplasticsargentina
53702997	com.modernplasticsaustralia
53703009	com.modernplasticsireland
53703011	com.modernplasticsitaly
53703017	com.modernplasticsnepal
53703019	com.modernplasticsnewzealand
53703022	com.modernplasticsrussia
53703033	com.modernplasticsworld
53706469	com.modernworldman
53708510	com.modexglobal-edu
53719281	com.moebel-fischer
53719508	com.moebeltaxi81
53726621	com.mogista
53739250	com.moinakduttaauthor
53739486	com.moinliebe
53750830	com.moknis
53764536	com.molliemasonwellness
53773062	com.moma1890
53788815	com.momondo
53807027	com.monchval
53811043	com.mondediplo
53815249	com.monedasde2euros
53816310	com.moneseidel
53820153	com.moneybloggess
53822401	com.moneykig
53825177	com.moneysavingexpert
53825657	com.moneysource1
53826684	com.moneyweek
53837460	com.monikaschweighardt
53844236	com.monkeybrad
53899576	com.monteurmiet
53941228	com.moovit
53950085	com.more-fire
53955708	com.morenalibrizzi
54021597	com.mot-shop
54065699	com.motointermedia
54073407	com.motorhomeland
54074871	com.motoroeler
54075173	com.motorpasion
54075452	com.motorrad-kulturreisen
54075894	com.motorschaden-verkaufen
54076059	com.motorshowpr
54109102	com.move-and-study
54117057	com.movethenorth
54119760	com.movie-locations
54125514	com.movietvtechgeeks
54127589	com.moving-roadsafety
54127743	com.movinga
54146767	com.mpc-careers
54160142	com.mpu-doktor
54160176	com.mpu-sued
54160181	com.mpu-vorbereitung
54160193	com.mpu-zentrale
54161436	com.mqalaat
54167771	com.mrandmrssmith
54178592	com.mrfrostbite
54185169	com.mrknowing
54186685	com.mrlodge
54189364	com.mrmuenchen
54219337	com.msg-insurance-suite
54219347	com.msg-life
54230762	com.mspag
54264682	com.mtganeshutsav
54305336	com.mts-socialdesign
54341676	com.muc-blog
54356269	com.muenchen
54356270	com.muenchen-089
54356311	com.muenchen-pension
54356327	com.muenchen-sothebysrealty
54356334	com.muenchen-tango
54356353	com.muenchenarchitektur
54356360	com.muenchencoaching
54356445	com.muenchner-netz
54356450	com.muenchner-zeitung
54356654	com.muenzen-online
54378507	com.multi-board
54406600	com.mundowanderlust
54406860	com.mundus24
54408300	com.munich-airport
54408375	com.munich-folks
54408385	com.munich-guides
54408414	com.munich-jewels
54408415	com.munich-kids
54408418	com.munich-lifestyle-apartments
54408420	com.munich-limousine-service
54408426	com.munich-mash
54408432	com.munich-meetings
54408484	com.munich-tour-travel-guide
54408596	com.munichchauffeurservice
54408627	com.munichdriverguide
54408668	com.munichfutures
54408723	com.munichlimoservice
54408811	com.munichravens
54408847	com.munichshow
54408886	com.munichtherapy
54408912	com.munichvibes
54409541	com.munictransfer
54409973	com.muniqoperformante
54409981	com.muniqueando
54427902	com.murrayc
54439099	com.museeducasque
54445214	com.museumsstueberl
54449250	com.music-of-benares
54451419	com.musicalamerica
54466334	com.musictravel
54468138	com.musiker-online
54499066	com.mvestwater
54519907	com.mxnews-online
54523999	com.my-cops-experiencebrunschwileronline
54524975	com.my-events24
54526711	com.my-junior
54528533	com.my-pergola24
54528867	com.my-private-residences
54541417	com.myamazingthings
54543538	com.myanmarmemo
54565434	com.mybytes
54575244	com.mycitytrip
54585187	com.mycroftproject
54595104	com.mydivine-escort
54604776	com.myeroblog
54604816	com.myerovideos
54607014	com.myeutaxi
54616093	com.myflexbox
54624679	com.mygermancity
54624688	com.mygermanexpert
54626145	com.myglobalink
54626269	com.myglobalviewpoint
54634000	com.myhealthandbusiness
54639104	com.myhomenaturalremedies
54662952	com.mylifeisasuitcase
54679730	com.mymodernmet
54682221	com.mympu
54685539	com.mynd
54710149	com.mypos
54710323	com.mypostcard
54711690	com.mypresences
54791001	com.mystrikingly
54792620	com.mysumtu
54821186	com.mytravelinnings
54821817	com.mytravelry
54828346	com.mytruemaster
54847352	com.myvacationitineraries
54866069	com.mywanderlustylife
54881988	com.n-bbp
54887178	com.n26
54897436	com.nabenhauer-consulting
54901585	com.nachhaltige-beschaffung
54901618	com.nachhaltigkeit-lexikon
54902835	com.nachrichten-muenchen
54910879	com.nadine-stegemann
54916250	com.nafbeautysupply
54919992	com.nagalog
54947019	com.najat-vallaud-belkacem
54961174	com.naklejto
54993841	com.nandicasdeviagem
55048603	com.nashvillefitmagazine
55170896	com.naturismforum
55170930	com.naturismre
55171484	com.naturkinder
55171762	com.naturmensch-hofmann
55180575	com.nautiliaonline
55183673	com.navan
55192226	com.navis-ag
55192652	com.navit
55206495	com.nb-relocation
55219157	com.nbs-research
55241483	com.ndallen
55262620	com.neckarsteinach
55306743	com.nemackakombiprevoz
55314243	com.neo-geo
55333401	com.nephrocare
55337326	com.nerdata
55337423	com.nerdblur
55339406	com.nerdsip
55351480	com.nestcoworkandplay
55376769	com.nettelnburg
55379579	com.netvouz
55386511	com.netz-news
55386598	com.netzbeweis
55387345	com.netzwerk-bauundforschung
55388845	com.neuername
55388893	com.neues-stellingen
55417704	com.neurofeedback-ifen
55418804	com.neuroflash
55432452	com.neuronwriter
55436453	com.neuschwanstein-tour-guide
55438813	com.neva-logistics
55443497	com.neverforgetescort
55445447	com.neverstoptraveling
55446789	com.nevillezb
55449590	com.new-european-college
55450105	com.new-in-munich
55452472	com.new2app
55464927	com.newcannabisworld
55483106	com.newgen-medicals
55505384	com.newmodernmom
55517604	com.newroom-connect
55524847	com.newseosites
55534362	com.newssalt
55537150	com.newstyle-mag
55538082	com.newswalia
55557408	com.newzguru
55567487	com.next-coaching
55583169	com.nextrealityfestival
55590335	com.nexusmedianews
55591668	com.nexuswelt
55610611	com.ngin-mobility
55619335	com.nh-hotels
55621820	com.nhahangvanchai
55677392	com.nicar
55682513	com.nicenews
55683679	com.nicestthings
55700474	com.nickmirrione
55717602	com.nicoleheinrich
55719714	com.nicolenaworld
55731937	com.niedersachsen-tourism
55734404	com.nielseniq
55782965	com.niklasgoslar
55785033	com.nikolaselic
55795610	com.nimak
55802960	com.ninamaerkl
55819721	com.nio
55839728	com.nissis-artgallery
55854723	com.nixxim
55861808	com.njemacka-posao
55929711	com.nmmn
55935872	com.nndb
55940026	com.nnuaire
55952395	com.nobatek
55965131	com.nocloudstomorrow
55978289	com.noerr
55999285	com.nolarolla
56000727	com.nolemont
56005451	com.nomadandinlove
56007199	com.nomadicanna
56009186	com.nomads-travel-guide
56009742	com.nomadsunveiled
56054005	com.nordicstartupnews
56054135	com.nordictb
56055093	com.nordisch
56055109	com.nordischfightclub
56122963	com.norton
56137484	com.not-your-keys-not-your-coins
56138125	com.notabletravels
56293643	com.note-eins
56297118	com.notesofberlin
56297392	com.notessensei
56300466	com.nothrowdesign
56303230	com.notideportes007
56310294	com.notrickszone
56323801	com.nova-search
56332789	com.novaramedia
56334980	com.novastor
56347147	com.novo-argumente
56349912	com.novotel-muenchen-city-arnulfpark
56350730	com.novum-hospitality
56350732	com.novum-hotels
56367129	com.npcnewstv
56376683	com.nr1a
56390697	com.nsinternational
56422964	com.nudoss
56449474	com.nur-muth
56451789	com.nuriapie
56470248	com.nutrientesparati
56479235	com.nuuenergy
56484907	com.nvbescheinigung
56485850	com.nvdh-films
56501178	com.nwtravel
56515612	com.nychenne
56582602	com.oberbayern-guide
56583234	com.oberlo
56586227	com.obiectivromania
56644684	com.octoparse
56669206	com.odybook
56671209	com.odysseytraveller
56674145	com.oeltank24
56677727	com.oevz
56680733	com.ofenseite
56682904	com.offandroad
56684637	com.offenhammer
56692255	com.officeclub
56709203	com.offline-einkaufen
56710128	com.offpagesavvy
56714313	com.offthebeatenbliss
56733670	com.oggusto
56752006	com.oha-music
56761618	com.ohfamoos
56770935	com.ohme-ev
56780087	com.ohyesconceptweddings
56791282	com.oitheblog
56828414	com.oktaneclub
56829087	com.oktoberfest-camping
56829098	com.oktoberfest-guide
56829376	com.oktoberfesttours
56833461	com.okvoyage
56880188	com.oldtimerapp
56881381	com.oldtownsanclemente
56888659	com.oleyer
56901882	com.oliver-frederic-dieck
56906098	com.oliverwymanforum
56927544	com.olympedudoodle
56927863	com.olympiabewerbung-muenchen
56940687	com.omasexhamburg
57007558	com.omr
57040452	com.one-million-places
57050447	com.oneandonly-escorts
57051934	com.onebavariahomes
57069490	com.onelastpicture
57074587	com.onemorehuman
57083962	com.onesilkenshoe
57091457	com.onetravel
57094216	com.onewayticketdream
57096865	com.onezeromore
57109211	com.online-hundetrainer
57109845	com.online-marketing-center
57115382	com.onlinebynature
57116742	com.onlinecasinoindeutschland
57134314	com.onlinestellen
57136090	com.onlinetri
57155500	com.onrender
57170385	com.onturk
57177536	com.ooaworld
57182023	com.ooma
57182556	com.oompah-band
57186374	com.oose
57210270	com.openprocurements
57210308	com.openpromos
57230715	com.opolum
57239834	com.optery
57254010	com.optimusbookmarks
57277233	com.orangeliste
57308298	com.ordnur
57320530	com.oresundsbron
57348551	com.originalsteps
57383536	com.orthomuenchen
57406661	com.oseon
57418823	com.osnews
57424240	com.ossefet-otzarot
57429705	com.osteopathy-praxis
57432031	com.ostermarathon
57438219	com.ot-world
57468004	com.otoa
57475795	com.otomasyonsepetim
57497454	com.ott-regulation
57505359	com.ottregulation
57505550	com.ottukdotam
57514247	com.oultwood
57514813	com.oumengke
57519681	com.ourcoffeecorner
57536641	com.ousuca
57540460	com.outdoor-magazin
57553439	com.outlook
57554014	com.outlooktraveller
57569911	com.over-blog
57573451	com.overgrownpath
57636778	com.oztourmunich
57655914	com.pablogaldo
57688630	com.padcon
57704168	com.pagecrazy
57708468	com.paginearancioni
57715116	com.paigemindsthegap
57748004	com.palamir
57748329	com.palanla
57774677	com.palmstone-capital
57778753	com.paloubis
57788092	com.pampas2palms
57813140	com.panevinomilano
57822598	com.panomarin
57839145	com.papa-online
57841760	com.papaly
57848122	com.paperblog
57853297	com.papershift
57861107	com.paqato
57888284	com.paraplan
57893322	com.parcelsbynoor
57901496	com.parentsjumble
57938538	com.park-ers
57941411	com.parkandjetcalgary
57942108	com.parkapp
57971082	com.parkourworkshop
57992969	com.parson-europe
57999743	com.partner-computer-group
58013244	com.partystrips24
58024487	com.pashaishome
58025792	com.pasingerfabrik
58029937	com.passagenviertel
58031647	com.passengeronearth
58034137	com.passionatebaker
58037907	com.passivehouse
58058343	com.patent-filer
58069679	com.patientzero-games
58076005	com.patourlogy
58079871	com.patriciaheatherington
58080314	com.patricialanner
58081968	com.patriciastainer
58088445	com.patrickpretty
58091509	com.patrimonioitalianotv
58109256	com.paula-niehoff
58121365	com.pauli
58148238	com.pawlikviewing
58187659	com.pbv-delmenhorst
58187948	com.pbworks
58191462	com.pcam
58204884	com.pcprofi
58243451	com.peaksandpints
58244830	com.peakvisor
58247155	com.pearl-brands
58247453	com.pearl-wwt
58248548	com.pearlclub
58288211	com.pejak-handel
58299106	com.pelletshome
58299624	com.pelloche
58317033	com.penguinandpia
58334372	com.pension-lindenhof
58334473	com.pension-osterbichl
58340741	com.pentsaleku
58370907	com.peretti-agency
58371903	com.perezprada
58378506	com.perfectlycleardiamonds
58389441	com.performersholidayschools
58399759	com.perk
58406779	com.permianotherone
58409577	com.perosteps
58419398	com.persiawalker
58423514	com.personalescapetravel
58431940	com.perspektive89
58459097	com.peterandthelostboys
58465127	com.peterkai
58482928	com.petitionen
58510710	com.peyzax
58512123	com.pfadfinder24
58512412	com.pfalz-info
58512572	com.pfannenberg
58515097	com.pferderennen
58517569	com.pflegeschatz
58609572	com.philemery
58612213	com.philipheckhausen
58612969	com.philipmolloy
58613940	com.philippe-jordan
58614292	com.philippebilger
58614885	com.philippeigner
58617417	com.philippschuermann
58617564	com.philippwinterberg
58627064	com.philosophia-perennis
58627260	com.philosophiekunst
58650776	com.phonebookoftheworld
58660341	com.photoartconcept
58665092	com.photograph-y
58667037	com.photography-now
58670234	com.photoindependent
58670268	com.photoinnatura
58672132	com.photonanie
58673804	com.photopraline
58680123	com.photovoltaiksolarstrom
58680748	com.photraveler16
58700612	com.physio-tipps
58701521	com.physioleichsenring
58701657	com.physiomatch
58701734	com.physiomobil-leipzig
58702313	com.physiotherapie-bogenhausen
58729977	com.pickvisa
58744206	com.piecesofmariposa
58748076	com.pienimatkaopas
58748282	com.piensageotermia
58758442	com.pieterpost
58783540	com.pilot-hub
58786524	com.pilz-gmbh
58787253	com.pimcore
58835066	com.pintreel
58843168	com.pioneerspost
58855112	com.piramindwelt
58858034	com.piratex
58861464	com.pisa-bpa
58871655	com.pitch-experts
58872268	com.pitchdrive
58894503	com.pixeoapp
58895048	com.pixidia
58897706	com.pixolum
58959637	com.placebrandobserver
58960538	com.placemarketingforum
58962484	com.placestotravel
58962517	com.placestovisitingermany
58984984	com.planetdepos
58997869	com.planetsave
59006159	com.planitprima
59008901	com.planlaufterrain
59014428	com.plantacionesedelman
59023029	com.plantspack
59029253	com.plastic-material
59036402	com.plateamagazine
59040306	com.platinsound
59064926	com.playground-landscape
59112256	com.pls-muc-z
59165187	com.pocketcasts
59189176	com.point-topic
59190358	com.pointchaser
59220510	com.police1
59225820	com.polis-magazin
59232476	com.politplatschquatsch
59250847	com.polytan
59257977	com.pomponetti
59261757	com.pondstack
59272545	com.poolar
59272560	com.poolarserver
59285058	com.pop64
59310273	com.popularsmagazine
59311969	com.popupstoremunich
59314372	com.porchdrinking
59321456	com.porno-drink
59330404	com.port-joanna
59343057	com.portcapitol
59348343	com.portfoliotilt
59351426	com.portlandexplorer
59360477	com.portsideassembly
59361516	com.portstrategy
59361991	com.portugal-la-fora
59363829	com.portupell
59401606	com.potsdam-news
59405937	com.pouledor
59417749	com.power-to-x
59454923	com.ppr-hamburg
59461429	com.pr6bookmark
59462399	com.prabhupateria
59481150	com.praktiker-konferenz
59492420	com.praxis-anneklug
59492835	com.praxis-ibrahim
59492878	com.praxis-jens-herkommer
59494013	com.praxislexikon
59515084	com.precognox
59526887	com.preisluchs
59538268	com.premierinn
59547009	com.premium-traveller
59551806	com.premiumsolaranlagen
59557705	com.prepareforgermany
59582253	com.presentedeoaxaca
59598911	com.presse-meldung
59599564	com.presseschleuder
59599599	com.pressetext
59662719	com.primejoke
59691860	com.printhousebooks
59696689	com.printwhatyoulike
59697417	com.prinzmyshkin-parkhotel
59709633	com.priusplatinum
59710530	com.privacylaws
59712077	com.private-jets-connect
59713332	com.privatecityhotels
59721358	com.prixtel
59725669	com.prnewswire
59728174	com.pro-kita
59760819	com.process-science
59769984	com.prodegnews
59776824	com.productatheart
59781917	com.productossavore
59784247	com.produkt-suchmaschine
59797502	com.profi-center
59812843	com.prognos
59825220	com.project-consult
59838608	com.projekt-auftragsvergabe
59838712	com.projekt-organisation
59839107	com.projektmensch
59839140	com.projektnjemacka
59844325	com.prolicense
59846873	com.prolog-pr
59881074	com.propertydealersofindia
59892517	com.proptradingvibes
59896789	com.prosecur
59941692	com.provenexpert
59947893	com.provisit
59964347	com.prussianroyalfamily
60008027	com.psiram
60011284	com.psmusicberlin
60044806	com.ptm-mechatronics
60050430	com.ptvgroup
60052663	com.pub-lish
60054826	com.public-manager
60058915	com.publicomag
60062995	com.publitek
60063419	com.publyswiss
60071526	com.puertoraices
60077728	com.pujanz
60087717	com.pulse-and-spirit
60088451	com.pulseblueprint
60095445	com.pumble
60105921	com.punnaka
60112089	com.puppenzimmer
60138456	com.puretravel
60150503	com.purpletiff
60159368	com.pushandreset
60175019	com.pv-magazine
60196942	com.pyra-handheld
60243190	com.qeepl
60360722	com.quadient
60367436	com.qualimero
60374823	com.qualityminds
60385560	com.quantocustaviajar
60386275	com.quantum
60396159	com.quartier-magazin
60400412	com.quatuorbeat
60414294	com.queenstabledance
60416215	com.queerinmunich
60461402	com.quintsysteme
60461440	com.quintus-sertorius
60507849	com.r-u-r
60517015	com.ra-weidner
60532304	com.raboeart
60533059	com.rabowls
60554839	com.racingkc
60555347	com.racingstub
60560928	com.radarmagazine
60575886	com.radioaktivitaet-zum-anfassen
60577836	com.radiocable
60596668	com.radissonhotels
60597565	com.radiustours
60623129	com.rahalatmunich
60628765	com.raichle-service
60631876	com.railescape
60649616	com.rainerwetzel
60714009	com.ralfgrabuschnig
60725616	com.rambo-group
60732734	com.ramona-mertens
60732755	com.ramona-weyde
60736306	com.rampenlichter
60754234	com.randompoison
60769113	com.rankray
60777967	com.raphanomundo
60782830	com.rapidptprogram
60798034	com.rascharrer
60803034	com.raspatz
60810339	com.ratgeber-arzt
60810397	com.ratgeber-wissen
60813133	com.ratiscon
60814703	com.ratsfraktion-wp
60819309	com.raumausstatter
60819342	com.raumausstattung-mueller
60820366	com.rausgegangen
60823820	com.ravenguides
60836611	com.rawsone
60883601	com.rcs-gmbh
60898874	com.re-publica
60914458	com.readsremovals
60915939	com.ready-steady-travel
60925753	com.realauthenticdocuments
60940545	com.realgeeksride
60944156	com.realitiq
60957707	com.realstarhotel
61001369	com.rechthaber
61001407	com.rechtsanwaelte-ansbach
61001465	com.rechtsanwalt-behrens
61001664	com.rechtsanwalt-sven-lang
61001717	com.rechtsanwaltmuenchenscheidung
61001761	com.rechtsbelehrung
61001782	com.rechtschreibung
61001863	com.rechtundpolitik
61014116	com.recordinglaw
61014284	com.recordjet
61030244	com.red-hot-sharp
61039655	com.redbulllastmanstanding
61066124	com.redlightguide
61080348	com.redroses-pr
61106426	com.reeperbahn
61108068	com.reev
61132969	com.reflectionsenroute
61154104	com.reformatt
61154686	com.reformdeutsch
61181426	com.regensburg-taxi
61188714	com.regionalhero
61199296	com.rehacare
61199439	com.rehakind
61202719	com.reichardtpartner
61211019	com.rein-gold-perle
61212465	com.reinemann-service
61212519	com.reiner-sct
61213185	com.reinhardshausen
61216412	com.reisedeals
61216562	com.reisekostenabrechnung
61216638	com.reisemarkt
61216642	com.reisemehrwert
61216830	com.reisenexclusiv
61217154	com.reisewuensche
61217783	com.reisswolf
61218103	com.reitberger-optik
61219013	com.reitwagen-hamburg
61223115	com.rekamjabar
61249376	com.relocationafrica
61249698	com.relocraft
61264883	com.remitly
61273806	com.removalstoeurope
61288264	com.rendezvous3000
61289876	com.renecnielsen
61293951	com.renehersecycles
61313023	com.rent-a-pastor
61316718	com.rentalbikeitaly
61317551	com.rentalift-muenchen
61318192	com.rentalmoose
61332834	com.reoon
61342198	com.repleno
61393581	com.residenteallestero
61402866	com.resolutewoman
61413236	com.responsibleaiforum
61418451	com.restaurant-haco
61452464	com.retail-estate
61455636	com.retalesdelmundo
61488381	com.rettungsdienst-blog
61511464	com.reviewbolt
61511980	com.reviewedbyartists
61516797	com.revision-strafrecht
61520098	com.revistamadrid
61521056	com.revistardenergia
61545098	com.rexx-recruitment
61545754	com.reybex
61550475	com.reyzbikh-architect
61556942	com.rfidjournal
61568532	com.rgbstock
61605229	com.rhein-main-guide
61605778	com.rheintopf
61675435	com.ricksteves
61682448	com.ride2muc
61695760	com.riedel-gruppe
61717784	com.rikschaguide
61721321	com.riloha
61728966	com.ring-apotheke
61730317	com.ringier
61780746	com.ritterlancelot
61810051	com.riviera-buzz
61823479	com.rjmlbd
61832368	com.rktechtips
61856707	com.rnp-battery
61856715	com.rnp-solar
61864202	com.roads2happiness
61864337	com.roadsanddestinations
61868637	com.roamingaroundtheworld
61870931	com.roaolam
61884736	com.robertdall
61900041	com.robertwilsonstiftung
61908719	com.robinsonkuhlmann
61924909	com.robuta
61929624	com.roccofortehotels
61936097	com.rock-the-prototype
61942738	com.rocketaround
61992120	com.rodenivbg
62008293	com.rodokmen
62025520	com.roedl
62026446	com.roemermann
62034673	com.roggan-transporte
62042731	com.rohrreinigung-hamburg
62042825	com.rohrreinigung-wien
62075523	com.rolands-hilfe
62084235	com.rolfclaessen
62086937	com.rollendes-museum
62092083	com.rollladen-demartin
62093004	com.rollroots
62101517	com.romangerber
62193232	com.roommeetsfreiland
62217506	com.rosanbosch
62231708	com.rosemarygriffith
62234294	com.rosenheim-alternativ
62258721	com.rossnareetravel
62277596	com.roulette-bet
62285376	com.route79
62287451	com.routeware
62291060	com.rovingsun
62302451	com.royal-passion
62338132	com.rpggamerdad
62338827	com.rpgvirtualtabletop
62364988	com.rsi-hinderer
62377255	com.rtarchitektur
62387410	com.rtseurope
62407412	com.rubyweekly
62412368	com.rudolphhanamji
62415048	com.rueb-immobilien
62424258	com.ruhestandimausland
62435225	com.rulexis
62453576	com.runmysilkroad
62462435	com.runwaytravelco
62515046	com.rwamk
62516800	com.rwe
62543160	com.rylltext
62552468	com.ryuugakujyoshi-de
62568364	com.s3l-handball
62594679	com.saai-factory
62597737	com.saashub
62599292	com.saatkorn
62605265	com.sabelstein
62605344	com.sabenayeye
62626270	com.sacotravel
62646265	com.saenger-berndbernard
62649580	com.safaridigar
62651718	com.safe
62654296	com.safecaronline
62708941	com.sailanddream
62719851	com.saintfacetious
62785533	com.salon
62794910	com.salonkolumnisten
62798955	com.saloodo
62823120	com.salzburg-visit
62823139	com.salzburgcab
62823316	com.salzgitter-ag
62864828	com.samspartner
62886452	com.sanatyips
62886800	com.sanayirehberi
62911970	com.sandra-regnier
62912077	com.sandra-winkler
62919363	com.sandsconsult
62928576	com.sanfamedia
62963906	com.sansthha
62994779	com.sap
63004512	com.sapri-design
63018683	com.sarahfunky
63020672	com.sarahjaeckel
63043278	com.saraundkris
63075068	com.sassymamasg
63077354	com.sat-concepts
63101259	com.saubande
63106525	com.sauerland
63137482	com.savoredjourneys
63144611	com.sawadeedeutschland
63163251	com.sbamueller
63184229	com.scafom-rux
63185329	com.scalariatours
63188749	com.scaleuptech
63195885	com.scannain
63207854	com.scc-munich
63208552	com.sccgroup24
63220796	com.schaeferpartner
63223633	com.scharpenberg
63225339	com.schaumaplast
63235425	com.scheinker-immobilien
63242710	com.schicht
63242822	com.schickhardt-law
63245571	com.schiller5
63247588	com.schlafmann
63247746	com.schlagermanie
63248058	com.schlaudino
63248415	com.schlemann
63249207	com.schloss-krugsdorf
63249620	com.schlossmoehren
63249631	com.schlossnotdienst-luebeck
63250009	com.schluesselzentrale
63251792	com.schmidtmann
63252239	com.schminkkurs
63253037	com.schmuck-show
63255047	com.schnell-zeichner
63255368	com.schnetzerpuskas
63255591	com.schnitzelbahn
63256597	com.schoenecken
63257540	com.schola-catilina
63260118	com.scholz-autoclaves
63260207	com.scholzwagner-partner
63268858	com.schorsch
63270636	com.schreinerei-reichl
63270659	com.schreinerei-schneller
63273374	com.schuhbertl
63274396	com.schule-iserbarg
63276511	com.schupfner
63276937	com.schutt-karl
63277206	com.schutzwerk
63277365	com.schuylersampertontextiles
63278975	com.schwarz-steuern
63280620	com.schwerin-news
63284208	com.sciencealert
63309466	com.scoredex
63317982	com.scottcooperflorida
63333840	com.scoutello
63339962	com.scrape4u
63339990	com.scrapebit
63380695	com.scrunchiescustomized
63388830	com.sculptingmylife
63455248	com.sdngrogolutara03
63472715	com.seaandsirens
63491372	com.seandosotel
63501279	com.searchenginez
63501530	com.searchfindtravel
63506860	com.searenergy
63506862	com.searenergygroup
63507734	com.seartec-eng
63517325	com.seatrade-europe
63536638	com.sebastianguerrini
63537246	com.sebastianmatthias
63537996	com.sebastianpohl
63564947	com.secrethamburg
63565947	com.secretmuenchen
63580931	com.security-network
63583017	com.securityjournaluk
63608013	com.seehotel-leoni
63614894	com.seen-group
63633041	com.seibt
63638174	com.seime
63642824	com.seitenbau
63652651	com.sekulada
63666060	com.selfcity-project
63666869	com.selfdirectedllc
63669930	com.selfmade-energy
63674757	com.seljakotirandur
63678068	com.sellerlogic
63695703	com.semedy
63715588	com.sendseven
63716354	com.senec
63721031	com.seniorapartmenthome
63721746	com.seniorcenters
63722401	com.seniorenwelt
63724081	com.seniornomads
63741595	com.sensysmagnetometer
63750478	com.seo-handwerker
63753067	com.seoberlin
63758973	com.seomc
63763616	com.seotonic
63771761	com.sepserv
63815696	com.server-nicht-erreichbar
63852885	com.settle-in-berlin
63859947	com.sevencooks
63870264	com.seviveviajes
63875467	com.sewingisrealart
63893582	com.sexyboysporn
63897183	com.seyahathikayeleri
63916006	com.sfw-media
63917001	com.sfz-rueckers
63926726	com.sgneukirchen
63928618	com.sgramsin
64006910	com.shareagift
64046839	com.shazafdigiproducts
64059669	com.sheemergemagazine
64061988	com.sheerluxe
64067384	com.sheilajaneteaching
64103549	com.shermanstravel
64109598	com.sherzad
64111792	com.sheswanderful
64138292	com.shikhalamode
64145247	com.shimeji-in-germany
64262129	com.shopify
64297514	com.shopuniver
64308697	com.shortfilm
64324376	com.showcaves
64327783	com.showmethejourney
64351701	com.shtfplan
64385219	com.siachen
64388491	com.siamogeek
64392596	com.sibato
64394223	com.sibforms
64416060	com.sieda
64416433	com.siegehublot
64429846	com.sifu-center
64431967	com.siggi-learn
64433385	com.sightsolve
64441046	com.signandsight
64465715	com.silencer137
64476635	com.silkroad-festival
64480485	com.sillysuitcase
64502956	com.silvesterinconcert
64503369	com.silvia-szekely
64507730	com.simagazin
64521483	com.simone-pfeiffer
64534517	com.simpleeonline
64535127	com.simplegermany
64566754	com.sina-otto
64585076	com.sinegezi
64589092	com.singaporeair
64593244	com.singhofresh
64595321	com.singleboersen
64595324	com.singleboersen-insider
64627132	com.sirhotels
64631459	com.siroccosax
64633408	com.sirub
64658394	com.sistrix
64672792	com.sitegaga
64677712	com.sitetrail
64680107	com.sitiosturisticos
64701114	com.sizorina-psychology
64714192	com.sjustwerkzeuge
64717855	com.sk-advisory
64725810	com.skateparkmobil
64746297	com.skepticalscience
64760044	com.ski-sebnitz
64805851	com.skinait
64962830	com.skygirlandrea
64984349	com.skyline-exclusive
64991007	com.skylinksintl
65043025	com.slackrmedia
65078710	com.slcshyjy
65079000	com.sld86
65126911	com.sligoflyingclub
65157522	com.slman
65159724	com.slo-tech
65168520	com.slolekarna
65231319	com.slowtrainmusic
65231425	com.slowtwitch
65306846	com.smard-gmbh
65326504	com.smartango
65343098	com.smartcitiesdive
65365268	com.smartertravel
65371739	com.smartflyer
65425211	com.smartpunkt
65472217	com.smavel
65504837	com.smi-se
65537178	com.smilingtiger
65557926	com.smithsonianmag
65571126	com.smm-hamburg
65589140	com.smokesdelight
65591489	com.smokeycats
65608550	com.smoobu
65709603	com.snappyexchange
65753960	com.sniejik
65762908	com.snipsell
65776821	com.snooze-apartments
65935489	com.socialmedia-institute
65943812	com.socialprefix
65961334	com.societies-under-german-occupation
66016913	com.sofatutor
66021349	com.sofiadona
66043951	com.softdecc
66056294	com.softwareone
66065484	com.sohofac
66077259	com.sol-motors
66083488	com.solaranlagen-portal
66086323	com.solarfirmen
66089442	com.solarmontagen
66109661	com.solidaritytourism
66117258	com.solkes
66128609	com.solspeccorp
66168237	com.sonahundsofern-beauty
66188307	com.soniwebsoft
66190460	com.sonne-peissenberg
66191050	com.sonnenseite
66214318	com.sophie-hummel
66220493	com.sophos
66221814	com.sophya-susanne-berthold
66230658	com.sorgenfrei24
66244655	com.sostenibilidad
66287074	com.soundslikebranding
66289957	com.soundsvegan
66316604	com.sourceready
66357871	com.southernsirens
66395086	com.soz-etc
66410075	com.spaces4scaleups
66413072	com.spacioblanco
66421840	com.spanien-abc
66428705	com.sparfuechsin
66447622	com.spatineo
66447838	com.spatravelgal
66507960	com.spedireadesso
66527172	com.speiseraeume
66536738	com.spezialisto
66566966	com.spinsfactory
66643403	com.spotahome
66651772	com.sprachcaffe
66652053	com.sprachzertifikatkaufen
66656191	com.sprechperle-hamburg
66656337	com.spreeblick
66660982	com.springest
66690871	com.sqmclubs
66696029	com.squarelovin
66697206	com.squarespace
66724914	com.srpstvo
66737049	com.sse-franchise
66758095	com.ssk-asia
66766711	com.ssm-brands-sports
66781431	com.ssq275
66790533	com.ssv-luebbenau
66790543	com.ssv-schadeleben
66808976	com.stadiumtraveller
66809440	com.stadt-tribsees
66809490	com.stadtbranchenbuch
66809503	com.stadtdetektive
66809633	com.stadthaushotel
66809742	com.stadtlesen
66809771	com.stadtmanufaktur
66809854	com.stadtraum
66809865	com.stadtrundfahrt
66809901	com.stadtspuren
66816170	com.stagement
66832528	com.stampthewax
66834031	com.stand-out-design
66837949	com.standesamt
66841575	com.standupmagazin
66849518	com.stanvu
66863096	com.starflinger
66867406	com.starkeschultern
66884521	com.start-franchising
66890331	com.startnext
66893181	com.startup-muenchen
66894406	com.startupfinanzierung
66895470	com.startupoekosystem
66896466	com.startupsucht
66903027	com.stat-up
66913983	com.statista
66915166	com.stats-data
66924092	com.staygenerator
66925977	com.staykooook
66926646	com.staynorge
66929748	com.stb-hesse
66929877	com.stb-wagner
66944037	com.steampunktribune
66946119	com.stedentripper
66947968	com.steelcase
66956461	com.stefan-fries
66957045	com.stefanbuddesiegel
66958996	com.stefaniemager
66959172	com.stefanieromeike
66960081	com.stefanmoeller
66961994	com.stefanrieth
66962142	com.stefanschroeter
66962882	com.stefdoll
66965353	com.steifensand
66966039	com.steinbeis-beratungszentrum
66968313	com.steireif
66977471	com.stellplatz-stellplaetze
66993570	com.stephaniescheubeck
67009980	com.sterbegeldversicherungsvergleich
67009990	com.sterbeurkunde
67011629	com.steri-shop
67016581	com.stern-hv
67020028	com.steuerberater-tabak
67020187	com.steuerberatungnord
67020291	com.steuerkanzlei-schaller
67020311	com.steuerklassen
67030893	com.stevenherrschaft
67056330	com.stiefmutterblog
67057250	com.stiftungsternenstaub
67060744	com.stillen-institut
67065244	com.stilwerkhotels
67068612	com.stipdc
67092331	com.stockerhof-chiemsee
67099332	com.stoecklhof
67099968	com.stoffwindelguru
67102242	com.stoketravel
67105790	com.stone-ideas
67111112	com.stonegatebb
67139524	com.storiesbysoumya
67149959	com.storyline-scotland
67150010	com.storylinegh
67153452	com.storyzee
67163672	com.strafverteidiger-hamburg
67163673	com.strafverteidiger-muenchen
67168755	com.strandurlaub-nordsee
67178959	com.strategy-action
67185123	com.straubing-news
67185230	com.strauma
67196266	com.streetartcities
67197549	com.streetexperiments
67199381	com.streetpianos
67213186	com.strikinghotels
67215136	com.strip-academy
67215250	com.stripacademy
67215541	com.stripe
67216002	com.stripes
67217364	com.strisker
67238820	com.stuart-apartments
67242072	com.stubnitz
67242689	com.stuckattheairport
67243792	com.studely
67244978	com.studentenwohnungen-kaiserslautern
67247123	com.studentskizivot
67248081	com.studia-piano
67248245	com.studicluster
67248391	com.studieren-studium
67249243	com.studio-amu
67250880	com.studio-erde
67251353	com.studio-gourdin
67252902	com.studio-metel
67280697	com.studiolution
67281538	com.studiomarshmallow
67289967	com.studioschwitalla
67293901	com.studiotraveler
67297917	com.study-in-germany
67301050	com.studynelson
67301698	com.studyqa
67302697	com.studywiseinternational
67305319	com.stuhlmassage
67311673	com.stuttgart-airport
67315570	com.style-roulette
67321344	com.stylepark
67321359	com.stylepeacock
67340353	com.subke
67346349	com.subsdy
67347141	com.substack
67352215	com.subzeroes
67359993	com.suchmaschinenmarketing-dresden
67364576	com.suddath
67372561	com.suelovesnyc
67393843	com.suhl-news
67401007	com.suitsandsuitsblog
67424074	com.sumithraj
67424957	com.summ-ai
67443425	com.sumup
67445261	com.sun-s
67453139	com.suncityparadise
67478295	com.sunny-lacrux
67484262	com.sunnysnote
67485677	com.sunofhollywood
67503262	com.sunshineday
67510513	com.suntech-lift
67512720	com.sunupost
67521069	com.super-8
67528348	com.superbude
67549020	com.supermarktblog
67558945	com.superstarjew
67562518	com.superurbanfishing
67567615	com.suppihuhn
67608335	com.surrentals
67618699	com.susammelsurium
67626615	com.susanne-brantl
67626688	com.susanne-krauss
67626697	com.susanne-marquardt
67627007	com.susannefroehlich
67643621	com.sustainablebuiltenvironments
67646564	com.sustaineurope
67649257	com.sutango
67660784	com.suzannelovellinc
67691045	com.svmoorwerder
67691792	com.svo-ski
67691891	com.svobodnaplaneta
67701024	com.swacash
67707855	com.swanktek
67713877	com.swartzberg
67719222	com.sweapevent
67749394	com.swelt
67763449	com.swindletrilogy
67781904	com.swoogo
67804878	com.syaha365
67816792	com.sygic
67828654	com.sylvianecker
67830654	com.sylvislifestyle
67831943	com.symbios-funding
67897287	com.synyo
67906727	com.sysprovider
67939608	com.szene-hamburg
68022102	com.t-systems
68028771	com.t5-logistik
68039909	com.tabi-ji
68039975	com.tabi-no-tayori
68040379	com.tabichannel
68044700	com.tablepedia
68045081	com.tables-and-fables
68048073	com.tabney
68049358	com.tabrenkout
68096408	com.tailormadetravelling
68099434	com.tainotrails
68105495	com.taiwanische-studentenvereine
68107574	com.taiyo-kankyo
68147772	com.talent
68193521	com.tamikothiel
68270997	com.tappedouttravellers
68279155	com.taptaphome
68351136	com.tasteofoldtownsanclemente
68354943	com.tastesheriff
68383317	com.tatevphotos
68389998	com.tattoo-bamberg
68405601	com.tax-mfm
68406415	com.taxandlawspain
68409642	com.taxi-in-muenchen
68409911	com.taxi-munich
68409966	com.taxi-oberursel
68411110	com.taxiautofare
68413788	com.taximatcher
68438825	com.tbexcon
68492331	com.team7-home
68524581	com.tec4net
68525645	com.tecdud
68548498	com.technet-gmbh
68552543	com.technikdinos
68580022	com.techzle
68582100	com.tecnalia
68588298	com.tecnotrademty
68591400	com.tecupdate
68591609	com.tecworld
68605707	com.teeneroticvideo
68614701	com.tegankehoe
68622699	com.tejasghetia
68642359	com.telefonbuch
68651239	com.telekom
68660925	com.telepass
68667247	com.telerehber
68701401	com.templeseeker
68720619	com.tengzhongtec
68743548	com.teppichreinigung-nord
68760337	com.termin-kurier
68772101	com.terralocate
68776190	com.terrassenhaus-duhnen
68806928	com.testhelden
68809472	com.testo
68812800	com.testzentrum-muenchen
68818165	com.tetsutaroweb
68842482	com.textatelier
68852286	com.tfconsult
68856540	com.tft-mag
68857968	com.tg-heimfeld
68875063	com.thaidigitaldoorlock
68881370	com.thaimassage-i-am-spa
68889104	com.thalhofer
68972947	com.the-inspiring-life
68973060	com.the-intl
68979903	com.the-red-relocators
68979945	com.the-reference-point
68982499	com.the-stadium
68983381	com.the-tent
68985843	com.the-worldtraveler
68991188	com.the500hiddensecrets
69011343	com.thealternativeguide
69011721	com.thealwayswanderer
69097029	com.thebarcelonaeye
69101543	com.thebavarianchef
69108997	com.thebeerlantern
69119343	com.thebicestercollection
69122995	com.thebikewriter
69124085	com.thebiologybro
69137027	com.thebnff
69138720	com.thebodymotion
69142905	com.thebooktrail
69145392	com.thebougiebackpacker
69160432	com.thebudgetsavvytravelers
69161373	com.thebulkheadseat
69171601	com.thecanaryeye
69191184	com.thechicatravelista
69191480	com.thechickenscratches
69193932	com.thechopras
69210554	com.thecollarfind
69211355	com.thecollector
69233253	com.thecrazytravel
69240480	com.thectoclub
69243989	com.thecurvymagazine
69245299	com.thecyberjedi
69247912	com.thedailymeal
69248181	com.thedailyparker
69269808	com.thediscoverer
69275532	com.thedollarbillmurrays
69298468	com.theenterpriseworld
69299225	com.theepicureanexplorer
69302211	com.theeuropastar
69302309	com.theeuropetravelguide
69306848	com.theeyenewspapers
69311439	com.thefamilywasjewish
69318829	com.thefbagirl
69403345	com.thefutureisnotunwritten
69407704	com.thegapdecaders
69412975	com.thegenerationforest
69414222	com.thegeographicalcure
69414843	com.thegermanyeye
69422472	com.theglobalexecutivenetwork
69455346	com.thehangrystories
69456741	com.thehappyjetlagger
69494976	com.theikc
69496160	com.theimmigrationclub
69497199	com.theinbetweenismine
69497691	com.theincredibletravelblog
69510627	com.theitalianpot
69511205	com.theivanhoesol
69543891	com.thelaosexperience
69555938	com.theleveragedyears
69559008	com.thelifestylehunter
69573247	com.thelondoneconomic
69583843	com.thema-eins
69585549	com.themadrideye
69613743	com.themiceblog
69615779	com.themigrantyogi
69620738	com.themiraclehouseinternational
69624475	com.themodemags
69624851	com.themoderndispatch
69627533	com.themonamarshall
69627853	com.themoneyballtrader
69632069	com.themoscowtimes
69637293	com.themunicheye
69639994	com.themyde
69643708	com.thenationalnews
69645271	com.thenatureofcities
69649791	com.theneutrophil
69653294	com.thenewsletterplugin
69654912	com.thenextdestination
69655138	com.thenextguide
69655185	com.thenextintech
69666052	com.theo-theo
69667101	com.theoasisreporters
69667628	com.theobscuredignitaries
69680690	com.theopenscholar
69702306	com.thepatriotunited
69731723	com.theportablewife
69738083	com.thepresentperspective
69750538	com.thepurplepassport
69750698	com.thepurpletide
69755828	com.thera-plus
69760741	com.therapeutenteam
69800278	com.theroad-islife
69814622	com.therovingfox
69818492	com.therussiaeye
69833543	com.thesavvybackpacker
69845383	com.thesensitivesway
69852686	com.theshipyardblog
69862055	com.thesixtyone
69873666	com.thesojournseries
69874822	com.thesolvia
69888595	com.thestagcompany
69888597	com.thestagdoideas
69897512	com.thestrategyweb
69908303	com.thesustainablepeople
69908305	com.thesustainablepost
69914071	com.thetalesofatraveler
69922601	com.thetexasdeveloper
69930882	com.thetokyoeye
69936252	com.thetouristattractions
69941506	com.thetradeone
69950204	com.thetravelbuglife
69950220	com.thetravelbunny
70017233	com.thevenuehunters
70020133	com.theviennablog
70020145	com.theviennesegirl
70031994	com.thewanderinghousewife
70033933	com.thewashingtonote
70041360	com.theweekendjaunts
70042451	com.theweithouse
70066051	com.theworldyousee
70071560	com.theybf
70084592	com.thienbuettel
70089938	com.thikwawerkstatt
70093076	com.thingstodoinhamburg
70100722	com.thinkingoftravel
70104976	com.thinksouthflorida
70113092	com.thirstyswagman
70118186	com.thishotel
70121327	com.thisisjanewayne
70130080	com.thisweekinphoto
70130470	com.thisworldtobook
70133365	com.thoibaovietduc
70134735	com.thomas-kadel
70134833	com.thomas-leidinger
70135175	com.thomas-schoo
70155738	com.thoroughlymodernmilly
70156627	com.thorstenvanelten
70164761	com.threadreaderapp
70171067	com.threejs3d
70172470	com.threeoaksfestival
70179376	com.thrillandkill
70187911	com.throughjuliaslens
70197024	com.thunderbike
70224768	com.ticaretrehberi
70229568	com.ticketswe
70248680	com.tierarztblog
70248682	com.tierarztbuende
70276276	com.til-official
70281759	com.tillwich-stehr
70286670	com.timbercoast
70308419	com.timetoflyblog
70308629	com.timetomomo
70316648	com.timo-stein
70322238	com.timschropp
70352505	com.tinygreenshoes
70357342	com.tinyurl
70359704	com.tipcars
70362732	com.tippingrules
70363052	com.tipps-kostenlos
70376356	com.tischlerei-ahrens
70379360	com.tistory
70437769	com.tm-conqueror
70498215	com.tntmagazine
70530049	com.toddmd
70536050	com.todoparaviajar
70537723	com.todotours
70539213	com.toeightycountries
70540109	com.toeuropewithkids
70551938	com.toisiinmaisemiin
70564330	com.tokorouta
70567491	com.tokutenryoko
70605939	com.tommysails
70626138	com.tonggos
70630228	com.toni-huber
70634414	com.tonka-pr
70662849	com.top-arbeitssicherheit
70670396	com.top3tourism
70672189	com.topafric
70675647	com.topbewertet
70692717	com.topics-mag
70693519	com.topinfoalicante
70697555	com.toplistall
70720162	com.topteny
70756771	com.toryburch
70800884	com.tour-star
70808242	com.tourismusnews
70808351	com.tourispo
70808971	com.touristmeetstraveler
70809119	com.touristsense
70814434	com.tourtravelandmore
70830486	com.townnet
70865651	com.trabber
70867726	com.tracemedics
70868441	com.tracesofevil
70873104	com.tracker-id
70896384	com.tradezimbabwe
70902972	com.traducciones-oficiales-hamburgo
70904584	com.trafalgar
70907465	com.traffictechservices
70923894	com.train-ride
70934943	com.tram2000
70937462	com.tramtravels
70940852	com.trankvile
70950450	com.transferbnb
70955575	com.transformieren
70958774	com.transitcosts
70961677	com.translation-clinic
70967802	com.transportanfrage
70972867	com.transsolar
70979342	com.trashless-society
70985381	com.traumann
70986997	com.travailler-en-allemagne
70987965	com.travejante
70988474	com.travel-eat-cook
70989402	com.travel-stuttgart
70991179	com.travelanddestinations
70991261	com.travelanding
70991939	com.travelawaits
70992214	com.travelbeginsat40
70992522	com.travelblogr
70994936	com.traveldojo
70995734	com.travelermania
70996521	com.traveleurope
70997060	com.travelfoodpeople
70998058	com.travelgumbo
70999094	com.travelinfos
71001768	com.travelita-blog
71002732	com.travellers-insight
71002949	com.travellerspoint
71003026	com.travellersworldwide
71003637	com.travellingking
71003988	com.travellingweasels
71004437	com.travelmakerismymiddlename
71006173	com.traveloffscript
71007232	com.travelphotodiscovery
71007331	com.travelping
71007345	com.travelpirates
71008492	com.travels-of-a-life
71010156	com.travelsthroughgermany
71011556	com.traveltipsor
71011642	com.traveltoblank
71012334	com.traveltreasuresbymarion
71012560	com.traveltweaks
71013638	com.travelwithaspin
71014231	com.travelwithmiya
71015498	com.traversals
71015564	com.traverse-events
71015947	com.traverseearth
71021286	com.trawaydo
71022946	com.trazeetravel
71047829	com.trekhunt
71051785	com.tremorhex
71055835	com.trendingdeutschland
71060940	com.trendy-innovation
71070862	com.tretau
71076877	com.trfihi-parks
71077695	com.trguide
71105971	com.trickytine
71110039	com.tricura
71148310	com.trip1
71148935	com.tripant
71150086	com.tripeventstips
71150610	com.triphour
71157617	com.tripminute
71157677	com.tripmydream
71158493	com.tripomatic
71158691	com.tripoutlook
71159813	com.tripprof
71160785	com.tripsapien
71161392	com.tripspoint
71215329	com.trivida-info
71225736	com.trocelec
71256932	com.truckinfocus
71268125	com.truefruits-vermisst
71269252	com.truehomefood
71299091	com.trufflepig
71318867	com.truma
71342211	com.trustami
71349930	com.trustprofile
71387969	com.tsg-bonn
71403342	com.tsoe
71409935	com.tsuche
71420487	com.tsv-brunnthal
71420568	com.tsv-oldendorf
71431069	com.ttorga
71435867	com.ttyings2
71444033	com.tubillete
71460677	com.tugranviaje
71462110	com.tuicamper
71496265	com.tundria
71532060	com.turbinatravels
71546258	com.turkeygoldtour
71547545	com.turkindex
71556663	com.turningleftforless
71582229	com.tuvsud
71586209	com.tv-kult
71587352	com.tv6onair
71601182	com.tw-media
71629659	com.twirltheglobe
71643924	com.twogirlsgetaway
71664460	com.txt-nifty
71683628	com.typecurry
71688415	com.tyremap
71690604	com.tyskret
71694694	com.tz-muenchen
71704616	com.u-rob
71739056	com.uberall
71755026	com.ubilabs
71765642	com.ubuntucollectivemunich
71787428	com.ue-germany
71787940	com.uebelundgefaehrlich
71788193	com.uebex
71792420	com.ues-chassis
71817670	com.uhrenkosmos
71818479	com.uhutrust
71822780	com.uitdeoudekoektrommel
71825931	com.ujspaceainfo
71847987	com.ulistern
71849244	com.ullmann-sonnenschutz
71854153	com.ultimate-pro-wrestling
71927724	com.umfrageonline
71927830	com.umgcatalog
71934799	com.umsatzschmiede
71936544	com.umwelt-taxi
71936617	com.umweltstiftung
71936947	com.umzuege-hamburg
71936976	com.umzug-hamburg
71967643	com.undplus
71972590	com.unexpectedvirtualtours
71985272	com.unicyclic
71987406	com.unifiedfilmmakers
71996949	com.unionclip
72002823	com.uniqlo
72011712	com.unisense-environment
72049681	com.unker
72061481	com.unocontraunoweb
72067129	com.unrealwiki
72074712	com.untergrombach
72074938	com.unternehmensmeldungen
72074943	com.unternehmensnachrichten
72074984	com.unternehmer-gesucht
72077977	com.unumotors
72079169	com.unvergessliche-augenblicke
72091679	com.updateikn
72094754	com.upgrade-bynika
72109793	com.upsaley
72122508	com.upworthy
72126148	com.uramble
72130007	com.urban-photographer
72131445	com.urbanarrow
72134742	com.urbane-vielfalt
72136625	com.urbanfuture
72137482	com.urbanhealth-club
72157687	com.urlaubermagazin
72157806	com.urlaubsganoven
72159168	com.urlxray
72256187	com.usernamesideas
72279789	com.ustophere
72288081	com.utahpulce
72289707	com.utalk
72291002	com.utbtrade
72295747	com.utility-platform
72311554	com.uvc-repair
72331317	com.v-evropu
72339110	com.v78960
72341637	com.va-ra
72412924	com.valudis
72445275	com.vamedwwh
72446736	com.vamo-energy
72459402	com.vanamusic
72476983	com.vanguardagri
72478687	com.vanhack
72506114	com.varga-marketing
72511713	com.variousothers
72537698	com.vaytax
72549556	com.vcm-ing
72555600	com.vde
72555699	com.vdek
72604072	com.veggiedesserts
72640598	com.velo-city2013
72643784	com.velodyneacoustics
72669514	com.vente-mobilier-urbain
72669946	com.ventepalemaniapepe
72679074	com.venura-callboys
72685524	com.veraleemusic
72689823	com.verbraucher-tipps
72689828	com.verbraucherdienst
72689847	com.verbraucherschutz
72695812	com.vereinsregisterauszug
72696828	com.vergabe-insider
72785114	com.veronika-veit
72786413	com.veronikawild
72788137	com.verope
72793921	com.versengold
72834006	com.vexcash
72841639	com.vgd-brandenburg
72852013	com.viagemjovem
72852359	com.viaggi-brevi
72852717	com.viaggichemangi
72852939	com.viagginbici
72852953	com.viagginews
72858833	com.viajandodeincognito
72859415	com.viajarhamburgo
72860115	com.viajenaviagem
72860365	com.viajerosblog
72861148	com.viajesconmochila
72862866	com.viajoteca
72867042	com.viatgeaddictes
72867411	com.viatravelers
72879769	com.vice
72885189	com.vickiviaja
72912506	com.vidasurrealista
72927134	com.vidicy
72933157	com.vielfalten
72936442	com.vierlanden
72958705	com.viewtraveling
72978387	com.vildastamps
72980536	com.villa-farbenherz
72981136	com.villa-le-guadalupe
72982731	com.villa-zeitlos
73004239	com.villasalve
73062870	com.vip-tickets-only
73095349	com.virtu-visit
73095511	com.virtuagym
73112026	com.visable
73135037	com.visit-northerngermany
73135054	com.visit-oman
73135349	com.visit-travemuende
73137737	com.visitbodo
73140623	com.visiteurope
73142771	com.visitingparisbyyourself
73142868	com.visitingvienna
73144309	com.visitluxembourg
73147969	com.visitromewi
73148715	com.visitsights
73152582	com.visor-tech
73152596	com.visorando
73176630	com.vitalzentren
73181987	com.vitiana
73241612	com.vivienne-kahl
73244907	com.vivodeviajes
73256189	com.vizesozluk
73266010	com.vkd
73266304	com.vkf-renzel
73270879	com.vladtepesblog
73277028	com.vm-schneider
73289025	com.vnlandnote
73300485	com.voelckerdesign
73302589	com.voglioviverecosi
73302591	com.voglioviverecosiworld
73302811	com.vogt-la
73314290	com.voipstudio
73337590	com.volker-schlee
73337823	com.volkerhoff
73341276	com.volkswagen-group
73345214	com.vollers
73352739	com.volopiuhotel
73359576	com.volunty
73362660	com.von-gamm
73363340	com.vonbuchholtz
73363700	com.vondereurope
73364108	com.vonengelhardt
73364449	com.vongestern
73365157	com.vonklitzing
73366444	com.vontadedeviajar
73390762	com.vounajanela
73399820	com.voyageursintrepides
73400159	com.voyajo
73466866	com.vt-stage
73493367	com.vueling
73497236	com.vufbikes
73501070	com.vukjevremovic
73525879	com.vwwallpapers
73544536	com.w88c21
73551785	com.wacken
73558677	com.waermepumpe-einbau
73561901	com.wagecentre
73588333	com.walddetektive
73590426	com.waldquest
73599013	com.walkinglandscapes
73618847	com.walter-heckmann
73629759	com.wanderbeforewhat
73630619	com.wanderineurope
73632668	com.wanderlog
73633132	com.wanderlustdesigner
73633391	com.wanderlustmarriage
73635025	com.wanderyourway
73638666	com.wangler-partner
73652493	com.waoww
73668945	com.warndienst
73670071	com.warnholz-realestate
73685825	com.waseigenes
73708255	com.watchpartyradar
73722713	com.waterman75
73742060	com.wavednet
73750517	com.waxmann
73760119	com.wayp
73776882	com.wcifly
73778263	com.wcndt2016
73788790	com.we-are-plan-a
73790275	com.we-rise-together
73806300	com.wearehighfive
73849282	com.webdesign-norderstedt
73854689	com.weber-ai
73857205	com.webfilmland
73860176	com.webharvy
73868202	com.weblinkus
73872733	com.webnapp-programming
73880882	com.webscraping
73880887	com.webscrapingexpert
73890417	com.websrvcs
73897084	com.weburbanist
73901853	com.webyroot
73902403	com.webzunder
73904948	com.weclapp
73921625	com.wedrinkcoffeetogether
73924593	com.weebly
73928981	com.weekenderhq
73932426	com.weenect
73942281	com.weichselbaum
73947096	com.weiglcontrol
73947642	com.weiherer
73951559	com.weine-dieser-welt
73952643	com.weinmann-emergency
73953530	com.weinzelt
73957711	com.weissimmobilien
73964792	com.welcome-hub-germany
73969682	com.welcoming-out
73984006	com.wellness-in-pulheim
74000748	com.weltanwaelte
74000988	com.weltenkundler
74001567	com.weltreize
74002412	com.wemag
74007265	com.wendland-international
74020330	com.wer21
74020893	com.werbeluchs
74023434	com.werk1
74024343	com.werkstatt-nxt
74024747	com.wermescher
74026707	com.wertgutachten-immobilien
74050500	com.westerndesertsafari
74059481	com.westhollywoodweekly
74066981	com.westofeden
74070176	com.westpoint-online
74086134	com.wetter
74092114	com.wezoo
74116442	com.wfw
74135619	com.wgvdl
74146624	com.whatinaloves
74148641	com.whatisthatgreen
74173984	com.wheregoesrose
74174010	com.wheregroup
74174155	com.whereig
74174290	com.whereintheworldiskate
74175084	com.whereisthemarket
74177956	com.wheretostayinmunich
74178097	com.whereverfamily
74230746	com.whoalansi
74232979	com.whoisfrautroffea
74243010	com.wholesaleurope
74244646	com.wholeworldtrip
74250187	com.whp-compass
74256736	com.whydontyoutrythis
74264663	com.wiccawholesale
74266155	com.wichtel-muenchen
74271671	com.widayati
74271887	com.wide-communication
74276559	com.wiedergruen
74281399	com.wifor
74286909	com.wiki-safety
74287434	com.wikibis
74288020	com.wikidot
74289185	com.wikimili
74300965	com.wilde-relocation
74307364	com.wildganz
74320615	com.wildtroutstreams
74323865	com.wildwoodsportsbarandgrill
74329417	com.willanacademy
74379408	com.wind4factory
74380640	com.windecoo
74380854	com.windenergyhamburg
74381530	com.windertrag
74384641	com.windmuehlenbauer
74415898	com.wingtsun-hamburg
74446855	com.wir-in-muenchen
74446943	com.wir-sagen-ja
74460955	com.wise
74462130	com.wisebusiness-germany
74466179	com.wiseranker
74474804	com.wistra-online
74475834	com.witchcraft-spell
74484526	com.withoutapath
74485298	com.withprive
74486149	com.withtheblinks
74491639	com.wix
74492378	com.wixsite
74501859	com.wiztour
74509001	com.wjt-ortho
74519854	com.wlw
74526836	com.wmrgjw
74538360	com.wodkavines
74538763	com.woe-escort
74541062	com.wohnschoen-immobilien
74541077	com.wohnsitzausland
74546853	com.wolasewicz
74554481	com.wolfram-consult
74556977	com.wolkenfreunde
74558540	com.wolterskluwer
74562401	com.wombats-hostels
74571775	com.womensworldtoday
74572860	com.womi-life
74573119	com.womostellplatz
74584455	com.wonnda
74588363	com.woodbrezany
74615454	com.woom
74616359	com.woopcars
74638929	com.workingdogweb
74640522	com.workingwithcrowds
74652296	com.world-cup-info
74654194	com.world-today-journal
74654195	com.world-today-news
74657670	com.worldcarepet
74663298	com.worldfinancialreview
74663352	com.worldfirst
74664281	com.worldgardencities
74666303	com.worldinterfaithharmonyweek
74667947	com.worldlya
74671731	com.worldoflina
74672308	com.worldofporr
74675152	com.worldpopulationreview
74676236	com.worldremit
74677963	com.worldsessed
74682187	com.worldtravelable
74682222	com.worldtravelcateringexpo
74683978	com.worldwebcamlive
74684363	com.worldwide-motorhome-hire
74684435	com.worldwide-studies
74685523	com.worldwideibogadelivery
74687172	com.worldwildschooling
74696525	com.wouldntyourathertravel
74717002	com.wprincess
74777594	com.wunder-der-stadt
74777963	com.wunderflats
74778210	com.wunderklaenge
74778399	com.wundermobility
74788505	com.wvnderlab
74790335	com.ww-verwaltung
74918241	com.wyldfamilytravel
74943545	com.x55669
74958834	com.xataka
75006936	com.xclusive-escort
75015990	com.xe
75022358	com.xeniosworld
75027771	com.xevx
75040255	com.xhltools
75054489	com.xiaoledeng
75111369	com.xloopdigital
75120006	com.xml
75164375	com.xn--bestattung-mnchen-e3b
75165124	com.xn--beweggrnde-geb
75191876	com.xn--e1aaiboocoscqq
75198332	com.xn--fliesen-mnchen-osb
75203545	com.xn--haustr-frankfurt-nzb
75208819	com.xn--ingenieurbro-seifert-yec
75223206	com.xn--mnchen-news-thb
75243996	com.xn--seo-agentur-dsseldorf-lic
75243997	com.xn--seo-agentur-mnchen-y6b
75260783	com.xn--webdesignmnchen-8vb
75261728	com.xn--wohnungsauflsung-wrzburg-woc6n
75274641	com.xomyx
75275556	com.xoopsforge
75295193	com.xrea
75308849	com.xtechsoftwarelib
75348463	com.xxxtubemov
75400941	com.yalaz-transporte
75405186	com.yam
75413627	com.yamankoc
75493915	com.yasertrading
75517705	com.ybw
75526167	com.ycombinator
75590584	com.yenmeibaby
75591068	com.yensaomaidung
75593098	com.yepads
75600405	com.yesilsehirler
75609359	com.yext
75649874	com.yinwenseo
75676245	com.ylt-translations
75696033	com.yocket
75716339	com.yohomobile
75724248	com.yolandanaturally
75724855	com.yoldabiblog
75725755	com.yolo-blog
75727569	com.yomeanimo
75730413	com.yonejo
75752425	com.yooopaaa
75859431	com.yourlayoverguide
75874284	com.yoursforgoodfermentables
75888148	com.youshouldgohere
75933733	com.ypsimbanten
76030977	com.yukselcilingir
76032271	com.yuleheibel
76058816	com.yurtdisiatilim
76066023	com.yutugo
76077945	com.yvonneleeschultz
76130817	com.zagranportal
76132904	com.zahnarzt-darmstadt
76133093	com.zahnarzt-muc
76133099	com.zahnarzt-muenchen-zentrum
76146194	com.zaluzje
76151429	com.zammad
76153071	com.zanabrush
76157182	com.zannavi
76169378	com.zaptec
76199000	com.zatalana
76203446	com.zauberzeit
76233258	com.zebrastark
76243164	com.zeitarbeit-hamburg
76243858	com.zeitraum
76245629	com.zelatec
76247656	com.zell-group
76258883	com.zenhotels
76264341	com.zenner-fans
76265414	com.zenomoretti
76266020	com.zenovalifestyle
76270410	com.zentrumzahn
76283003	com.zeppelin-university
76318769	com.zeromotorcycles
76323441	com.zervant
76358246	com.zh8
76371054	com.zhejiangyiwu
76388040	com.zhit-v-polshe
76462231	com.ziegelmauer
76462526	com.zieglerundziegler
76468036	com.zikanalytics
76472502	com.zimmer-mieten
76488853	com.zirkus-trau-dich
76492640	com.zivilcourage-engagement
76523695	com.zmanmekomi
76540903	com.zohner
76541408	com.zoi-ramyala
76571337	com.zoshadicastri
76577299	com.zouboulis
76631340	com.zufitsimon
76631795	com.zugspitzarena
76634606	com.zukunftgesundestadt
76637092	com.zumaltenbahnhof-curslack
76642365	com.zupyak
76644094	com.zurimed
76647445	com.zuzuche
76649705	com.zvz-composite
76667585	com.zypern-magazin
76685630	community.1e9
76686196	community.androidenterprise
76692523	community.tbd
76703966	company.jetstar
76715893	computer.vo-la
76715976	computer.yqp
76732377	cooking.foodish
76735404	cool.de
76735748	cool.fdp
76743378	coop.lacol
76745338	coop.smartde
76764117	cruises.abicht
76922756	cz.aktualne
76937411	cz.ara
76938387	cz.archiweb
76954523	cz.autovylet
76954603	cz.autozive
76960470	cz.banan
76963654	cz.baugruppe
76963685	cz.baumbad
76992044	cz.cafe-henke
76996372	cz.casino-hra
77000129	cz.centrum
77006023	cz.chalupari-zahradkari
77013220	cz.cistadoprava
77019224	cz.concert
77024667	cz.ctyridny
77027481	cz.czdefence
77038131	cz.demagog
77041999	cz.deutschland
77055265	cz.dovolenavnemecku
77066020	cz.echo24
77077015	cz.energozrouti
77086571	cz.expocs
77100934	cz.flowee
77107220	cz.free
77116274	cz.genea
77121997	cz.gov.czechtrade
77122101	cz.gov.md
77122131	cz.gov.mzv
77135224	cz.herman
77139651	cz.hn
77156531	cz.idnes
77157515	cz.ikobylnice
77159386	cz.incorrect
77169276	cz.itpravo
77172029	cz.jakdonemecka
77213727	cz.kosmetikapelhrimov
77222594	cz.krouzek
77230229	cz.labska-stezka
77239790	cz.letuska
77244113	cz.linux-doma
77248188	cz.loudavymkrokem
77248744	cz.lowkostak
77259081	cz.manipulatori
77295641	cz.msstavby
77304469	cz.nadmlynem
77305663	cz.nakole
77337406	cz.openoffice
77341596	cz.osel
77364757	cz.pincity
77371486	cz.plzenmanavic
77381917	cz.poulik
77384428	cz.prag-aktuell
77392852	cz.proelektrotechniky
77397790	cz.protravel
77427247	cz.rodostrom
77428824	cz.root
77430066	cz.roxette
77445120	cz.securitymagazin
77447153	cz.senzarecepty
77451759	cz.shuttleeurope
77468999	cz.smilingway
77470463	cz.snehulacek
77478891	cz.splasenamys
77489607	cz.stehovani-zahranici
77500709	cz.superzoubek
77503423	cz.svetcasu
77503590	cz.svethoreca
77504446	cz.svetubytovani
77506724	cz.sy-sy
77510326	cz.tanti
77516071	cz.terapiebolesti
77521502	cz.tiscali
77523745	cz.toeurope
77526688	cz.topmagazine
77527403	cz.torleidi
77529522	cz.traveldigest
77530521	cz.trestonline
77543093	cz.ukforum
77554972	cz.vegaczech
77559934	cz.vevlaku
77575258	cz.vychovanevychovou
77590080	cz.yatta
77604662	cz.zimnialetnicas
77617816	dance.hereweare
77619567	dance.yellowsub
77633370	de.01integer
77634974	de.0385
77635053	de.03arch
77635122	de.04
77639508	de.089-werbung
77639703	de.089hochzwei
77639915	de.089werbung
77641142	de.0deutschland
77643070	de.1-2-3-gaestebuch
77644774	de.10-0-0-1
77644963	de.10-okt
77645110	de.100-gesundheitstipps
77645119	de.100-haeuser
77645595	de.1000-haushaltstipps
77645682	de.1000-orte-der-stille
77645856	de.100000schmetterlinge
77646140	de.1000fuessler-muenchen
77647296	de.1001reisetraeume
77647537	de.100bizarrladies
77648021	de.100jahrewensenbalken
77648257	de.100partnerprogramme
77649020	de.100x100schwimmen
77649703	de.105viertel
77651125	de.10xcrm
77651303	de.11-km
77652315	de.115
77654070	de.1215000
77654395	de.123-eintrag
77656324	de.123erfasst
77657630	de.123mpu
77658076	de.123recht
77659059	de.123zahnschmerzen-weg
77659656	de.12apostelrestaurant
77660096	de.12gewinn
77660190	de.12hp
77660377	de.12meat
77660453	de.12motive
77660764	de.12startups
77664270	de.163grad
77664707	de.16vor
77666665	de.18jetzt
77666973	de.1902stiftung
77666987	de.1904
77667021	de.1906haidhausen
77668202	de.1a-alltagshelfer
77670935	de.1a-office24
77672511	de.1a-yachtcharter
77672641	de.1aadvokat
77674623	de.1bis19
77674676	de.1blu
77675928	de.1fc-marzahn94
77675943	de.1fc-romonta-amsdorf
77676027	de.1fcr09bramsche
77678817	de.1ppm
77679383	de.1siebert
77679717	de.1st-news
77680634	de.1to1concerts
77682029	de.1zimmerkaufen
77683989	de.2021jlid
77684132	de.2030agenda
77684135	de.2030hamburg
77686052	de.21solutions
77687002	de.22places
77689239	de.247-wohnungsaufloesung
77689956	de.24adventskalender
77692194	de.24notes
77692401	de.24punkt
77699250	de.2fox4
77699582	de.2glory
77700933	de.2levelsup
77701415	de.2mecs
77706618	de.30minuten-fuer-demokratie
77707302	de.320grad
77708098	de.32karten
77709549	de.360-grad-aufnahmen
77709603	de.360-grad-rundgang
77709651	de.360-mobile
77710429	de.365digital
77710753	de.37raten
77711104	de.3b-konzept
77711274	de.3c-consulting
77711766	de.3d-drucker-community
77713979	de.3dtrickart
77714189	de.3er
77714222	de.3esolutions
77714509	de.3h-automobile
77714774	de.3kaesehoch-muenchen
77715148	de.3moewen-silversurfer
77715678	de.3s-hamburg
77715713	de.3s-webdesign
77716052	de.3tuerig
77716949	de.40-something
77717220	de.40stunden
77718456	de.48h-bautzen
77719029	de.4attheclub
77719969	de.4free
77720196	de.4haus
77720519	de.4kleeblatt
77721695	de.4soft
77721858	de.4teachers
77721900	de.4thebike
77722168	de.4vestor
77722826	de.5-schuss
77723297	de.50er-forum
77723444	de.50morgen
77723456	de.50plus
77723512	de.50plus-treff
77723534	de.50plusconsulting
77723956	de.52erbild
77724756	de.59plus
77725474	de.5martins
77725761	de.5secrets
77725774	de.5seenhochzeit
77725857	de.5starsbau
77726575	de.60undmehr
77727342	de.6833ecd
77728406	de.7-it
77728589	de.700jahreothmarschen
77729499	de.76
77731130	de.7sternedeluxe
77731446	de.8
77732045	de.83metoo
77732789	de.8bj
77732948	de.8hirsch-to-go
77733088	de.8mai-hamburg
77733969	de.92m
77734775	de.99prozenturban
77735113	de.9mail
77735766	de.a-buchholz
77735883	de.a-coding-project
77735895	de.a-concepts
77736268	de.a-fsa
77736599	de.a-j-v
77737604	de.a-rehfeldt
77738170	de.a-tour
77739209	de.a2-freun
77739283	de.a24
77739335	de.a2b-umzuege
77739847	de.a7-reinigung
77739893	de.a8-hotel
77740432	de.aab-wurmboeck
77740773	de.aachen-ratgeber
77740808	de.aachen-sued-west
77740926	de.aachener-boysday
77740932	de.aachener-copy
77740978	de.aachener-grund
77741146	de.aachenerbranchen
77741328	de.aadeco-gmbh
77741762	de.aalen
77742024	de.aamgard
77742537	de.aaronhunt
77742739	de.aat-haw
77743159	de.ab-hald
77743261	de.ab-ins-schwimmbad
77743283	de.ab-jh
77743675	de.aba-holz
77743739	de.abaci
77743776	de.abacus-assetmanagement
77743815	de.abacus-nachhilfe
77743922	de.abagfullofdreams
77743980	de.abakus-internet-marketing
77744263	de.abasto-hotels
77744287	de.abaton
77744312	de.abauf
77744457	de.abba-sprachendienste
77744508	de.abbassi-wiegand
77744604	de.abbiegeassistent
77744672	de.abbruch-baumgartl
77744758	de.abbruch-schmelzer
77744946	de.abc-apo-muc-app
77744973	de.abc-automobile
77745160	de.abc-gefahren
77745201	de.abc-huell
77745232	de.abc-kinder
77745500	de.abc-wassersport
77745632	de.abcert
77746554	de.abendanalyse
77746559	de.abendbericht
77746590	de.abendfokus
77746831	de.abendschule-kassel
77746904	de.abendzeitung-muenchen
77746964	de.abenteuer-almanach
77747046	de.abenteuer-escort
77747206	de.abenteuer-regenwald
77747394	de.abenteuerfreizeit
77747421	de.abenteuerhamburg
77747423	de.abenteuerhausbau
77747827	de.abereus
77747922	de.abeskas
77748096	de.abfallabc
77748185	de.abfallmanager-medizin
77748248	de.abfallwirtschaft-germersheim
77748451	de.abflussexpress
77748506	de.abflussspeedy
77748531	de.abfragen
77748568	de.abg-consulting
77748586	de.abg-group
77748853	de.abgeordnetenwatch
77749568	de.abiblick
77749591	de.abicht
77749724	de.abikurse
77749853	de.abinswasser
77749885	de.abipilot
77749896	de.abipur
77750064	de.abitipps
77750090	de.abitreff
77750105	de.abitur-abi
77750198	de.abiturnachholen
77750228	de.abiwallenstein
77750561	de.ableismus
77750656	de.abluftmotor
77750657	de.abluftprofi
77750766	de.abmahnung
77750847	de.abmeldung
77751017	de.abnehmen-bis-wunschgewicht
77751908	de.aboutamazon
77751923	de.aboutbride
77752316	de.abrahamhof
77752375	de.abramowitsch
77752448	de.abraxas-makler
77752693	de.abriundraabe
77752907	de.abs-rz
77752909	de.abs-sanierung-hannover
77752913	de.abs-schluesseldienst
77753147	de.abschiebeterminal-verhindern
77753202	de.abschiedsangebot
77754070	de.absolut-gebaeudemanagement
77754161	de.absolutanalog
77754195	de.absolute-brightside
77754611	de.abstimmung21
77755576	de.abwasser-analysezentrum
77755932	de.abz-bayern
77756347	de.ac-hoehenfried
77756383	de.ac-kaelte-klima
77756582	de.ac-senger
77756904	de.academics
77757461	de.acatech
77757973	de.accesstodance
77758112	de.acconsis
77758113	de.acconsis-finanz
77758341	de.accumulata
77759119	de.achatz-heizung
77759398	de.achim-amme
77759407	de.achim-bartoschek
77759738	de.achimheck
77760045	de.achstetten
77760173	de.achter-mai-sh
77760192	de.achterbahndeslebens
77760250	de.achterkerke
77760280	de.achtern-witten-tuun
77760588	de.achtsamer-norden
77760883	de.achtsamkeitstraining-muenchen
77760896	de.achtsamkeitundentspannung
77760948	de.achttausender-im-erzgebirge
77760959	de.achtung
77761095	de.achtziger
77761666	de.ackermannbogen-ev
77761704	de.ackernfuerhamburg
77761715	de.ackerpoolco
77762136	de.acol24-3
77762144	de.acollage
77762206	de.aconax
77762648	de.acquaefarina-coburg
77762852	de.acriba
77763505	de.actapro
77763557	de.acteno
77763697	de.actio-cpa
77763763	de.action-funtours
77763909	de.actionella
77764100	de.activ-fuer-alle-inklusion
77764478	de.activecityarena
77764481	de.activecitysummer
77764940	de.actrice-escort
77765209	de.acv
77765571	de.ad-hoc-news
77765904	de.ada-mielentz
77765958	de.adac
77766180	de.adah
77766372	de.adam-haustechnik24
77766415	de.adam-lieferservice
77766507	de.adam-sophie
77766751	de.adams-anwaelte
77767365	de.adbv-coburg
77767411	de.adc
77767658	de.adda
77767683	de.addart
77767752	de.addf-kassel
77768181	de.adebar
77768323	de.adelante-jugendhilfe
77768326	de.adelante-umzuege
77768389	de.adeleinmunich
77768789	de.adendorf
77769059	de.adf-inkasso
77769081	de.adfc
77769156	de.adfc-ffb
77769159	de.adfc-frankfurt
77769187	de.adfc-halstenbek
77769205	de.adfc-hu
77769307	de.adfc-pfaffenhofen
77769308	de.adfc-pinneberg
77769313	de.adfc-radtourismus
77769345	de.adfc-starnberg
77769403	de.adfera
77769437	de.adfontes-hamburg
77769454	de.adfreak
77769717	de.adhs-ausweis
77769754	de.adhs-deutschland
77769815	de.adhs-kompakt
77769921	de.adhs365
77769955	de.adhspedia
77770191	de.adigwe
77770750	de.adk
77770765	de.adk-hamburg
77771330	de.adler-gaertnerei
77771854	de.adlerhome
77771946	de.adlersaal-kerken
77771991	de.adlershoferbuergerverein
77772100	de.adlkofen-sharks
77772959	de.adolph-diesterweg-schule
77772981	de.adolphine
77773216	de.adorf-volley
77773802	de.adresslabor
77773933	de.adria-muenchen
77774317	de.adriano-pizzeria
77774458	de.adribo
77774516	de.adrk
77774865	de.adsmasters
77775100	de.adu-inkasso
77775326	de.adv-online
77775338	de.adva
77775784	de.advent-verlag
77776213	de.adventskirche
77777079	de.advo-pelka
77777232	de.advokat-bonn
77777238	de.advokat-dorochov
77777288	de.advokatur-berlin
77777389	de.advoscheidung
77777447	de.adw-goe
77777512	de.adwild
77777683	de.ae-eventpeople
77778574	de.aekbv
77778742	de.aelteste-verkehrstherapie-in-deutschland
77778820	de.aempf
77779563	de.aero-hg
77779651	de.aeroballonsport
77779733	de.aeroclub-bad-neustadt
77779794	de.aeroclubhamburg
77779899	de.aerolectures
77780356	de.aerzte-gegen-tierversuche
77780548	de.aerzteblatt
77780602	de.aerztegemeinschaft
77780946	de.aerztenetzkoeln
77781053	de.aerztevermittlung-ausland
77781065	de.aerztezeitung
77781066	de.aerztezentrum
77781114	de.aerztezentrum-spandau
77781123	de.aerztezentrumamoez
77781159	de.aerztliche-osteopathie-muenchen
77781214	de.aes-kernbohrtechnik
77782050	de.aetas
77782233	de.aev-muenchen
77782540	de.af-photo
77782609	de.af360
77782680	de.afa-spd-reinickendorf
77782977	de.afd-armaturen-leuna
77783337	de.afd-landkreis-stade
77783404	de.afd-muenchen
77783438	de.afd-oberbayern
77783556	de.afd-stadtrat-muenchen
77784754	de.afg-im-netz
77784779	de.afg-schuldnerberatung
77784853	de.afghanempor
77785562	de.aflm-munich
77785596	de.afm-hersfeld
77786107	de.africanheritagemagazine
77786211	de.afrika-deko-shop
77786251	de.afrika-hamburg
77786343	de.afrika-zentrum
77786490	de.afrikanischeszentrum
77786501	de.afrikapost
77786672	de.afrodiasporamuenchen
77786708	de.afrokunst-muenchen
77786732	de.afronews
77787108	de.aftermarket-trends
77787337	de.afvd
77787363	de.afw-cuxhaven
77787454	de.ag-adhs
77787544	de.ag-buhlstrasse
77787571	de.ag-demokratie-geschichte
77787638	de.ag-familie
77787890	de.ag-mg
77787926	de.ag-neuengamme
77787947	de.ag-osteland
77788261	de.aga
77788273	de.aga-dgpl
77788661	de.agathe-lasch
77788799	de.agbf
77788800	de.agbf-bayern
77788843	de.agbuere
77788908	de.agdaz
77789231	de.agenda-leben
77789363	de.agenda21-treffpunkt
77789383	de.agenda21treffpunkt
77789582	de.agentin
77789776	de.agentur-betreuung
77790065	de.agentur-fuer-digitale-medien
77790540	de.agentur-meiner
77790791	de.agentur-rumler
77790994	de.agentur-traumhochzeit
77791265	de.agenturblog
77791430	de.agenturincognito
77791791	de.agesa
77791898	de.agfj-hamburg
77791900	de.agfj-hh
77791908	de.agfk-bayern
77791912	de.agfk-lsa
77791928	de.agfp
77791938	de.agfs-hamburg
77791955	de.agfw-hamburg
77791988	de.agg-schulung
77791995	de.agg1111
77792005	de.aggb-katalog
77792305	de.agij
77792373	de.agilafit
77792511	de.agile-unternehmen
77792966	de.agir-ici
77793310	de.agm-online
77793503	de.agnes-krumwiede
77793794	de.agoef
77793956	de.agora-verkehrswende
77793967	de.agoradigital
77794112	de.agpf
77794751	de.agrargiganten
77794887	de.agrarministerkonferenz
77795975	de.ags-hamburg-mitte
77796235	de.agtoptimiert
77796366	de.agus-markgraeflerland
77796491	de.agv-vers
77796533	de.agvb
77796557	de.agvnord
77797123	de.ah-recht
77797320	de.aha-2012
77797341	de.aha-chemnitz
77797480	de.aha-region
77798030	de.ahfilstal
77798038	de.ahfs
77798206	de.ahk
77798462	de.ahlenmoor
77798465	de.ahlenstorf-scheffler-kollegen
77798527	de.ahlerstedt-ferienhaus
77798712	de.ahmc
77798808	de.ahnen-chronik
77799160	de.ahoi-hamburg
77799268	de.ahoisteffenhenssler
77799536	de.ahpb-diequelle
77799824	de.ahrensburg-lokal
77799851	de.ahrensburger-tsv
77799858	de.ahrensburgerweg
77800110	de.ahs-antriebstechnik
77800432	de.ai-ag
77801108	de.aic-computerservice
77801158	de.aicb-ev
77801328	de.aichwald
77801446	de.aida-archiv
77801627	de.aidia-pitch
77801641	de.aidlingen
77801772	de.aidshilfe-hamburg
77801803	de.aidshilfe-regensburg
77801962	de.aig-hamburg
77802215	de.aik-sh
77802470	de.aikido-in-muenchen
77803558	de.aip-intensivpflege
77804261	de.airclip
77804406	de.airdolomiti
77804532	de.aireg
77804832	de.airliners
77805325	de.airportmunich-transfer
77805344	de.airportrace
77805976	de.aischu
77806139	de.ait-xia-dialog
77806163	de.aitern
77806221	de.aitrachtaler-theatergruppe
77806850	de.ajan-service
77806989	de.ajedv
77807097	de.ajm-services
77807153	de.ajoure
77807298	de.ajw-hamburg
77807954	de.ak-panafrikanismus
77807973	de.ak-pflege-blog
77808280	de.ak49
77808338	de.aka-muenchen
77808427	de.akademie
77808478	de.akademie-bayern
77808548	de.akademie-der-kuenste
77808673	de.akademie-fuer-finanzberatung
77808703	de.akademie-fuer-pflege
77808705	de.akademie-fuer-publizistik
77808740	de.akademie-gesundes-leben
77808769	de.akademie-hamburg
77808965	de.akademie-nordkirche
77808975	de.akademie-oegw
77809022	de.akademie-psychotherapie-deutschland
77809027	de.akademie-quellen
77809284	de.akademiefuersicherheit
77809314	de.akademienord
77809366	de.akademikerbund
77809416	de.akademische-jobs
77809497	de.akadlab
77809878	de.akazienapo-app
77809940	de.akb-mode
77810164	de.akdb
77810198	de.akdigitalegesellschaft
77810550	de.akh-fensterbau-merseburg
77810584	de.akhb
77810624	de.akhh
77810709	de.aki-stuttgart
77811042	de.akjc
77811523	de.akkordeonunterricht-muenster
77812064	de.akkzeitung
77812295	de.akn
77813022	de.akropolis-forchheim
77813327	de.aks-thueringen
77813371	de.aksb
77813484	de.aksukebap-plauen
77813763	de.akteure-und-taeter-im-ns-in-siegen-und-wittgenstein
77813764	de.akteurinnen
77813765	de.akteursplattform-bne
77814114	de.aktienrenterechner
77814264	de.aktion-bruecke
77814321	de.aktion-fischotterschutz
77814322	de.aktion-flaeche
77814409	de.aktion-kindertraum
77814470	de.aktion-mensch
77814529	de.aktion-pro-eigenheim
77814722	de.aktionbleiberecht
77814940	de.aktionsforum-nachhaltigkeit
77814970	de.aktionsgruppe-asyl
77815045	de.aktionsnetzwerk-nachhaltigkeit
77815536	de.aktiv-online
77815577	de.aktiv-rauchfrei
77815744	de.aktiva-gesundheitswesen
77815772	de.aktiva-steuerberatung
77815895	de.aktive-buergerschaft
77815971	de.aktive-rentner
77816009	de.aktive-zentren-trudering
77816251	de.aktivhotelaschau
77816426	de.aktivlogistik
77816472	de.aktivoli
77816479	de.aktivoli-wandsbek
77816505	de.aktivpersonalservice
77816604	de.aktivsenioren
77816925	de.aktuell-verein
77816963	de.aktuelle-grundstueckspreise
77817018	de.aktuelle-sozialpolitik
77817182	de.aku-bochum
77817594	de.akupunktur-tcm-muenchen
77817742	de.akurate-linguistics
77817955	de.akustikfuchs
77818255	de.akvdirekt
77818289	de.akvo
77818376	de.akweb
77818659	de.akzent-mobil-minden
77818783	de.akzente4you
77818850	de.akzeptanz-therapie
77818878	de.al-adala
77819524	de.al-modelldesign
77820285	de.aladdin-musical
77820313	de.aladin-hamburg
77820559	de.alal-touatit
77820725	de.alangu
77822014	de.albatros-hamburg
77822487	de.albert-bayer
77822763	de.albert-schweitzer-miteinander
77822831	de.albert-steffen
77822870	de.albert-wilhelm
77822880	de.albert-zwei
77822970	de.albertinen
77822975	de.albertinen-haus
77822981	de.albertinen-schule
77822988	de.albertinen-zentrum-altersmedizin
77823313	de.albhof
77823861	de.albrecht-neuschwanstein
77823940	de.albrecht-thaer-gymnasium
77823950	de.albrecht-trier
77824159	de.albstadt
77824467	de.alc-arbeitsrecht
77825157	de.aldingerarchitekten
77825346	de.aleatorische-demokratie
77825723	de.alemannia-judaica
77826546	de.alex-hauk
77826828	de.alex-weingarten
77826934	de.alexackva
77827290	de.alexander-immobilienmakler
77827754	de.alexander-technik-lehrer
77827834	de.alexander-wallasch
77827979	de.alexanderdacos
77828272	de.alexanderlorenzdj
77828408	de.alexanderroentgen
77828862	de.alexandra-gutzke
77829225	de.alexandracavelius
77830509	de.alexunil
77830627	de.alf-hannover
77831533	de.alfred-finkenwirth
77832215	de.algie-bestattungen
77832635	de.alias-news
77832945	de.alice-wonderland
77832971	de.alicecities
77833153	de.alida
77833245	de.alienhardt
77833462	de.alimaus
77833913	de.alippi
77835515	de.all4phones
77835659	de.allaboutmobility
77835670	de.allaboutports
77835999	de.allcox
77836294	de.alle-schuetzenvereine
77836371	de.alleangeln
77836404	de.alleckna
77836541	de.allefuerdiehalle
77836755	de.alleinerziehend-evangelisch
77836854	de.alleinunterhalter-chris
77836863	de.alleinunterhalter-fh
77836985	de.allemannanbord
77837083	de.allenkindernbeideeltern
77837089	de.allensbach
77837146	de.aller-rose
77837637	de.allerleirauh
77837812	de.alles-andre
77837973	de.alles-fuer-die-perfekte-hochzeit
77838033	de.alles-gut-singen
77838273	de.alles-perfect
77838297	de.alles-reinigen
77838457	de.alles-wird-schoen-e-v
77838486	de.alles-zur-hochzeit
77838507	de.allesaktuell
77838558	de.allesausseraas
77838569	de.allesaussersport
77838752	de.allesgehtgut
77838972	de.allesmuenster
77839056	de.allesrechtens
77839444	de.allfit-bikes
77840115	de.allgaeufinanz-wirth
77840357	de.allgemeinarzt-bogenhausen
77840414	de.allgemeinarzt-perlach
77840811	de.allgemeinmedizin-moosach
77841088	de.allianz
77841393	de.allianz-fuer-den-freien-sonntag
77841746	de.allianz-meeresforschung
77841862	de.allianz-pro-schiene
77842207	de.allianzdirect
77842526	de.allitera-verlag
77842568	de.allkampf-diespeck
77842793	de.allmersbach
77842857	de.allmystery
77843293	de.allrocknrollspeedsup
77843299	de.allround
77843477	de.allroundrent
77844022	de.alltagsdienst-hamburg
77844074	de.alltagsfuchs
77844214	de.alltagshilfe-oberbayern
77844392	de.alltagstipp
77844487	de.allthera-physio
77844501	de.allthingsdigital
77844692	de.allwartung
77844928	de.allzeit-bereift
77845254	de.almanar-hamburg
77845294	de.almanyabulteni
77845296	de.almanyadakiturkler
77845627	de.almgrill
77845663	de.almi-spezialkabel
77845710	de.almisoft
77845969	de.almutdorn
77846375	de.aloha-promotion
77846411	de.alohadan
77846526	de.alois-schuetz
77846608	de.aloma
77846786	de.alp
77846813	de.alp-institut
77847568	de.alpen-panoramahof
77847622	de.alpenair
77847927	de.alpenhof-toelz
77847979	de.alpenjoy-tourismus
77848029	de.alpenland-fotografie
77848097	de.alpennest-nesselwang
77848328	de.alpenverein
77848445	de.alpenverein-muenchen-oberland
77848546	de.alpenwelt-karwendel
77848900	de.alpha-fundsachen
77849148	de.alpha-recht
77849507	de.alphadekade
77849558	de.alphafenster
77849649	de.alphakeytech
77849768	de.alphanauten
77849771	de.alphanet
77849870	de.alpharettung
77849907	de.alphasicherheit-muenchen
77850973	de.alraune-schulgastronomie
77850979	de.alrawda
77851161	de.als-mobil
77851207	de.als-verlag
77851287	de.alsbach-haehnlein
77851380	de.alsenhof
77851383	de.alsensio
77851402	de.alsfeld
77851605	de.alster-aktuell
77851626	de.alster-detektive
77851636	de.alster-ensemble
77851649	de.alster-hof
77851675	de.alster-rechtsanwaelte
77851679	de.alster-relocation
77851698	de.alster-umzuege
77851711	de.alsterarbeit
77851756	de.alsterdorf
77851757	de.alsterdorf-assistenz-ost
77851774	de.alstereck
77851787	de.alsterfroesche
77851821	de.alsterknirpse
77851837	de.alsterlauf-hamburg
77851872	de.alsterphysio
77851888	de.alsterring-gymnasium
77851892	de.alsterrundschau
77851933	de.alstertal-immo
77851947	de.alstertaler-eingliederungshilfe
77851955	de.alstertallauf
77851956	de.alstertalplus
77852200	de.alt-katholisch
77852244	de.alt-marzahner-apotheke
77852292	de.alt-partner
77852502	de.altan-hotel
77852636	de.altbau-neu-gedacht
77852729	de.altbayern
77853662	de.alte-post-holzkirchen
77853916	de.alte-schule-reitbrook
77854014	de.alte-suederelbe
77855012	de.altenheim-daheim
77855506	de.altenpflegeschueler
77855627	de.altenwerder-werft
77855685	de.alteon
77855955	de.alter-pflege-demenz-nrw
77856024	de.alter-wall-hamburg
77856188	de.alterhof-hotel
77856236	de.altermannamfluss
77856301	de.alternativ-fahren
77856303	de.alternativ-gesund-leben
77856553	de.alternative-zu
77856728	de.alternato
77856828	de.altersdiskriminierung
77856852	de.altersgerecht-modernisieren
77857041	de.altersvorsprung
77857100	de.alterwirt
77857106	de.alterwirt-hallbergmoos
77857120	de.alterwirt-weyarn
77857323	de.altes-land-ferienwohnung
77859057	de.altmuehltaltipps
77859214	de.altona-holzbau
77859225	de.altona93
77859228	de.altonablog
77859237	de.altonaer-kinder-kueche
77859242	de.altonaer-schachklub
77859258	de.altonaerturnverbandvon1845
77859263	de.altonanord
77859270	de.altonatur
77859334	de.altpeter
77859346	de.altphilologenverband
77859952	de.altstadtfreunde-muenchen
77860068	de.altstadtkirche
77860135	de.altstadtpension-ratsmuehle
77860473	de.altwirt-lenggries
77861043	de.aluminiumdeutschland
77861193	de.alumni-psychologie
77861263	de.alunah
77861720	de.alvinex
77861873	de.alwaysbeta
77861926	de.alwert-partner
77862058	de.alyhuette
77862227	de.alzheimer-bw
77862240	de.alzheimer-duisburg
77862270	de.alzheimer-hamburg
77862570	de.am-beratung
77862638	de.am-chiropractic
77863324	de.am-seefeld
77864070	de.amalie
77864409	de.amann-versicherung
77864874	de.amatelier-ferienwohnung
77864912	de.amateur-fussball-hamburg
77865087	de.amateurfunkpraxis
77865338	de.amazedmag
77866028	de.amberg-bochum
77866053	de.amberg-news
77866147	de.ambergtax
77866226	de.ambg
77866248	de.ambiancerivoli
77866759	de.ambros-chicken
77866995	de.ambulante-intensivpflege-westerwald
77867235	de.ambulanter-pflegedienst-gratiae
77867305	de.ambulanterpflegedienst-seniorenfreunde
77867779	de.amd-dachdeckerei
77868383	de.amelieputzar
77868579	de.amenta
77869248	de.amerikazentrum
77869490	de.amfeuerimwald
77869649	de.amgeon
77869681	de.amgoune
77869701	de.amh
77869757	de.amhart
77869768	de.amheidberg
77870202	de.amiga-muenchen
77870457	de.amiko
77870563	de.aminata-toure
77870927	de.amj-hamburg
77871460	de.ammerland
77871521	de.ammersbek
77871548	de.ammersee-campingplatz
77871880	de.amnesty
77871951	de.amnesty-china
77871981	de.amnesty-erlangen
77872022	de.amnesty-hamburg
77872065	de.amnesty-jv
77872128	de.amnesty-muenchen
77872267	de.amnf
77872608	de.amor-pflege
77872703	de.amoreal
77873178	de.ampen
77873216	de.amperblick
77874648	de.amt-barth
77874668	de.amt-breitenburg
77874679	de.amt-burg-st-michaelisdonn
77874684	de.amt-crivitz
77874691	de.amt-doberan-land
77874698	de.amt-eider
77874730	de.amt-geltingerbucht
77874740	de.amt-gps
77874764	de.amt-hohe-elbgeest
77874772	de.amt-huettener-berge
77874777	de.amt-itzstedt
77874788	de.amt-kisdorf
77874847	de.amt-neuhaus
77874874	de.amt-pinnau
77874919	de.amt-sn
77874932	de.amt-suedtondern
77874939	de.amt-trave-land
77875432	de.amtsgericht-hamburg
77875544	de.amtsguide
77875557	de.amtshelden
77875647	de.amtv
77875931	de.amuse-escort
77876671	de.amz-fba
77876715	de.amz-listing
77877343	de.ana-amil
77877540	de.anad
77877670	de.anaesthesie-kulmbach
77877929	de.analitik
77878162	de.analyseasia
77878174	de.analysemobil
77878652	de.anarchaeologie
77878828	de.anastasiaandreeva
77879049	de.anawalto
77879169	de.anbauverband
77879240	de.anbieter-livestream
77879307	de.anbosagig
77879660	de.anda
77879753	de.andalusien360
77879992	de.anderart-festival
77880290	de.anders-bucan
77880298	de.anders-denken-lernen
77880408	de.anders-relocation
77880671	de.andersrumportrait
77880694	de.anderssonimmobilien
77880809	de.anderwerk
77881397	de.andra-heesch
77881461	de.andraktiv
77881794	de.andre-rabe
77882439	de.andrea-larronge
77882844	de.andrea-thiele
77883211	de.andreagritzke
77883511	de.andreaobrien
77883532	de.andreapelka
77883614	de.andreas
77883968	de.andreas-dressel
77883995	de.andreas-edler
77884301	de.andreas-hedrich
77884415	de.andreas-holzknecht
77884508	de.andreas-karalus
77884958	de.andreas-paust
77885264	de.andreas-spiegler
77885269	de.andreas-sprunkel-steinmetz
77885447	de.andreas-weigmann
77885897	de.andreasfinger
77886261	de.andreaskirche-chemnitz
77886379	de.andreaslaurenzmaier
77887113	de.andrebaumann
77887156	de.andreclaassen
77887644	de.andres-lichtplanung
77888069	de.android-profis
77888712	de.andys-partydisco
77888723	de.andys-seehaeusl
77888807	de.andysparkles
77889020	de.anerkennung-in-deutschland
77889319	de.anetteschade
77889930	de.angehoerige-oberbayern
77889942	de.angehoerigenhilfe
77889947	de.angehoerigenschule
77890025	de.angel-fische
77890203	de.angela-carstensen
77890756	de.angelastiegler
77891086	de.angelguide
77891155	de.angelicavonderdecken
77891185	de.angelika-boeck
77891299	de.angelika-jacobi
77891987	de.angelmagazin
77892307	de.angelostiller
77892574	de.angelschule-nord
77892869	de.angelsportverein-harburg-wilhelmsburg
77893825	de.angewandte-theaterforschung
77894238	de.anglerfreunde-niedersachsen
77894239	de.anglerfreunde-nord
77894247	de.anglerfreunde-schleswigholstein
77894352	de.anglertreff24
77894361	de.anglerverband-hh
77894561	de.anglican-church-hamburg
77894796	de.angst-verstehen
77895487	de.anhaeusser
77896207	de.anima4animals
77896263	de.animal-aided-design
77896306	de.animal-health-online
77896572	de.animals-digital
77896862	de.anime-illusion
77896953	de.animedx
77897101	de.animod
77900227	de.anja-zeifang
77900579	de.anjaerichsen
77900681	de.anjahinrichsen
77900746	de.anjakirig
77901037	de.anjamyrdal
77901371	de.anjaskreativecke
77901455	de.anjavonwins
77901489	de.anjawilde
77902043	de.ankauf-aller-autos
77902636	de.anke-lambertz
77902815	de.anke-rees
77903039	de.anke-waterkamp
77903304	de.ankefrieling
77904614	de.ankes-gassi-service
77904990	de.anklam
77905711	de.anmatho
77905945	de.ann-krombholz
77906620	de.anna-reinke
77906943	de.annabelboeder-mediation
77906993	de.annabelle-sagt
77907234	de.annadrabinski
77907422	de.annaheger
77907644	de.annakrolicki
77907807	de.annaluciakaiser
77907854	de.annamardo
77909593	de.annefrankschule-dieburg
77910063	de.anneliefranke
77910332	de.annen-matthaeus-kirchgemeinde-dresden
77910615	de.annesimonekiesiel
77910923	de.annette-jagla
77911061	de.annette-robert
77911726	de.anni-braun-schule
77912419	de.annisultany
77912772	de.annot-jacobi
77912884	de.annvielhaben
77913079	de.anonym-magazin
77913526	de.anr
77913673	de.anrufer-bewertung
77913834	de.ansbach-friedenskirche
77913842	de.ansbach-news
77914459	de.ansitz-parstorfer
77914588	de.anstageslicht
77914820	de.ant-verlag
77914994	de.antares-apo
77915020	de.antares-muenchen
77915079	de.antary
77915265	de.antenne
77915361	de.antenneduesseldorf
77915375	de.antennemuenster
77915419	de.antenneniederrhein
77915470	de.antenneunna
77915612	de.anthh
77915804	de.anthroposophie-gegen-rassismus
77915997	de.anti-bias-praxis
77916633	de.antifaschistinnen-aus-anstand
77916648	de.antifeminismus-begegnen
77916995	de.antik-natur
77917294	de.antikefan
77917524	de.antikondensvlies
77918498	de.antisemitismus-in-deutschland
77918719	de.antiziganismusforschung
77919245	de.antjes-ferienwohnung
77919342	de.antjetemler
77919645	de.anton-ree-schule-allermoehe
77919792	de.antonellasbackblog
77919889	de.antonia-mittenwald
77919959	de.antoniakaya
77920128	de.antonioblago
77920306	de.antoniusklinik
77920351	de.antonleitner
77920389	de.antonpraetorius
77920435	de.antonsganzewelt
77920540	de.antrag24
77920541	de.antragheld
77920570	de.antragswegweiser
77920614	de.antriebe-schranken
77920813	de.antworten-auf-salafismus
77920870	de.anu-hh-sh
77921172	de.anwaelte-as
77921258	de.anwaelte-herne
77921354	de.anwaelte-spadenteich
77921629	de.anwalt-arnold
77921656	de.anwalt-bachmann
77921833	de.anwalt-doberan
77921849	de.anwalt-dr-wegner
77921886	de.anwalt-erbrecht
77921955	de.anwalt-fliege
77922099	de.anwalt-heinsberg
77922269	de.anwalt-kindschaftsrecht
77922317	de.anwalt-kuendigung-hamburg
77922699	de.anwalt-seiten
77922727	de.anwalt-soest
77922888	de.anwalt-usedom
77923059	de.anwaltboehling
77923129	de.anwaltinfos
77923370	de.anwaltskanzlei-adam
77923383	de.anwaltskanzlei-alt
77923773	de.anwaltskanzlei-kasel
77923797	de.anwaltskanzlei-klein
77923940	de.anwaltskanzlei-nelles
77924113	de.anwaltskanzlei-slotwinski
77924219	de.anwaltskanzlei-wieloch
77924305	de.anwaltskommunikation
77924345	de.anwaltsportalportal
77924360	de.anwaltsregister
77924472	de.anwaltverein
77924685	de.anwohnerini-schanzenviertel
77925344	de.anzeiger-verlag
77925831	de.aoew
77925897	de.aok
77926736	de.ap-micro
77926844	de.ap-treppenlifte
77927080	de.apart-arthotel
77927090	de.apart-escort
77927196	de.aparthotel-donaustern
77927340	de.apartment-burghausen
77927399	de.apartment-hotel
77927593	de.apartmentderkunst
77927627	de.apartmenthaus-international
77927761	de.apartments-hh
77927822	de.apartments-ulm
77927842	de.apartmentservice
77927954	de.apb-tutzing
77928015	de.apc-probenahmegeraete
77928082	de.apd-knoll
77928158	de.ape-familienhilfe
77929011	de.apfelhof-wegener
77929019	de.apfelinsel
77929064	de.apfelmaedchen
77929089	de.apfelpage
77929110	de.apfelrat
77929440	de.aphasie-bayern
77929916	de.apk-ev
77929928	de.apk-muenchen
77929961	de.apkongress
77930122	de.aplus-steuerberater
77930127	de.aplusa
77930158	de.aplusm-care
77930383	de.apo-am-guardinipark
77930465	de.apo-billstedt
77930609	de.apo-im-ndsh
77931162	de.apoimbeto
77931261	de.apoldaer-business-center-online
77931459	de.apollon
77931642	de.apomyjob
77931917	de.aposto-pizzeria-coburg
77931997	de.apothekarium
77932086	de.apotheke-am-alsterdorfer-markt
77932139	de.apotheke-am-bonner-platz-muenchen
77932425	de.apotheke-am-perlacher-forst
77932456	de.apotheke-am-ratzingerplatz
77932539	de.apotheke-am-ulmenweg
77932780	de.apotheke-blankenstein
77933584	de.apotheke-im-marxzentrum
77933703	de.apotheke-in-duvenstedt-app
77933747	de.apotheke-infos
77933905	de.apotheke-langenhorn
77934018	de.apotheke-mannheim
77934969	de.apotheke-zur-alten-post-hamburg-app
77935286	de.apotheken
77935674	de.apothekenverbund-volksdorf
77935719	de.apotheker-fischer
77935870	de.apothekewillibaldplatz
77936594	de.appartello
77936776	de.appartementhaus-am-uke
77937124	de.appdated
77937167	de.appel-aufzuege
77937325	de.appelrath-kemper
77937507	de.appflieger
77937806	de.applethree
77937953	de.apploft
77938006	de.appmeisterei
77938137	de.approbatio
77938166	de.approxikon
77938580	de.apricothotel
77938627	de.april-wynter
77938938	de.aps-hh
77939004	de.apsa-ev
77939591	de.aqtivus
77939604	de.aqua-agenten
77940166	de.aquacom-hoteldesign
77940355	de.aquafit-zeven
77941022	de.aquarien-center-loehning
77941151	de.aquarientage
77941634	de.aquariumzimmer
77942133	de.aquila-apotheke-muenchen
77942184	de.aquilliance
77942738	de.arabella-bayern
77943066	de.arag
77943109	de.arages
77944118	de.arbeiterkind
77944479	de.arbeitsagentur
77944554	de.arbeitsblog
77944921	de.arbeitskreis-familiengutachten
77945386	de.arbeitsplatz-erde
77945452	de.arbeitsratgeber
77945514	de.arbeitsrecht-bronhofer
77945749	de.arbeitsrechtanwalt
77945759	de.arbeitsrechthaberei
77945760	de.arbeitsrechthamburg
77945784	de.arbeitsrechtonline24
77945998	de.arbeitsschutz-segeberg
77946330	de.arbeitstipps
77946340	de.arbeitsunfaehigkeit-hamburg
77946400	de.arbeitsvertrag-hamburg
77946479	de.arbeitszeitrechner-24
77946537	de.arbeitundgesundheit
77946541	de.arbeitundleben
77946544	de.arbeitundleben-bildungswerk
77946571	de.arbeitzukunft
77946866	de.arboristik
77947330	de.arcd
77947537	de.archaeologie-muenchen
77948232	de.archi-stadt
77948357	de.archimag
77948415	de.archinet
77948633	de.architekt-bahr
77948754	de.architekt-buxtehude
77949127	de.architekt-isenberg
77949665	de.architekt-siegle-berlin
77949833	de.architekt-weishaupt
77950050	de.architekten-freising
77950089	de.architekten-hbh
77950418	de.architektenkammer-mv
77950436	de.architektenmuenchen
77950488	de.architektenvenus
77950634	de.architektjanssen
77950767	de.architektur-bauen-handwerk
77950953	de.architektur-immobilienbewertung
77951286	de.architektur-welt
77951363	de.architekturblatt
77951899	de.architekturgalerie-muenchen
77952034	de.architektursommer
77952081	de.architekturusw
77952250	de.archiv-geiger
77952256	de.archiv-grundeinkommen
77952443	de.archivierung-records-management
77952451	de.archivinform
77952458	de.archivkomplex
77952488	de.archivschule
77952543	de.archlro
77953462	de.ardusimple
77953803	de.arei
77954112	de.arenastadtmuenchen
77954205	de.arendt-hausverwaltung
77954562	de.arf-gmbh
77954777	de.arge-freie-muenchen
77954876	de.arge-muenchen
77955004	de.arge-vp
77955221	de.argepasing
77955556	de.argus-hh
77955588	de.argus-studio
77955633	de.argutus
77955735	de.ari-sunshine
77955783	de.ariadneprojekt
77956079	de.aribert-muhs
77956099	de.aric-hamburg
77956957	de.arkanil
77957219	de.arl-net
77957495	de.armagan-maler
77957584	de.armare-taekwondo
77958062	de.armihn
77958294	de.arminbruch
77958358	de.arminia-hegelingen
77959206	de.arne-platzbecker
77959413	de.arnepaulsen
77959495	de.arnewitte
77961217	de.aroundaboutmunich
77961228	de.aroundhome
77961480	de.arqum
77961562	de.arreal
77962049	de.ars-philosophandi
77962073	de.ars-rohrreinigungsservice
77962085	de.ars-service
77963367	de.art-invest
77964610	de.artaurea
77964692	de.artbild-fotografie
77964893	de.artcodesign
77965104	de.artdimitri
77965231	de.arte-moebel
77965379	de.artechock
77965423	de.artedio
77965555	de.artek-ka
77965656	de.artemed-muenchen-sued
77965996	de.artensterben
77966086	de.arterner-zeitung
77966295	de.artfiles
77966726	de.arthotel-connection
77967052	de.arthurkaiser
77967140	de.artichoc-consulting
77968152	de.artistenzauber
77968223	de.artistinresidence-munich
77968326	de.artisttv
77969007	de.artofhair-sk
77969199	de.artoo
77969277	de.artothek-muenchen
77969952	de.arttrado
77970765	de.arv-hanseat
77970832	de.arve-einrichtung
77971694	de.arzt-wirtschaft
77972013	de.arztpraxis-bochmann
77973164	de.arzttermine
77973442	de.as-consulting-nord
77973566	de.as-finanzen
77973674	de.as-hausverwaltung
77973774	de.as-ka
77974036	de.as-renovierung-muenchen
77974316	de.as-wittenstein
77974432	de.asa-ff
77974522	de.asada
77974690	de.asamfv
77975023	de.asb-hamburg
77975155	de.asb-muenchen
77975265	de.asb-schockt
77975582	de.asbh-hamburg
77975625	de.asbo24
77975824	de.asc-schoeppingen
77975985	de.ascend-muenchen
77975996	de.ascending-voices
77976102	de.aschaffenburg-news
77976415	de.aschheim
77976980	de.ase-sicherheit
77977034	de.asege
77977071	de.aseman-engineering
77977280	de.asf-online
77977490	de.asg-hh
77977674	de.asgcon
77977747	de.ash-aktivservicehannover
77977979	de.ashley-escort
77980537	de.ask-datenschutz
77982199	de.aslsprachen
77982408	de.asmo
77982693	de.asp-am-brunnenhof
77982850	de.aspach
77982896	de.aspb
77983234	de.asphaltsprenger
77983639	de.ass-elternkreis-nwm
77983640	de.ass-elternrat
77983661	de.ass-hamburg
77983682	de.ass-kiefer
77983813	de.ass-wesseling
77983850	de.assaggi-weinhandel
77984074	de.assekurati
77984202	de.assessorexamentools
77984609	de.assistenzhundeblog
77984699	de.asslar
77985109	de.ast-wilstermarsch
77985130	de.asta-bonn
77985276	de.asta-uhh
77985635	de.asthma-alltag
77985745	de.astlaeufer
77985763	de.astoc
77985917	de.astra
77986266	de.astrid-hennies
77986570	de.astridengel
77986673	de.astridloos
77987775	de.astronomische-gesellschaft
77988117	de.asum-berlin
77988474	de.asv-eppelheim
77988841	de.asv-loh
77988914	de.asv-muc
77989522	de.asvhuegelsheim
77989644	de.asvwuppertal
77989839	de.asyl-in-berg
77989922	de.asylhelfer-landkreis-starnberg
77989934	de.asylimoberland
77989938	de.asylinkempten
77990025	de.asz-altstadt
77990060	de.asz-schwabing-ost
77990065	de.asz-untergiesing
77990387	de.at-web
77990394	de.at-wire
77990457	de.ata-physiotherapie
77992132	de.atelier-haugg
77992535	de.atelier-latent
77992624	de.atelier-luzy
77993183	de.atelier-seeshaupt
77993265	de.atelier-stahl
77993359	de.atelier-thal
77993364	de.atelier-theresa
77993902	de.ateliercomann
77994035	de.ateliergalerie-michaelakubittawillms
77994112	de.atelierhaus-domagkpark
77994840	de.atemdenkschaltwerk
77994997	de.atemphysiotherapie-muenchen
77995104	de.atemschutzunfaelle
77995559	de.ath-ev
77995788	de.athene-muenchen
77995838	de.atheologie
77995874	de.athina-natasha-rehse
77996557	de.atkrufident
77996652	de.atlantic
77996688	de.atlantic-hotels
77996758	de.atlantik-97
77996908	de.atlantis-schulsoftware
77997221	de.atlasderbaeume
77997268	de.atlaskorrektur-muenchen
77997284	de.atlasmunich
77997640	de.atmosfair
77998048	de.atommuellreport
77998095	de.atomtransporte-hamburg-stoppen
77998549	de.atrium-fvp
77999137	de.attachment-parenting-kongress
78000456	de.atw-hamburg
78000643	de.atx-summit
78001023	de.au-hamburg
78001544	de.aubi-plus
78001561	de.aubiko
78001568	de.aubing
78001579	de.aubing1000
78001596	de.aubinger-herzl
78001892	de.auch-rein
78002037	de.aucos-systems
78002396	de.audax
78003208	de.audibkk
78004123	de.audio-reference
78004488	de.audioguide
78004935	de.audiotherapie-rhauderfehn
78005531	de.auenkinder
78005648	de.auer-kindernest
78005664	de.auer-muehlbach
78005689	de.auer-verwaltung
78005786	de.auerdult
78006040	de.auf-dem-simpel
78006044	de.auf-dem-weg-gottes
78006050	de.auf-den-berg
78006102	de.auf-der-suche-nach-den-4-waenden
78006267	de.auf-nach-mv
78006377	de.aufab
78006766	de.aufcrange
78006865	de.aufderburg-mellingen
78007128	de.auffinden-zitieren-dokumentieren
78007362	de.aufhausen-online
78007440	de.aufklaerungsprojekt-muenchen
78007450	de.aufklaren-hamburg
78007876	de.aufrecht
78007967	de.aufruhrgebiet
78008049	de.aufschwungalt
78008057	de.aufsehertest
78008658	de.aufundumbruch
78009128	de.augen-blankenese
78009133	de.augen-blicke-afrika
78009600	de.augenarzt-bad-reichenhall
78009984	de.augenarzt-nymphenburg
78010560	de.augenblicke-moments
78011264	de.augenoptik-in-berlin
78011367	de.augenoptik-otto
78011767	de.augensache
78011970	de.augenwurm
78012276	de.augprien
78012282	de.augrund
78012290	de.augsburg
78012381	de.augsburg-kartenlegen
78012616	de.augsburger-starthilfe
78012925	de.augusta
78013105	de.augustenhotel
78013217	de.augustiner-am-platzl
78013224	de.augustiner-braeu
78013293	de.augustinerkeller
78013320	de.augustinum
78013595	de.auktion-ng
78013690	de.auktionsbuddy
78014064	de.auli-online
78014204	de.aumass
78014378	de.aundcgebaeudereinigung
78014585	de.aupair-ams
78015002	de.aurana-immobilien
78015114	de.aurea-pflegevermittlung
78015239	de.aurelie-secret-escort
78015835	de.aurorawiki
78016359	de.aus-und-weiterbildungsallianz
78016658	de.ausbildung
78016789	de.ausbildung-fuhrmann
78016806	de.ausbildung-hamburg
78017041	de.ausbildung-statt-abschiebung
78017076	de.ausbildung-trockenbau-ausbau
78017294	de.ausbildungsfonds-hh
78017385	de.ausbildungsmesse-hamburger-osten
78017729	de.auschwitz-komitee
78018547	de.auskunft
78018596	de.auslaenderbehoerde-muenchen
78018690	de.auslandsberatung-ausbildung
78018792	de.auslandslust
78018831	de.auslandsschulnetz
78019091	de.ausnews
78019275	de.ausschreibungen-deutschland
78019356	de.aussenanlagen-nieland
78019526	de.aussenrollo
78019615	de.aussenwirtschaft-bb
78019750	de.aussie
78020054	de.ausstellungsmediumcomputer
78020156	de.austausch-braucht-gastfamilien
78020182	de.austauschjahr
78020919	de.auszeit-am-fluss
78021328	de.auszeiten-frauenarchiv
78021683	de.autenrieths
78021981	de.autismus
78022048	de.autismus-institut
78022121	de.autismus-rheinhessen
78022214	de.autismushamburg
78022339	de.auto-abmelden-einfach
78023457	de.auto-einbau
78024274	de.auto-institut
78025665	de.auto-neis
78025755	de.auto-online-abmelden
78025759	de.auto-online-magazin
78026656	de.auto-staeb
78027586	de.autoankauf-1a
78027593	de.autoankauf-abl
78027604	de.autoankauf-alibaba
78027922	de.autoankauf-fix
78028092	de.autoankauf-ilman
78028254	de.autoankauf-lkwankauf
78028362	de.autoankauf-nonstop
78028446	de.autoankauf-regional
78028583	de.autoankauf-treue-bw
78030117	de.autodandler
78030306	de.autodigitalabmelden
78030484	de.autoeurope
78031273	de.autogas-boerse
78031500	de.autogazette
78031936	de.autoglaser-groebenzell
78031967	de.autoglashatten
78032032	de.autoglaszentrum-sundern
78032279	de.autohaus
78032865	de.autohaus-dagher
78032883	de.autohaus-decker-mainz
78033009	de.autohaus-durst
78033365	de.autohaus-gehrhardt
78033681	de.autohaus-heinrich
78033988	de.autohaus-jonas
78034866	de.autohaus-neumayr
78035775	de.autohaus-spratter
78035920	de.autohaus-suk
78037290	de.autohub
78037550	de.autokennzeichen
78037691	de.autokiste
78037945	de.autokult
78038123	de.autolackiererei-drawe
78038513	de.autolaxus
78038627	de.automag
78039036	de.automatentest
78039232	de.automation-valley
78039287	de.automatisch-verloren
78040601	de.autonews-123
78040903	de.autoparksysteme-gs
78040983	de.autopfand24
78041567	de.autopflegeusingen
78041837	de.autopointer
78042170	de.autoradioservice-js
78043676	de.autoschnellankauf
78044083	de.autoservice-hodenhagen
78044599	de.autoservicepraxis
78046273	de.autovermietung-arndt
78047505	de.autowerkstatt-graefenhainichen
78047667	de.autowerkstatt-westerstede
78047833	de.autozentrum-lind
78048581	de.auxolar
78048840	de.av-bewe
78049192	de.av-immo
78051851	de.avanta-lettershop
78051853	de.avanta-muenchen
78051903	de.avantcore
78052054	de.avanti-lieferservice
78052284	de.avatar-umzuege
78052529	de.avcolor-malermeister
78052609	de.avds
78052625	de.ave-bestattungen
78052865	de.avengerforum
78053056	de.avenue-immobilien
78053132	de.averbruchschule
78053148	de.averdung
78053470	de.avh-hh
78053490	de.avh-wedding
78054807	de.avie
78054812	de.avie-apotheke-hamburg
78056159	de.avkreativbau
78056637	de.avp24
78056706	de.avr-rechtsanwaelte
78057141	de.avvocato-penalista
78057205	de.avytise
78057215	de.avzd
78057852	de.awayandabroad
78058134	de.aweos
78058161	de.awesomatik
78058389	de.awhamburg
78058637	de.awl-zentrum
78058676	de.awm-muenchen
78058936	de.awo-chi-kita
78059132	de.awo-hamburg
78059165	de.awo-hh-akademie
78059320	de.awo-kita-hamburg
78059356	de.awo-kita-sonnenhuegel
78059357	de.awo-kita-sonnenland
78059364	de.awo-kita-villa-kunterbunt
78059459	de.awo-kvmucl
78059587	de.awo-muenchen
78059616	de.awo-neu-ulm
78059653	de.awo-obb
78059809	de.awo-reddragon
78060314	de.awol-individuelleslernen
78060595	de.aws-segelschule
78060780	de.awv-hausverwaltung
78060783	de.awv-jade
78060788	de.awv-muenchen
78060804	de.awv09
78061206	de.axel-buetzow
78061407	de.axel-riehemann
78061945	de.axelspringer-syndication
78062036	de.axensprung-theater
78062139	de.axians-ikvs
78063113	de.aying
78063121	de.ayinger-gmoa-kultur
78063738	de.ayurveda-george
78064523	de.az-lichtenrade
78064704	de.az-privat
78064758	de.az-rohrreinigungberlin
78065010	de.az3w
78065634	de.azb-hamburg
78067152	de.azubica
78067180	de.azubihilfe
78067239	de.azubis
78067296	de.azubiwerk-hamburg
78067297	de.azubiwerk-muenchen
78067309	de.azubot
78067479	de.azurweiss
78067850	de.b-b-e
78068464	de.b-k-i
78068491	de.b-kidskindergarten
78068774	de.b-ozdemir
78069162	de.b-tu
78069172	de.b-u-b
78069199	de.b-umf
78069319	de.b-wiebel
78069866	de.b2b-online
78069954	de.b2b-wirtschaft
78070113	de.b2earth
78070281	de.b304
78070806	de.ba-hh
78070828	de.ba-laim
78070854	de.ba-moebeldesign
78070961	de.ba5-im-dialog
78071639	de.babberufsverband
78071745	de.babelli
78072492	de.baby-luis
78072663	de.baby-sweets
78073254	de.babyklappe-huellhorst
78073585	de.babynews
78073738	de.babys-kinder-eltern
78074418	de.bach-anwaelte
78074983	de.bachgarten
78075288	de.bachner
78075401	de.bachtelhuberhof
78075416	de.bachueberbach
78076268	de.backhaus-wirth
78076294	de.backhaussolartechnik
78076552	de.backnang
78076762	de.backpackertrail
78077064	de.backsteinstadt-hamburg
78077247	de.backundblume
78077294	de.backup-therapy
78077602	de.bad-aibling
78077716	de.bad-bramstedt
78078013	de.bad-hoenningen-vg
78078071	de.bad-iburg-marketing
78078094	de.bad-kissingen-news
78078454	de.bad-schwartau
78078464	de.bad-segeberg
78078643	de.bad-wurzach
78078910	de.badbrambach
78078977	de.baddeldaddel
78079059	de.bade-seen
78079291	de.baden-baden
78079452	de.baden-wuerttemberg
78080296	de.badge-r-s
78080699	de.badischetreuhand
78080880	de.badminton
78081603	de.badsanierung-duut
78081624	de.badsanierung-oberland
78081641	de.badsanierungen-bayern
78081980	de.badw
78081981	de.badw-muenchen
78082082	de.bae-hamburg
78082237	de.baecker-finden
78083667	de.baeckerei-neulinger
78083726	de.baeckerei-pfeifle
78084481	de.baeckereiknuepfer
78084890	de.baeder-und-mehr
78084967	de.baederkompass
78084998	de.baederplus
78085701	de.baerbels-naturfoto
78085742	de.baerchen
78086134	de.baerenkaelte
78086274	de.baerentanz
78086490	de.baertierchen
78086772	de.baeumer-reifenservice
78086849	de.baf-akademie
78086944	de.bafg
78087129	de.bag-if
78087135	de.bag-jugendschutz
78087138	de.bag-jungenarbeit
78087143	de.bag-kipe
78087150	de.bag-landesjugendaemter
78087160	de.bag-metalltechnik
78087192	de.bag-relex
78087195	de.bag-s
78087222	de.bag-streetwork
78087249	de.bag-zirkus
78087380	de.bage
78087387	de.bagejsa
78089618	de.bagues
78089802	de.bagw
78090253	de.bahavar-sprache
78090511	de.bahlburg-wintergarten
78090720	de.bahn
78090725	de.bahn-adressbuch
78090785	de.bahn-bus-ch
78091049	de.bahn-slam
78091102	de.bahn-und-hotel
78091835	de.bahnhof
78091984	de.bahnhof-apotheke-pasing-app
78092260	de.bahnhof-langstadt
78092834	de.bahnhofsmission-hamburg
78092994	de.bahnhofsviertel-muenchen
78093059	de.bahninfo-forum
78093141	de.bahnkunden
78093353	de.bahnprojekt-hamburg-altona
78094131	de.bahrami-immo
78094192	de.bahrenfeldauftrab
78094520	de.baigar
78095025	de.bak
78095034	de.bak-bretten
78095045	de.bak-hamburg
78095132	de.bakdash-gebaeudeservice-renovierung
78095249	de.bakertilly
78095447	de.bakterien-im-wasser
78096090	de.balanceraum-hamburg
78096618	de.baleareninsel
78096876	de.balingen
78096922	de.balintgesellschaft
78097006	de.balje-ferienhaus
78097269	de.balkon-grillen
78097273	de.balkon-kraft-werke
78097286	de.balkon-sichtschutz-ideen
78097402	de.balkonkraftwerk-abc
78097404	de.balkonkraftwerk-check
78097408	de.balkonkraftwerk-fachhandel
78097686	de.ballauf-hof
78097838	de.ballermann-radio
78098610	de.ballhaus-energieundbaukonzepte
78098654	de.ballhausost
78098691	de.ballinclusive
78098928	de.ballondekoration-hochzeit
78099104	de.ballongas-deutschland
78099122	de.ballongas-helium-luftballons
78099150	de.ballongashandel
78099195	de.ballonkuenstler
78099265	de.ballons-luftballons-folienballons
78099324	de.ballonsupermarkt
78099405	de.ballonverkauf
78099533	de.ballrechten-dottingen
78100374	de.baltica-hamburg
78100751	de.balustrade24
78100928	de.bam
78100939	de.bam-baumpflege
78101085	de.bambalska
78101614	de.bambooblog
78101694	de.bambule
78103382	de.banert-stb
78103473	de.bangerang
78103603	de.bangundolufsen-service
78103954	de.bankenblatt
78104455	de.bankstil
78104576	de.banner-kontor
78104950	de.bantle-media
78106173	de.barbara-beutner
78106364	de.barbara-hartmann
78107040	de.barbarahaag
78107142	de.barbaralandbeck
78107396	de.barbarauruska
78107401	de.barbaravinken
78107443	de.barbarayelin
78108037	de.barca-hamburg
78108280	de.barclays-arena
78108687	de.barentoo
78109000	de.barftgaans
78109355	de.bargteheideaktuell
78109368	de.bargundpartner
78109700	de.bark-and-play
78109746	de.barkassen-meyer
78109747	de.barkassenfahrt
78109870	de.barkowski-uebersetzungsservice
78110268	de.barmbek-sued
78110292	de.barmbeker-lachmoewen
78110298	de.barmbeker-schachklub
78110309	de.barmbekids
78110354	de.barmen-urban
78110363	de.barmenia
78110468	de.barmenia-mannheim
78110572	de.barmer
78111091	de.barner16
78111551	de.barnowski
78113741	de.barretta-immobilien
78113831	de.barrierefrei-leben
78113832	de.barrierefrei-magazin
78113859	de.barrierefrei-studieren
78113865	de.barrierefrei-unterwegs
78113972	de.barrierefreies-lesen
78114020	de.barrierefreiheit-umsetzen
78114023	de.barrierefreiheit24
78114048	de.barrierekompass
78114059	de.barrierenwatch
78114198	de.barsbuetteler-rundfunk
78114637	de.bartenbeach
78114723	de.barth-engelbart
78115035	de.bartholomae-stb
78115436	de.bartschputzbrunn
78115769	de.bas-muenchen
78116191	de.base-nord-ost
78116193	de.base-nord-west-mitte
78116216	de.base-sued-ost
78116217	de.base-sued-west
78116487	de.baselerhof
78116535	de.basement-hamburg
78116618	de.basenio
78116656	de.baseportal
78116776	de.bashyn
78116778	de.basi
78116977	de.basicthinking
78117031	de.basilicom
78117170	de.basis-praevent
78117397	de.basisundwoge
78118811	de.bassic
78119430	de.bassunterricht-mainz
78120436	de.bastelfrau
78120990	de.bastelrabe
78121917	de.bastian-online
78122340	de.bastianhammer
78122482	de.bastianlange
78123207	de.bastkowski
78124253	de.bateaubleu
78124990	de.batteriespeicher-report
78125124	de.battke-consulting
78125631	de.bau-doch-selber
78125690	de.bau-fachwissen
78125867	de.bau-ing-werner
78126016	de.bau-mal-schlau
78126591	de.bau089
78126633	de.bauabenteuer
78126909	de.baubegleitung-baubetreuung
78127153	de.baubiologie
78127188	de.baubiologie-ecocheck
78127248	de.baubiologie-minden
78127281	de.baubiologie-regional
78127320	de.baubiologiemuenchen
78127576	de.bauchgefuehl-hamburg
78127878	de.bauchversteher
78128865	de.bauen-fuer-deutschland
78129079	de.bauen-und-gesundheit
78129275	de.bauenundverkaufen
78129579	de.bauer-hans
78129964	de.bauer-steuerbuero
78130121	de.bauerdorff
78130356	de.bauernfest
78130449	de.bauernhoefe-statt-bauernopfer
78130586	de.bauernhof-gschwend
78130947	de.bauernhofkita
78130993	de.bauernhofurlaub
78130995	de.bauernhofurlaub-bad-aibling
78131504	de.bauerwein
78131532	de.bauexperte-bongert
78131561	de.bauexperte-sh
78131568	de.bauexpertenforum
78132431	de.baufinanzierung-in-krefeld
78132926	de.baugemeinschaften-hamburg
78132930	de.baugemeinschaftsforum
78133856	de.bauhauskooperation
78133889	de.bauheizung-schwemm
78134149	de.bauing-stendal
78134189	de.bauingenieure-hamburg
78134581	de.baukreation
78134613	de.baukultur-bw
78134653	de.baukulturland
78134846	de.bauletter
78134878	de.baulinks
78134881	de.baulisten
78135024	de.baum-grabmale
78135201	de.bauma
78136197	de.baumbuettner
78136229	de.baumdienst-bergstedt
78136355	de.baumdienste-hamburg
78136384	de.baumeister
78136426	de.baumeister-kollegen
78136501	de.baumensch
78136582	de.baumev
78136739	de.baumgaertner-heizoel
78136871	de.baumgartmusik
78137061	de.baumhaushotel-allgaeu
78137103	de.baumholder
78137114	de.baumhotel-auszeit
78137139	de.bauministerkonferenz
78137287	de.baumland-kampagne
78137482	de.baumpflege-elmshorn
78137755	de.baumpflege-sausen
78137823	de.baumpflege-und-garten
78137892	de.baumpflegekoenig
78137960	de.baumportal
78137969	de.baumpruefung
78138684	de.baumstieger
78138718	de.baumteam-schuhmann
78139006	de.baunetz
78139021	de.baunetzwissen
78139027	de.bauniglerhof
78139348	de.bauplanung-priewe
78139401	de.bauplanungen
78139470	de.baupraxis-blog
78139668	de.baur-kniep
78139735	de.bauratgeber-deutschland
78139773	de.baurdruck
78139780	de.baurecht-anwalt-muenchen
78140181	de.bausachverstaendigermuenchen
78140272	de.bausanierung-schoppe
78141262	de.baustelle-medienbildung
78141342	de.baustellenkantine
78141418	de.baustoff-center
78141677	de.baustoffhandel-hamburg
78141919	de.bautab
78142581	de.bautschweb
78142603	de.bautzen-anzeiger
78142678	de.bauueberwachungsverein
78143052	de.bauunternehmen-stt
78143169	de.bauunternehmung-hamburg
78143319	de.bauverein-haidhausen
78143341	de.bauverein-moers
78143388	de.bauverlag-events
78143497	de.bauwende-news
78143510	de.bauwerk
78143606	de.bauwerke-liebe
78143916	de.bauzentrum-muenchen
78144133	de.bavaria-baeder-technik
78144156	de.bavaria-boutique-hotel-muenchen
78144176	de.bavaria-cleaning
78144201	de.bavaria-elt
78144537	de.bavariagr
78144602	de.bavarian-casa
78144745	de.bavarianbeerdudes
78144773	de.bavarianeedsyou
78144902	de.bavarikon
78144955	de.bavesto
78145014	de.baw
78145025	de.baw-fluglaerm
78145049	de.bawa-zulassungsdienst
78145298	de.bay-staedtetag
78145415	de.bayazid-innenausbau
78145724	de.bayer
78146437	de.bayergrund-immo
78146639	de.bayerische-eismanufaktur
78146872	de.bayerische-museumsakademie
78146893	de.bayerische-philharmonie
78146980	de.bayerische-staatszeitung
78147349	de.bayerischer-landespersonalausschuss
78147667	de.bayerischerhof-lindau
78147877	de.bayerisches-nationalmuseum
78148156	de.bayern
78148157	de.bayern--urlaub
78148317	de.bayern-blogger
78148441	de.bayern-design
78148489	de.bayern-eine-welt
78148490	de.bayern-einewelt
78148525	de.bayern-evangelisch
78148690	de.bayern-gegen-gewalt
78148812	de.bayern-im-web
78148841	de.bayern-innovativ
78148877	de.bayern-journal
78148927	de.bayern-kreativ
78148968	de.bayern-liest
78149094	de.bayern-online
78149130	de.bayern-pflege-wohnen
78149460	de.bayern-urlaub-reisen-ferien
78149742	de.bayernbike
78149953	de.bayerneis-eiswuerfel
78150377	de.bayernjudo
78150704	de.bayernpartei-im-stadtrat
78150762	de.bayernportal
78150789	de.bayernpur
78151189	de.bayerntrophy
78151244	de.bayernwachtauf
78151343	de.bayernwerte
78151378	de.bayernzeitung
78151903	de.bayerwaldhaus-westpark
78152223	de.bayika
78152683	de.baypat
78152921	de.bayreuth
78153076	de.bayreuth-naturheilpraxis
78153077	de.bayreuth-news
78153329	de.bayreuther-tagblatt
78154262	de.baywater-info
78154271	de.baywiss
78154328	de.bazaaar
78154752	de.bb-big
78154777	de.bb-browbar
78154877	de.bb-escort
78155144	de.bb-online
78155319	de.bb-treppenlifte
78156321	de.bbe-moldaenke
78156611	de.bbh
78156752	de.bbik
78156816	de.bbk-bayern
78156823	de.bbk-bonn
78156829	de.bbk-bundesverband
78156854	de.bbk-ingolstadt
78156863	de.bbk-kulturwerk
78156878	de.bbk-muc-obb
78157066	de.bbm
78157137	de.bbmedica
78157181	de.bbn-online
78157290	de.bbp-engineering
78157430	de.bbq-jungle
78157836	de.bbs-ingelheim
78157922	de.bbs-planung
78158140	de.bbscelle
78158461	de.bbuu
78158548	de.bbv1879
78158642	de.bbw-muenchen
78158738	de.bbx
78159066	de.bc-hellenen
78159242	de.bc-sanitaer-reparatur
78159243	de.bc-schaber
78159326	de.bc-wedel
78159786	de.bch1886
78159959	de.bcm-news
78160349	de.bct-architekt
78160600	de.bd-partner
78160689	de.bda-kammerwahl
78160780	de.bdb-bfh
78160964	de.bde
78161036	de.bdf-bayern
78161114	de.bdg
78161175	de.bdh-guter-unterricht
78161195	de.bdh-mitteldeutschland
78161296	de.bdk
78161364	de.bdkep
78161434	de.bdkj-hamburg
78161548	de.bdkv
78161578	de.bdla
78161648	de.bdmedien
78161698	de.bdo
78161712	de.bdo-ev
78161718	de.bdo-oldenburg
78161869	de.bdpk
78161902	de.bdr-hamburg
78161920	de.bdra
78162055	de.bds-hamburg
78162065	de.bds-hh
78162080	de.bds-kampagne
78162145	de.bds-mv
78162350	de.bdsm-domizil
78162565	de.bdue
78162828	de.be-alive-peace-inside
78163228	de.be-outdoor
78163451	de.be-younique-spirit
78163509	de.bea-abc
78163512	de.bea-altona
78163525	de.bea-bergedorf
78163539	de.bea-charlottenburg-wilmersdorf
78163545	de.bea-eimsbuettel
78163563	de.bea-hamburg
78163564	de.bea-hamburg-mitte
78163565	de.bea-harburg
78163595	de.bea-nord
78163643	de.bea-wandsbek
78164230	de.beaderm
78164659	de.beammachine
78164692	de.beamten-beratung24
78164699	de.beamten-informationen
78164710	de.beamten-starter
78164720	de.beamtenausbildung-online
78164776	de.beamtenpiloten
78164793	de.beamtenservice
78164794	de.beamtenstammtisch-muenchen
78164799	de.beamtentalk
78164809	de.beamtenversorgungsrecht
78164885	de.beans-books
78165639	de.beate-echtler
78165792	de.beate-oehrlein
78166773	de.beatsradio
78167239	de.beautinda
78167259	de.beauty
78168170	de.beauty-vision-hamburg
78168928	de.beautyintown
78169358	de.beautyplanet-kosmetik
78169917	de.beb-empowerment
78169988	de.bebauungsplan24
78170344	de.beccaria-qualifizierungsprogramm
78170712	de.beck-aktuell
78170915	de.beck-moellenberg
78171660	de.becker-leupolt
78172392	de.beckmanagement
78172416	de.beckmann-bringts
78172437	de.beckmann-fliesenleger
78172585	de.beckmannundnorda
78173420	de.bedandbreakfast
78173904	de.bedu
78174444	de.beegital
78174542	de.beeken-bestattungen
78174699	de.been-i
78174813	de.beepworld
78175021	de.beerdigungsinstitut-poppe
78175585	de.beetz-gmbh
78175836	de.befifty
78175881	de.beflash
78175934	de.before-muenchen
78176328	de.begabungslotse
78176737	de.begicare57
78176815	de.beglaubigt
78177521	de.behindernisse
78177580	de.behindertenbad-muenchen
78177584	de.behindertenbeauftragte-muenchen
78177622	de.behindertenbeirat-muenchen
78177625	de.behindertenbeirat-odenwaldkreis
78177627	de.behindertenbeirat-puchheim
78177729	de.behindertenparkplatz
78177993	de.behnckecommunications
78178047	de.behnke-henzler
78178474	de.behrens-stiftung
78178511	de.behrenstolz
78178970	de.bei-uns-in-muenchen
78179009	de.beianrufkultur
78179010	de.beianruflicht
78179049	de.beichem
78179303	de.beige
78179351	de.beihilfe-partner
78179368	de.beihilfevorschriften
78179493	de.beiladung-express
78179711	de.beiladung24
78179828	de.beilstein-stadtfuehrungen
78179856	de.beim-berger
78179948	de.beim-radl-sepp
78180046	de.beimfootball
78180085	de.beimkramer
78180097	de.beimnollar
78180233	de.beingborn
78180378	de.beirat-falkensee
78180516	de.beisner-druck
78180979	de.beiuns-magazin
78181096	de.bek-ev
78181196	de.bekanntheitsgrad-erhoehen
78181670	de.bela-bau
78182176	de.belegkompass
78182184	de.belegprofis
78182624	de.belichtungswert
78182651	de.beliebte-vornamen
78182668	de.beliebtsein
78182678	de.believe-capital
78182951	de.bella-augusta
78182991	de.bella-casa-gmbh
78182998	de.bella-ciao-arnstadt
78183213	de.bella-sicilia-arnstadt
78183878	de.bellavista-fn
78183964	de.bellawildherz
78183998	de.belldorado
78184036	de.belle-etage-event
78184350	de.bellevuedimonaco
78185522	de.belwellness
78185608	de.bem-ev
78185619	de.bem-kompass
78185811	de.bembeltown
78185882	de.bemerkenswertes
78185963	de.bemondis
78186504	de.benda-ratgeben
78187506	de.benefitconcepts
78187631	de.beneg
78187746	de.benesch
78187756	de.benesda
78188020	de.bengt-thomson
78189036	de.benko-solar
78189227	de.bennet-leverenz
78189312	de.bennieandfriends
78190631	de.benu-bestattung
78191233	de.beoberlin
78191368	de.bep-hamburg
78191911	de.berater-heilberufe
78192748	de.beratung-psychotherapie-berlin
78192959	de.beratung-und-betreuung
78193243	de.beratungskompass-verschwoerungsdenken
78193489	de.beratungsstelle-ben
78193599	de.beratungsstellen-muenchen
78193911	de.berchtoldkrass
78194032	de.beref
78194426	de.berg-am-laim
78194784	de.bergamlaim
78195064	de.bergbiertour
78195281	de.bergedorf
78195287	de.bergedorf-bille
78195294	de.bergedorf-im-wandel
78195323	de.bergedorfer-altstadtfest
78195341	de.bergedorfer-impuls-stiftung
78195346	de.bergedorfer-krabbelkiste
78195351	de.bergedorfer-museumslandschaft
78195382	de.bergedorfwest
78195503	de.berger-apotheke
78195584	de.berger-federenko
78195683	de.berger-odenthal
78195820	de.bergerbestattungenhamburg
78196216	de.berggasse
78196409	de.berghaupten
78196871	de.bergisch-circular
78197225	de.bergischerbote
78197345	de.bergischgladbach
78197618	de.bergliebe-fewo
78197752	de.bergmann-fotografin-muenchen
78197757	de.bergmann-gebaeudereinigung
78197902	de.bergmanngruppe
78198031	de.bergmoment-lenggries
78198122	de.bergpanorama-ruhla
78198173	de.bergradfahrer
78198931	de.bergwaldprojekt
78199498	de.berkau-immobilien
78199773	de.berlin
78200010	de.berlin-brandenburg
78200212	de.berlin-dein-bezirk
78200547	de.berlin-heute
78200607	de.berlin-ick-liebe-dir
78200906	de.berlin-mitte-zeitung
78200922	de.berlin-motive
78201211	de.berlin-schulung
78201408	de.berlin-teltow
78201465	de.berlin-translate
78202219	de.berliner-besoldung
78202329	de.berliner-dampfer
78202489	de.berliner-friedensglocke
78202851	de.berliner-methodentreffen
78202858	de.berliner-mieterverein
78202908	de.berliner-notebookservice
78203128	de.berliner-sonntagsblatt
78203231	de.berliner-telegraph
78203372	de.berliner-wirtschaft
78203407	de.berliner-zeitung
78203584	de.berlinergazette
78203798	de.berlinerrevision
78203830	de.berlinersingles
78204027	de.berlinfreckles
78205059	de.bermuda-stpauli
78205589	de.bernd-geffers
78205637	de.bernd-heckmair
78205638	de.bernd-hegemann
78205782	de.bernd-leitenberger
78205880	de.bernd-paysan
78206358	de.berndheiler
78206556	de.berndoei
78206559	de.berndoliverbuehler
78206865	de.berndtsteinkinder
78206981	de.berner-bote
78207389	de.bernhard-gaul
78207439	de.bernhard-hof
78208171	de.bernis-sup
78208289	de.bernsdorf
78208318	de.bernstadt
78208330	de.bernstein-apotheke-greifswald
78208714	de.berolzheim
78208842	de.berry-escort
78209212	de.bertelsmann-stiftung
78209373	de.berthold-neitzel-immobilien
78209471	de.bertini-preis
78209590	de.bertram
78209606	de.bertram-der-wanderer
78209676	de.bertram-versicherungsmakler
78210069	de.berufebilder
78210147	de.berufliche-schule-burgstrasse
78210184	de.beruflicheschulehamburgharburg
78210251	de.berufsbegleitend
78210380	de.berufsbilder-online
78210387	de.berufsbildung-messe
78210580	de.berufsinformatik
78210609	de.berufskleidung-hofsommer
78210769	de.berufskraftfahrer-muenchen
78210878	de.berufsrecht-handbuch
78210906	de.berufsschulcampus
78210942	de.berufsschule-muenchen-land
78210980	de.berufsschullehramt
78211002	de.berufsstart
78211004	de.berufsstart-im-oeffentlichen-dienst
78211141	de.berufsverband-sexarbeit
78211154	de.berufsverbote
78211196	de.berufswahlpass
78211221	de.berufswelt-apotheke
78211240	de.berufsziel-gesundheit
78211884	de.beschriftung-hamburg
78212094	de.besenbinder
78212320	de.besinnungsweg-fellbach
78212467	de.besoldung-hamburg
78212471	de.besoldung-in-bund-und-laendern
78212782	de.besser-altern
78212899	de.besser-im-blick
78212952	de.besser-leben-service
78213326	de.bessergrowen
78213599	de.best-akademie
78213728	de.best-designs
78213873	de.best-iv
78214012	de.best-of-kollmar
78214149	de.best-relocation
78214228	de.best-taxi
78214385	de.bestadvisor
78214512	de.bestatter
78214631	de.bestatter-preisvergleich
78214700	de.bestatterin-angelika-westphal
78214711	de.bestatterintrittau
78214830	de.bestattung-grabgestaltung
78214867	de.bestattung-information
78214937	de.bestattung-nickel
78215066	de.bestattungen
78215084	de.bestattungen-alpenblick
78215324	de.bestattungen-dessau-enke
78215749	de.bestattungen-info
78215758	de.bestattungen-janos-helt
78215917	de.bestattungen-kroeger
78216055	de.bestattungen-manuela-pipke
78216080	de.bestattungen-melahn
78216380	de.bestattungen-schaack
78216636	de.bestattungen-thies
78217243	de.bestattungshaus-jansen
78217929	de.bestbambus
78218136	de.bestdent
78218356	de.beste-musikschule
78218393	de.beste-plaetze
78218699	de.besteinfo
78218703	de.besteinhamburg
78218735	de.bestekennzeichenhalter
78219149	de.bestenlehrer
78219355	de.bester-weihnachtsmarkt
78219458	de.besterweihnachtsmarkt
78219564	de.bestesradio
78219752	de.bestgen-immobilien
78220102	de.bestofliveaward
78220268	de.bestpreisprinter
78220603	de.bestwestern
78220668	de.bestzeller
78221133	de.beta-gmbh
78221431	de.betanet
78221909	de.bethanien-kinderdoerfer
78222124	de.bethshalom-remseck
78222626	de.betonbohren-und-saegen
78223297	de.betranslated
78223300	de.betravel
78223363	de.betreuer-harburg
78223720	de.betreuung-sommerbeck
78223800	de.betreuungs-experten
78223938	de.betreuungsdienst-tagal
78223961	de.betreuungsexperten
78224267	de.betriebemobil
78224417	de.betriebsarztpraxis-halle
78224443	de.betriebsausgabe
78224550	de.betriebshygienehandel
78224551	de.betriebshygieneservice
78224818	de.betriebssportverband-hamburg
78225576	de.betten-vogel
78225618	de.bettenblick
78225823	de.bettensteuer
78226187	de.bettermakers
78226221	de.betterpick
78226604	de.bettina-koenig-steuerberater
78226808	de.bettina-weddings
78226811	de.bettina-weisl
78227399	de.bettundbike
78227919	de.betzenhausen-bischofslinde
78227923	de.betzenstein
78228185	de.beumeda
78228325	de.beutel
78228409	de.beutelwolf-blog
78228454	de.beuthel
78228547	de.bev
78228736	de.beverstedt
78228889	de.bew-post-biberach
78228891	de.bew-post-regensburg
78228898	de.bew-sbr-mayen-andernach-cochem
78228907	de.bew-telekom-chemnitz
78228909	de.bew-telekom-dueren
78228918	de.bew-telekom-nuernberg
78228919	de.bew-telekom-offenburg
78228996	de.bewaesserung-selbst-bauen
78228998	de.bewaesserungs-store
78229081	de.bewebdesign
78229570	de.bewegungamhafen
78230250	de.bewerbung-ideal
78230699	de.bewertungs-abwehr
78232018	de.beyondcamping
78232134	de.beyondsurface
78232868	de.bezirk-oberbayern
78233163	de.bezirzt
78233543	de.bf3r
78233986	de.bff
78234094	de.bfg-muenchen
78234122	de.bfgf
78234256	de.bfit-bund
78234451	de.bfn
78234498	de.bfoe-hh
78234656	de.bfs-bildhauer-muenchen
78234716	de.bfs-kinderpflege-muenchen
78234782	de.bfs-wedel
78235005	de.bfv
78235168	de.bfw-newsroom
78235169	de.bfw-nord
78235247	de.bfz
78235355	de.bg-buero
78235528	de.bg-kliniken
78235623	de.bg-paketpost-areal
78235746	de.bg-verkehr
78236163	de.bgf-muenchen
78236280	de.bghamburg
78236383	de.bgkomm
78236532	de.bgm-kompass
78236634	de.bgmr
78236645	de.bgn
78236650	de.bgn-branchenwissen
78236859	de.bgs-hamburg
78237207	de.bgw-online
78237236	de.bgwforum
78237481	de.bhb-deutschland
78237626	de.bhe
78237679	de.bhfi
78237767	de.bhh
78237867	de.bhkw-infozentrum
78238248	de.bht-berlin
78238504	de.bi-bannwald-krailling
78238518	de.bi-betriebshof-sued
78238546	de.bi-buergerwache
78238552	de.bi-catering
78238592	de.bi-elbinseln
78238727	de.bi-hirschberg
78238857	de.bi-medien
78238872	de.bi-muc
78238874	de.bi-muenchen
78239045	de.bi-tunnel
78239067	de.bi-usus
78239075	de.bi-versicherungen
78239120	de.bi-windkraft-wetter
78239256	de.biallo
78239299	de.bianca-becker-fotografie
78239315	de.bianca-butzke
78239548	de.biancahoegel
78239566	de.biancaklein-fotografie
78239616	de.biancas-blog
78239887	de.biathlon-tour
78239926	de.biax-flexwellen
78239959	de.bib-bvb
78239986	de.bib-info
78240068	de.bibb
78240519	de.bibeltv
78240596	de.biber-butzemann
78240660	de.biberach-baden
78241085	de.bibliocon
78241323	de.bibliothekarisch
78241368	de.bibliotheken-sh
78241427	de.bibliotheksportal
78241561	de.biboflix
78241781	de.bichlmeir
78241945	de.bickmann-badessen
78242074	de.bid-koenigstein
78242471	de.biedenkap
78242493	de.biederbach
78242528	de.biedermann-rottweil
78242817	de.bielefeld
78242853	de.bielefeld-dachdecker
78242875	de.bielefeld-friedhofsgaertnerei
78243009	de.bielefelder-buendnisgegenrechts
78243245	de.bielinski
78243309	de.biemsen-ahmsen
78243500	de.bienen-leben-in-bamberg
78243508	de.bienen-nachrichten
78243531	de.bienen-ruck
78243599	de.bienenbernd
78243897	de.bienensteff
78244179	de.biennale-tanzausbildung
78244401	de.bier-tour
78245236	de.bierlinerin
78245993	de.bietigheim
78246088	de.bifa-muenchen
78246324	de.big-bergedorf
78246492	de.big-fluglaerm
78246566	de.big-john-music
78246688	de.big-sassenburg
78246810	de.bigalke-immobilien
78246906	de.bigband-dachau
78247007	de.bigbandport-hamburg
78247265	de.bigbumpermeet
78247466	de.bigerl
78247708	de.biggis-kinderseite
78247763	de.biggypop
78247944	de.bignote
78248070	de.bigsburger-lieferservice-gotha
78248092	de.bigsexypictures
78248258	de.bigut
78248317	de.bih
78248503	de.bik-fuer-alle
78249082	de.bike-x
78249465	de.bikekitchen
78250724	de.biketrekking
78251310	de.bild-und-begegnung
78251409	de.bildarchiv-saarwellingen
78251500	de.bildblog
78251545	de.bilddiagnostik
78251657	de.bilder-fotos-hamburg
78252310	de.bilderrahmen-klopsch-muenchen
78252488	de.bildervomleben
78252502	de.bilderwaende
78253007	de.bildklanglesung
78253021	de.bildkontakte
78253065	de.bildlich-t
78253183	de.bildpunktschriftdolmetschen
78253467	de.bildung-ab-50
78253505	de.bildung-demokratie
78253560	de.bildung-gars
78253659	de.bildung-migration-hamburg
78253665	de.bildung-mv
78253746	de.bildung-und-teilhabe-antrag
78253802	de.bildungandersmachen
78254025	de.bildungsbibel
78254030	de.bildungsblick
78254051	de.bildungsbruecken-owl
78254061	de.bildungsbuero-hamburg
78254090	de.bildungscampus-riem
78254096	de.bildungscent
78254375	de.bildungsketten
78254452	de.bildungsluecke-rassismus
78254778	de.bildungsserver
78254784	de.bildungsserveragrar
78254799	de.bildungssprit
78254900	de.bildungstor
78254911	de.bildungsurlaub
78254918	de.bildungsurlaub-hamburg
78254938	de.bildungsurlauber
78254993	de.bildungswerk-bayern
78255094	de.bildungswerk-wirtschaft
78255121	de.bildungswissenschaftler
78255250	de.bildungszentrum-verkehr
78255371	de.bildwerk-jork
78255589	de.biling-ev
78255777	de.billard-hamm
78256071	de.billbrookkreis
78256103	de.billebogen
78256116	de.billenetz
78256579	de.billiger
78257005	de.billroth-buero
78257021	de.billstedt-kita
78257023	de.billstedt-zentrum
78257231	de.bilress
78257312	de.bilwiz
78257379	de.bim-events
78257387	de.bim-hamburg
78257577	de.bimdeutschland
78257651	de.bimm-institute
78257746	de.bimovie-frauenfilmfest
78257816	de.bimwerker
78257965	de.binaerwargestern
78258087	de.binaspfalzliebe
78258101	de.binational-muenchen
78258295	de.binder-medienagentur
78258575	de.bindungsstark-wachsen
78258708	de.bines-hundestyling
78258881	de.bingk
78258917	de.bingo-umweltlotterie
78259066	de.binkabi
78259280	de.binoro
78259608	de.bio-balkon
78260424	de.bio-seo
78260761	de.biobackwelt-fischer
78261438	de.biodynamische-homoeopathie
78261459	de.bioeg
78261738	de.bioevent
78262863	de.biohof-schad
78263170	de.bioinmv
78263205	de.biokaffeewelt
78263853	de.biolesen
78263921	de.biologenkompass
78263931	de.biologie
78264092	de.biologischevielfalt
78264855	de.biooekonomie
78265145	de.bioregion-heilbronnerland
78265933	de.biotop-eggarten
78266390	de.bip-jetzt
78266477	de.bipolar-offenburg
78266534	de.bipride
78266573	de.biq-hamburg
78267413	de.birgit-nora-schaefer
78267470	de.birgit-rydlewski
78268558	de.birkenhof-mueden
78268834	de.birkmamero
78269274	de.birteglissmann
78269416	de.birx
78269436	de.bis-berlin
78269646	de.bischof-bernhard-haus
78269882	de.bischofsgruen
78270089	de.bisko-frankfurt
78270170	de.bismarck-stiftung
78270440	de.biss-sprachbildung
78272782	de.bitmap-gmbh
78273095	de.bitou
78273114	de.bitpage
78276271	de.bitvtest
78276856	de.biv-hh-sh
78278240	de.bjergus
78278847	de.bjornbaren
78278934	de.bjv
78280365	de.bkj
78280375	de.bkjff
78280528	de.bkk-nordwest
78280931	de.bkpm
78281084	de.bks-steuerpartner
78281258	de.bkv-gmbh
78281702	de.blachreport
78282397	de.blackandwhiteandcolours
78283685	de.blackout-news
78283847	de.blackpunkt
78284396	de.bladenight-muenchen
78284692	de.blafusel
78284693	de.blag-gentechnik
78284694	de.blag-klina
78285114	de.blankenaeschen
78285164	de.blankenese
78285320	de.blankoon
78285326	de.blankpaperstories
78285699	de.blaskapelle-hoehenkirchen-siegertsbrunn
78285844	de.blaskapellefeldmoching
78286309	de.blathering
78286426	de.blattl
78286534	de.blattwerk-gbr
78286600	de.blatzheim-online
78286805	de.blau-weiss-lubolz
78286829	de.blau-weiss-roeddelin
78287305	de.blauer-engel
78287346	de.blauer-rettungs-stern
78287498	de.blaues-kreuz
78287516	de.blaues-kreuz-muenchen
78287607	de.blauesprotte
78287712	de.blaugruenestadt
78287785	de.blaulicht-cuxhaven
78287786	de.blaulicht-deutschland
78287809	de.blaulicht-news
78287893	de.blaulichtmyk
78288521	de.bld-lottoverband
78289174	de.bleckede
78289244	de.bleeding4metal
78289252	de.bleeke-und-schwope
78289256	de.bleep
78289399	de.bleiben-sie-sicher
78289412	de.bleiberechtstattabschiebung
78289509	de.bleicher-steuerberater
78289770	de.blende11
78289813	de.blende78
78289872	de.blendenspiel
78290191	de.bleumortier
78290283	de.blf-online
78290325	de.blgastro
78290489	de.blickarchiv
78290497	de.blickatlas
78290764	de.blickindex
78290779	de.blickkern
78290829	de.blickmaschinen
78290908	de.blickpunkt-familie-hamburg
78290975	de.blickpunkt-nrw
78290985	de.blickpunkt-quickborn
78291126	de.blickueberdenzaun
78291610	de.blindekinder
78291686	de.blindeninstitut
78291891	de.blindundmobil
78291897	de.blindvertrauen-lang
78291929	de.blingblingumzuege
78291946	de.blink
78291997	de.blinker
78292081	de.blinzler
78292138	de.blisscareer
78292309	de.blitz-hamburg
78292466	de.blitzblank-badenbaden
78293165	de.blkm
78293201	de.bllv
78293248	de.blmp-online
78293612	de.blockchain-bayern
78294153	de.blockshuette
78294192	de.blocktrainer
78294397	de.blog
78294409	de.blog-als-nebenjob
78294436	de.blog-berufswelten
78294525	de.blog-foerdermittel
78294534	de.blog-frischer-wind
78294539	de.blog-g
78294585	de.blog-in-orange
78294695	de.blog-roland-m-horn
78294942	de.blogauto
78295001	de.blogbuzzter
78295043	de.blogderblauenstunde
78295064	de.blogdrauf
78295110	de.blogfeuer
78295201	de.blogger
78295439	de.bloggt-in-braunschweig
78295747	de.blogpositiv
78295978	de.blogtotal
78296055	de.blogwithlove
78296892	de.bloomwell
78297393	de.blsv
78297490	de.blu-base
78297565	de.blu-space
78297647	de.blubbsoft
78297920	de.blue-goal
78298943	de.bluehende-baender
78299581	de.bluepeter
78299637	de.blueport-hamburg
78299653	de.blueprint-dev
78300252	de.bluessource
78300521	de.bluetenpracht-jork
78301210	de.blumcad
78301265	de.blume-galabau
78301340	de.blume2000
78301406	de.blumen-anemone
78301418	de.blumen-apotheke-ohg-app
78301770	de.blumen-elsdoerfer
78302206	de.blumen-kaiser
78302296	de.blumen-konietzko
78303770	de.blumengrossmarkt-hh
78304927	de.blumento
78305447	de.blunck-morgen
78305569	de.blurrededges
78305675	de.blutana
78305782	de.blutenburg
78305997	de.blutspendehamburg
78306167	de.blv-muenchen
78306200	de.blvkk
78306485	de.bm-logistic
78306661	de.bma-group
78306726	de.bmas
78306810	de.bmbf-plastik
78307035	de.bmel-statistik
78307394	de.bmk-hh
78307478	de.bmlo
78307702	de.bmrm
78307821	de.bms-schiebetore
78308070	de.bmu-musik
78308103	de.bmv
78308200	de.bmvz
78308874	de.bmwe-sicherheitsforum
78308885	de.bmwfreundewestfalen
78309205	de.bn-kollegen
78309225	de.bn-muenchen
78309460	de.bne-fachstelle
78309495	de.bne-passau
78309498	de.bne-portal
78309511	de.bne-zertifiziert
78309698	de.bnitm
78309818	de.bnpparibas
78310143	de.bo-suedhessen
78310271	de.boaconstrictor
78310478	de.boardinghaus-eching
78310479	de.boardinghaus-freising
78310543	de.boardinghouse-kastanienring
78310709	de.boarisch-tanzen
78311572	de.bobsonbob
78311729	de.bocatec
78311832	de.bocholt
78312627	de.bockmarketing
78313224	de.bodelschwingh-haus-hamburg
78313261	de.bodelshausen
78313320	de.boden-fachzentrum
78313560	de.bodenbelag-parkett
78313907	de.bodenlehrpfad
78314034	de.bodenrichtwerte-deutschland
78314097	de.bodensee
78314561	de.bodenseehof
78314631	de.bodenseepeter
78314800	de.bodensystematik
78314885	de.bodenwelten
78315115	de.bodnar-dienstleistungen
78315394	de.bodrumkebab-arnstadt
78315406	de.bodstangen
78315820	de.bodyandsoul
78316394	de.bodymedia
78316553	de.bodyrepair
78316558	de.bodyrhythm
78316882	de.boeblingen
78316932	de.boechingen
78317191	de.boedecker-buendnisse
78317230	de.boediker
78317598	de.boehm-pelissier
78317673	de.boehmbedachung
78318134	de.boeke-fritz
78318282	de.boell
78318288	de.boell-bw
78318316	de.boellbergerweg
78319082	de.boersenaufsicht
78319088	de.boersenblicker
78319569	de.boesser
78319576	de.boessl-graser
78319848	de.boetzingen
78320252	de.bogenhausen
78320463	de.bogenschuetzen-neumarkt
78320863	de.bogevisch
78321307	de.bohmann-uebersetzungen
78321868	de.bohrmichi
78322253	de.bokas
78322333	de.boklima
78322704	de.bolender
78322709	de.bolenz
78323235	de.bollwerkhamburg
78323643	de.boltenhagen-mecklenburg
78324245	de.bomlins
78324346	de.boms-berufseinstieg
78324369	de.bon-bon
78324370	de.bon-bon-demo
78324452	de.bonabry
78324567	de.bonapart
78324646	de.bonavendi
78325193	de.bongardt-bonn
78325480	de.bonifatiusschule
78325672	de.bonk-live
78326050	de.bonnbranchen
78326236	de.bonner-makler
78326268	de.bonner-querschnitte
78326294	de.bonner-starthilfe
78326756	de.bonomuenchen
78326799	de.bonpland-reisen
78327172	de.bonum-bremen
78327613	de.boogie-baeren
78328309	de.bookmeyer-ol
78329062	de.boorberg
78329199	de.boostedt
78329338	de.boot-in-hamburg
78330238	de.bootshauswachau
78331023	de.bopfingen
78331327	de.borcherding-tiefbau
78331676	de.borderherz
78332025	de.borgeest
78332160	de.borgmann-garten
78332465	de.borisbraun
78332509	de.borisjankowski
78332517	de.boriskasper
78332562	de.borispikula
78332566	de.borisportal
78332746	de.borkum
78332774	de.borkum-ferienwohnung-urlaub
78333359	de.bornheim-heute
78333596	de.borntowrite
78333679	de.borovsky-bautenschutz
78333902	de.borschukewitz
78334217	de.borwich-apotheke
78334228	de.borx-newplace2be
78334372	de.bos-wirtschaft-muenchen
78334721	de.boschblog
78334791	de.boschpartner
78335087	de.bosporus-kebap-haus
78335423	de.bosskoch
78335760	de.bosy-online
78335850	de.botanik
78335865	de.botanik-sw
78335893	de.botanikus
78335904	de.botanische-gaerten
78335909	de.botanischegaerten
78336358	de.botschaft-madagaskar
78336385	de.botschaftderwildtiere
78336415	de.botschafter-spatz
78337121	de.boulderwelt-muenchen-ost
78337123	de.boulderwelt-muenchen-west
78337826	de.boutique-p
78338009	de.bovelo
78338688	de.bowlingverband
78338772	de.bowo-bauelemente
78339644	de.boxer99
78340136	de.boxspring-welt
78340266	de.boxxpress
78340440	de.boys-and-girls
78340450	de.boys-day
78340888	de.bpb
78340890	de.bpb-bau
78341098	de.bphh
78341753	de.bpw-muenchen
78342455	de.brachvogel-eg
78342502	de.brackelmanns
78342505	de.bracken-openair
78343078	de.brahms-kollegen
78343080	de.brahms-kontor
78343180	de.brain-care
78343517	de.brainhive
78343561	de.brainlight
78343601	de.brainosphere
78343673	de.brainscript
78343929	de.brak
78344031	de.brakula
78344109	de.bramex
78344119	de.bramfeldbasketball
78344123	de.bramfelder-blasorchester
78344264	de.branchen-duesseldorf
78344279	de.branchen-news
78344754	de.brand-praxis
78344809	de.brand-university
78344893	de.brandarena
78345282	de.brandenburger-bote
78345510	de.brandeo-werbetechnik
78345584	de.brandestate
78345679	de.brandhoff-steuerberatung
78346051	de.brandmeyer-markenberatung
78346086	de.brandnerkaspar
78346091	de.brandness
78346169	de.brandpack
78346970	de.brandschutzfachplaner
78346974	de.brandschutzfinder
78347273	de.brandstaetter-praxis
78347933	de.brasacchio-kabelkonfektion
78348649	de.bratwurst-arnstadt
78349337	de.brauereigasthauslohhof
78350324	de.braun-steuerberatung
78350726	de.brauns-international
78351170	de.braut
78351528	de.brautlounge-wiesbaden
78351530	de.brautmagazin
78352250	de.bravestories
78352298	de.bravo-pizza-ilmenau
78352627	de.brca-netzwerk
78352932	de.breakingbrick
78353490	de.bredex
78353634	de.breeze-technologies
78353948	de.breiholdt-voscherau
78354267	de.breitband-verfuegbarkeit
78354461	de.breitenbrunn-schwaben
78354499	de.breitengrad53
78354803	de.brekstar
78354907	de.bremen
78355717	de.bremer-schweiz
78355834	de.bremer24
78355888	de.bremerfreizeit
78356134	de.bremervoerde
78356643	de.brennemann-pflegevermittlung
78357601	de.brennholzneubert
78357669	de.brennio
78357764	de.brennr
78358082	de.brera
78358253	de.bretagne-urlaub-und-reise-tipps
78358387	de.bretten
78358505	de.brettschichtholz
78359375	de.breznblog
78359404	de.brfv
78359432	de.brghamburg
78359452	de.brh-hh
78360058	de.bridal-pair
78360943	de.briefmarken-tietz
78361275	de.briefwahl-beantragen
78361277	de.briefwahl-muenchen
78361351	de.briennerapotheke
78361356	de.brier-kuechen
78361429	de.brifed
78362371	de.brikada
78362831	de.brillen-mohr
78363194	de.brillenmacher-schneider
78363571	de.brilon
78363697	de.brinckmann-fliesen
78363747	de.bring-together
78364207	de.brinkmeier-partner
78364492	de.britbikeforum
78364520	de.britesta
78364979	de.britta-soentgerath
78365085	de.brittagoers
78365172	de.brittamaihofer
78365733	de.brk-muenchen
78365961	de.brm
78368494	de.brokdorf-elbe
78369303	de.bronies
78369883	de.brot-fuer-die-welt
78370669	de.browserdoktor
78370749	de.browsermaulkorb
78371226	de.bruchsal
78371349	de.brucker-arne
78372040	de.bruecken-apotheke-leipzig
78372084	de.brueckenachkyiv
78372108	de.brueckenbau-links
78372325	de.bruecklmaier
78372327	de.bruecklmayer
78372919	de.bruellaffencouch
78373975	de.brunnen-iq
78374396	de.brunner-mobil
78374989	de.brunsberglauf
78375325	de.brustkrebsdeutschland
78375606	de.brutstatt
78375726	de.brv-bildungszentrum
78376207	de.bs-bau-kunst-muenchen
78376412	de.bs-fertigungstechnik
78376619	de.bs-holzfarbetextil
78376926	de.bs-legal
78377382	de.bs-pyrotechnik
78377588	de.bs-st-pauli
78377723	de.bs-wiki
78377754	de.bs02-hamburg
78377756	de.bs03-hamburg
78377758	de.bs06
78377759	de.bs07-hamburg
78377760	de.bs08
78377775	de.bs15-hamburg
78377779	de.bs19hamburg
78377801	de.bs27-hamburg
78377822	de.bs30
78378633	de.bsbergedorf
78378874	de.bsc-hamburg
78378918	de.bsc-kelsterbach-fussball
78379102	de.bsc-tee-wagen
78379305	de.bsd-cc
78379460	de.bsdplus
78379892	de.bsg-belecke
78380033	de.bsg-kornelimuenster
78380345	de.bsh-natur
78380895	de.bsmn
78381179	de.bsr-immobilienberatung
78381658	de.bsv-68-sebnitz
78381669	de.bsv-ammendorf1910
78381899	de.bsv-hamburg
78382329	de.bsv19
78382452	de.bsvkme
78382609	de.bsw-hamburg
78382690	de.bsw-vg
78382754	de.bswp-kanzlei
78382778	de.bsz-alice-bendix
78382781	de.bsz-bau-kunst-muenchen
78383131	de.bt-portal
78383210	de.bta-international
78383237	de.btarmanini
78383277	de.btb-grundinvest
78383709	de.bthuus
78384318	de.btu-beraterpartner
78384381	de.btv-hamburg
78385155	de.bube-meise
78385200	de.bubenraumdesign
78385529	de.buch-ein-bett
78385883	de.buchambuchrain
78386332	de.buchdrucker
78386869	de.buchhalter-runge
78386884	de.buchhalterseele
78387052	de.buchhaltung-plus
78387567	de.buchhandlung-lutz-heimhalt
78387916	de.buchheimmuseum
78387981	de.buchholz-faehrt-rad
78388464	de.buchmarkt
78388931	de.buchstabenorte
78388987	de.buchstart-hamburg
78389221	de.buchungssystem-obalu
78389496	de.buck-vermessung
78389614	de.buckhorn
78389782	de.bud-bayern
78389986	de.buddenbohm-und-soehne
78390974	de.budocentrum
78391206	de.budrich-journals
78391528	de.buecher-leben
78391739	de.buechereckniendorf
78392253	de.buecherhallen
78393044	de.bueffee
78393272	de.buehler-hd
78393383	de.buehlertann
78393447	de.buehne-mieten-nuernberg
78393492	de.buehnebumm
78393609	de.buehnenpolka
78393610	de.buehnenpraesenz
78393639	de.buehnenverein
78394079	de.buendnis-deutschland
78394201	de.buendnis-inklusion
78394245	de.buendnis-muenchen-nord
78394246	de.buendnis-muenchen-sozial
78394353	de.buendnisfuerfamilie-lokstedt
78394359	de.buendnisgegendepression-mr-bid
78394641	de.buerger-amt
78394646	de.buerger-bataillon-neesen
78394763	de.buerger-fuer-garching
78394955	de.buerger-uni
78394966	de.buerger-whv
78395030	de.buergerbauverein-muenchen
78395078	de.buergerbeteiligung-berg
78395179	de.buergerbuero-kvr
78395180	de.buergerbuero-muenchen
78395296	de.buergerbus-menden
78395773	de.buergerforum-ueberwald
78395882	de.buergergeld-zahlung
78395923	de.buergergesellschaft
78395970	de.buergerhaus-bornheide
78396364	de.buergerinitiative-hamburg
78396758	de.buergernetzverein-nuernberger-land
78396905	de.buergersaal-fuerstenried
78397258	de.buergerstiftung-hamburg
78397871	de.buergerverein-geislar
78398497	de.buero-abc
78398515	de.buero-am-turm
78398800	de.buero-gruenwald
78399318	de.buero-wissen
78399684	de.buerodienste-in
78399936	de.buerokaufmann
78399941	de.buerokersting
78400341	de.bueros-muenchen-zentrum
78400395	de.bueroservice-berthold
78400920	de.buerosuche
78401407	de.buesum-nordsee-fewo
78401704	de.buev-baupro
78402146	de.bugenhagen-schulen
78402450	de.buhck-gruppe
78402452	de.buhck-stiftung
78402454	de.buhck-wiershop
78402460	de.buhev
78402473	de.buhl
78402550	de.buhlig-immobilien
78403968	de.bulb-startups
78404081	de.bulgarische-kirche
78404456	de.bullenhuser-damm
78404749	de.bullinger-gmbh
78405163	de.bultmanns-hof
78405945	de.bund
78406062	de.bund-der-selbstaendigen
78406133	de.bund-dresden
78406196	de.bund-hamburg
78406246	de.bund-koeln
78406262	de.bund-laender-programm
78406285	de.bund-maulbronn
78406287	de.bund-mecklenburg-vorpommern
78406288	de.bund-mg
78406302	de.bund-naturschutz
78406316	de.bund-neckar-alb
78406382	de.bund-rlp
78406413	de.bund-sh
78406427	de.bund-stormarn
78406480	de.bundangestelltertieraerzte
78406544	de.bundderversicherten
78406667	de.bundes-bonus
78407023	de.bundesarchiv
78407149	de.bundesbericht-forschung-innovation
78407223	de.bundesbuendnis-bodenschutz
78407437	de.bundesfachstelle-barrierefreiheit
78407587	de.bundesforum-familie
78407663	de.bundesgartenschau
78408245	de.bundesland-franken
78408257	de.bundesland24
78408330	de.bundesliga-blog
78408457	de.bundesliga-reisefuehrer
78408897	de.bundesmusikverband
78408941	de.bundesnetzwerk-europaschule
78409037	de.bundespolizei
78409118	de.bundespresseportal
78409219	de.bundesregierung
78409437	de.bundesstiftung-baukultur
78409443	de.bundesstiftung-gleichstellung
78409508	de.bundestag
78409740	de.bundestieraerztekammer
78409784	de.bundesumweltministerium
78409785	de.bundesumweltportal
78409844	de.bundesverband-berlin
78409964	de.bundesverband-erlebnispaedagogik
78410065	de.bundesverband-housingfirst
78410066	de.bundesverband-hygieneinspektoren
78410127	de.bundesverband-meeresmuell
78410483	de.bundesverkehrsportal
78410561	de.bundeswahlleiterin
78411086	de.bundeswirtschaftsministerium
78411087	de.bundeswirtschaftsportal
78411288	de.bundjugend-hamburg
78412227	de.bungee
78413762	de.bunt-ebe
78413976	de.bunte
78414439	de.bunte-toene-musikkindergarten
78414722	de.buntekarte
78415936	de.buntkicktgut
78416315	de.buntundsauber
78417141	de.burbach-fitness
78417144	de.burbach-goetz
78417413	de.burda-forward
78418249	de.burg-stargard
78418552	de.burgdame
78418597	de.burgdorferleben
78419394	de.burgert-kollegen
78419890	de.burgis
78420449	de.burgturm
78420460	de.burgunde3-hirsch-woelfl
78420600	de.burgweide
78420655	de.burhoff
78421153	de.burladingen
78421671	de.burnout-therapie-muenchen
78422823	de.busch-schlosserei
78423049	de.buschhueter
78423291	de.buse
78424329	de.business-on
78424361	de.business-people-magazin
78424547	de.business-travel
78424550	de.business-travel-mallorca
78424619	de.business-working
78424696	de.businessandmore
78425013	de.businessfotografie-vz
78425160	de.businessleben
78425389	de.businessportraits-muenchen
78425632	de.buskeismus
78425633	de.buskeismus-lexikon
78425901	de.buss-baumdienst
78425985	de.busse-augenoptik
78426128	de.bussgeld-info
78426171	de.bussgeldportal
78426878	de.butschal-immobilien
78426903	de.butschinsky
78427124	de.butterflyfish
78427250	de.butteweg
78427663	de.buvko
78428000	de.buybuy-stpauli
78428336	de.buzzmarks
78428443	de.bv-baugemeinschaften
78428471	de.bv-brandschutz
78428646	de.bv-hamburg
78428673	de.bv-hh
78428692	de.bv-holsthum
78428724	de.bv-kaelte
78428798	de.bv-lola
78428893	de.bv-opfer-ns-militaerjustiz
78428941	de.bv-produktion
78429035	de.bv-sr
78429315	de.bvb-freunde
78429483	de.bvboden
78429549	de.bvcp
78429621	de.bvdm
78429631	de.bvdnet
78429666	de.bve
78429764	de.bvfbev
78429945	de.bvhev
78430113	de.bvktp
78430118	de.bvl
78430139	de.bvl-legasthenie
78430236	de.bvmed
78430309	de.bvnw
78430461	de.bvrahlstedt
78430578	de.bvse
78430674	de.bvte
78430745	de.bvve
78430754	de.bvvp
78430888	de.bw-bank
78431055	de.bw-guide
78431059	de.bw-halle-p
78431317	de.bw-verdi
78432131	de.bwlh
78432326	de.bwpat
78432426	de.bws-germanlingua
78432540	de.bwsv-hamburg
78432640	de.bwv-muenchen
78432986	de.byak
78433058	de.bybobs
78433082	de.byc-news
78433117	de.bycs
78433373	de.byggvir
78435795	de.bzaek
78435804	de.bzao-muenchen
78435890	de.bzfe
78436210	de.bzv-hamm-unna
78436352	de.c-a-s
78437054	de.c-o-pop
78437083	de.c-p-d
78437209	de.c-s-foto
78437699	de.c2pd
78437783	de.c3d2
78437867	de.c3voc
78437896	de.c4all
78438227	de.ca2b
78438337	de.cab-systemhaus
78438340	de.cab20
78438756	de.cabrio-aperitivo
78438954	de.cacha
78439004	de.cachelabel-generator
78439179	de.cad-bundesverband
78439356	de.cad-schroer
78439544	de.caddienstleistungen
78439928	de.cadu
78441266	de.cafe-estoril
78443623	de.cafe-treibeis
78443653	de.cafe-und-pension-ringer
78444530	de.cafeemitherz
78445574	de.cafetelaviv
78446984	de.caipirinha-partyband
78446993	de.caipirinhapartyband
78447338	de.caitia
78448733	de.calix-gmbh
78448910	de.callabike
78449194	de.callida
78449397	de.callsfortransfer
78449550	de.calmobility
78450235	de.camaro2010
78450572	de.camera-club-bremen
78450962	de.camino-michel
78451205	de.camp-firefox
78451250	de.camp-n-cook
78451337	de.campact
78451567	de.camper-abenteuer
78452222	de.camping-bad-griesbach
78452304	de.camping-buchholz
78452446	de.camping-eicker
78452451	de.camping-eldena
78452603	de.camping-hardausee
78452846	de.camping-langwieder-see
78452848	de.camping-lanzer-see
78453146	de.camping-ruhpolding
78453508	de.campingamsee-seekamp
78453603	de.campingcaravanpodcast
78453978	de.campingplaetze-niederlande
78454009	de.campingplatz-am-sassenpfuhl
78454193	de.campingplatz-heidenau
78454534	de.campingplatz-thalkirchen
78454865	de.campino2k
78454993	de.campodecriptana
78455154	de.campus-asyl
78455233	de.campus-di-monaco
78455337	de.campus-innovation
78455512	de.campus-schnelsen
78455524	de.campus-sparbuch
78455593	de.campus1
78455781	de.campushafencity
78455791	de.campushunter
78456432	de.canadierforum
78456495	de.canalettos
78456897	de.candidplatz-fuer-alle
78457888	de.canisius-kids
78457937	de.canistecture
78459748	de.cannabiselternabend
78460988	de.cannabiswirtschaft
78461819	de.cannasocialclub
78462586	de.canoncam
78462811	de.cantaloop-hamburg
78462874	de.cantares
78462953	de.canthera
78463490	de.canzone11
78463610	de.cap-lmu
78463638	de.cap-san-disco
78463921	de.capelle-dachbau
78464344	de.capitol-finanzhaus
78465239	de.capricorna
78465547	de.captain-futura
78465555	de.captain-huk
78465704	de.captainsdinner
78466289	de.car-leasing-sh
78467169	de.carat-goldankauf
78468824	de.cardcontrol
78469688	de.careelite
78469771	de.career-management
78470060	de.careleaver
78470164	de.caren-miosga-brustkrebs
78470183	de.carenet-hh
78470184	de.carenetic
78470328	de.careteria
78470336	de.caretrialog
78470362	de.carevor9
78470599	de.cargobikeforum
78470701	de.cargorent-gmbh
78470771	de.carhandling
78471695	de.caritas-dienstgeber
78471937	de.caritas-kassel
78472977	de.carl-fritz
78473114	de.carl-orff-gym
78473179	de.carl-schweizer-museum
78473251	de.carl-zinnfiguren
78473720	de.carlodidillon
78474009	de.carlsbergdeutschland
78474026	de.carlsen
78474140	de.carlundcarla
78474252	de.carmedica
78474340	de.carmen-ev
78476820	de.carolaroloff
78477141	de.carolin-escort
78477450	de.carolin-schiebel
78477519	de.carolin-tietz
78478413	de.carolineghibely
78478698	de.carolinereich-immobilien
78480800	de.carportcompany
78480895	de.carpzilla
78481698	de.carsten-dethlefs
78481956	de.carsten-wasow
78482668	de.cartoon-journal
78482859	de.carupa
78483050	de.carwashblog
78483189	de.cas-datenschutz
78483539	de.casa-donbosco
78483757	de.casa-massivmoebel
78483874	de.casa-particular
78484372	de.casademoloon
78484405	de.casadilana
78484432	de.casadonbosco
78485300	de.caseih-forum
78485741	de.cashimondo
78487931	de.casinoonline
78490882	de.castringius-stiftung
78491769	de.catering
78491777	de.catering-amato
78492185	de.cateringinmuenchen
78492404	de.catharinasiemer
78492588	de.cathwalk
78492707	de.catma
78494436	de.cb-tg
78495127	de.cbfassadenberatung
78496062	de.cc-lufttechnik
78496226	de.cc-verband
78496257	de.cc13
78496341	de.ccb-apotheke-app
78496411	de.ccc
78496463	de.ccc-muenchen
78496832	de.cch
78497180	de.cco-netzwerke
78498262	de.cdfriedrich
78498276	de.cdg-limburg
78498326	de.cdhenning
78498663	de.cdrmare
78498670	de.cdrom-copyservice
78498889	de.cdu-altona
78499639	de.cdu-fraktion-eimsbuettel
78499659	de.cdu-fraktion-hamburg-mitte
78499661	de.cdu-fraktion-harburg
78499784	de.cdu-fuhlsbuettel
78500020	de.cdu-harburg
78500022	de.cdu-harburg-mitte
78500510	de.cdu-kv-pinneberg
78500516	de.cdu-kvwandsbek
78500992	de.cdu-nord
78502189	de.cdualtona
78502209	de.cdubergedorf
78502291	de.cdufraktionwandsbek
78502309	de.cduhamburg
78502323	de.cduhh
78502357	de.cdulangenhorn
78502508	de.cdv-kommunikationsmanagement
78502610	de.ce-copilot
78503778	de.cegedim-business-services
78503873	de.cegos-integrata
78505528	de.celibidache
78505762	de.cella-sankt-benedikt
78506982	de.censea-consulting
78507104	de.center-apotheke-hamburg
78507328	de.centervillevs
78507374	de.centofiori
78507469	de.central-cannabis
78507686	de.centralhotelapart
78507745	de.centralstationcrm
78507888	de.centro-italia
78508483	de.ceramar
78508580	de.ceramicstars
78508674	de.ceravolo
78508730	de.cereal-dream
78508914	de.cero-biochar
78508926	de.ceronne
78508988	de.certa-gutachten
78509507	de.cetec-mhm
78509645	de.cevabdzinica
78510527	de.cfo-consult
78511297	de.cg-makler
78512212	de.cgp-hamburg
78514337	de.chancenwerk
78514515	de.change-learning
78514596	de.change4agile
78515096	de.chantalgagnebin
78515344	de.chaosbunker
78515439	de.chaosliebe
78515490	de.chaosreporter
78516574	de.charge-syndrom
78517435	de.charivari
78518020	de.charlottenburg-wilmersdorf-zeitung
78520396	de.chatroom2000
78521000	de.chatwerk
78521455	de.chauvi-seite
78521474	de.chaverim-norderstedt
78521633	de.che
78522031	de.check24
78522069	de.checkademia
78522070	de.checkalle
78522196	de.checkfox
78522262	de.checkliste-logistik
78522272	de.checklisten
78522324	de.checknatura
78522427	de.checkpoint-system
78522931	de.chefduzen
78523033	de.chefprive
78523186	de.chelany-restaurant
78523322	de.chemcoastpark
78523409	de.chemie-dohna
78523470	de.chemie-schule
78523471	de.chemie-schwarzheide
78523567	de.chemienord
78523571	de.chemiepark
78523637	de.chemikalieninfo
78523710	de.chemischeselement
78524414	de.cherno-jobatey
78524781	de.chestnutandsage
78525013	de.chezcharlotte
78525028	de.chezkimjoelle
78526037	de.chiemgau-alpenverband
78526039	de.chiemgau-apotheke-muenchen
78526084	de.chiemgau-hofbauer
78526098	de.chiemgau-karate
78526102	de.chiemgau-klinik
78526120	de.chiemgau-pension
78526316	de.chiemsee-barrierefrei
78526583	de.chiesi
78526585	de.chiesirarediseases
78528088	de.china-wiki
78528098	de.china-zentrum
78528215	de.chinaforumbayern
78528455	de.chinarestaurant-fernost
78528650	de.chinatours
78528777	de.chinchillagenetik
78529018	de.chinesischer-kindergarten
78529029	de.chinesischerturmev
78529178	de.chip-electronic
78529597	de.chirolounge
78529694	de.chiropraktik-campus
78529746	de.chiropraktik-lebel
78529771	de.chiropraktik-osteopathie-muenchen
78530009	de.chirotherapie-lampe
78530455	de.chirurgie-stachus
78531094	de.chocoladenfabrik
78531120	de.chocolate-butterflies
78531256	de.chocoversum
78531379	de.chok
78531393	de.choke-hh
78531572	de.chopan
78532791	de.chormotiv
78533518	de.chris-faith
78533625	de.chris-kurbjuhn
78533971	de.chriscon
78533978	de.chriscorp
78534022	de.chriseberhardt
78534287	de.chrismon
78534593	de.christ-konkret
78534776	de.christa-moeller-metzger
78536723	de.christian-deterding
78537155	de.christian-koening
78537282	de.christian-luetgens
78538209	de.christian-schnurer
78538886	de.christian-ude
78539337	de.christianbenning
78540098	de.christiane-fritsche
78540219	de.christiane-hintzen
78540612	de.christiane-schiff
78541315	de.christianelenhard
78541335	de.christianeloeffler
78541405	de.christianengl
78541678	de.christianeum
78542076	de.christianglock
78542245	de.christianholst
78543169	de.christianmahnke
78545139	de.christina-achter
78545749	de.christina-oskui
78545859	de.christina-strobel
78546256	de.christinaschlegl
78546594	de.christine-hutterer
78547370	de.christineruhland
78547631	de.christkindlmarkt-bayern
78547642	de.christkindlmarkt-muenchen
78547701	de.christl-schowalter
78548465	de.christoph-1
78548898	de.christoph-moder
78548961	de.christoph-probst-gymnasium
78549376	de.christopher-end
78549762	de.christophhofbauer
78549862	de.christophlohfert-stiftung
78549952	de.christophorus-hamburg
78550402	de.christusbund
78550526	de.christuskirche
78551238	de.chronikwort
78551257	de.chronisch-kranke-kinder
78551754	de.chuckberry
78551848	de.chumanskaya-uebersetzerin-russisch-englisch-deutsch
78552293	de.ci-romero
78552542	de.cib
78552575	de.cibedo
78552662	de.cic-weissach
78552678	de.cicatrix
78552711	de.cicero
78552945	de.cie-net
78553356	de.cilip
78553558	de.cimt-ag
78553560	de.cimt-hhu
78553635	de.cinderella-beratung
78553636	de.cinderella-brautmode
78553930	de.cinefest
78554311	de.cinesoundz
78554364	de.cinevelocite
78554529	de.cintinus
78554661	de.ciper
78555101	de.circulo-mexicano
78555141	de.circus-allmendus
78555236	de.circus-laluna
78555495	de.cirksena-apotheke
78555537	de.cirou
78555795	de.ciss
78555832	de.cit
78556002	de.citigrund
78556537	de.city-blog
78556694	de.city-expert-umzug
78556714	de.city-fahrschule-kutscher
78556916	de.city-immobilien-hamburg
78557072	de.city-nms
78557129	de.city-parking-in-europe
78557283	de.city-schluesseldienst-sarili
78557321	de.city-skylines
78557414	de.city-tourist
78557542	de.cityandbits
78557643	de.citybeat
78557663	de.citybites
78557791	de.citycenter-bergedorf
78558010	de.cityexcite
78558151	de.citygames-bremen
78558158	de.citygames-koeln
78558164	de.citygames-stuttgart
78558210	de.cityglow
78558226	de.citygrill-badsalzungen
78558791	de.citynews-koeln
78558853	de.citypainting
78558858	de.citypano
78558879	de.citypass24
78559002	de.cityplan-verlag
78559118	de.cityreport24
78559247	de.citysoundscapes
78559345	de.citytecture
78559586	de.civi-kune-rlp
78559590	de.civic-data
78559652	de.civis-demokratiespiel
78560161	de.cjuergens
78560561	de.ckd-ruethen
78560889	de.cksa
78560933	de.ckteam-training
78561217	de.claasen
78561466	de.clairenizeyimana
78561940	de.clara-blog
78561967	de.clara-grunwald-schule
78562460	de.clars-oberheide
78562686	de.classeq
78564198	de.claudia-koehler-bayern
78564236	de.claudia-kuttner
78564277	de.claudia-loss
78564402	de.claudia-peitzner
78565657	de.claudineliebtkunst
78565865	de.clauer
78565943	de.claus-finanzen-versicherungen
78566110	de.claus-und-forster
78566384	de.clausschuster
78566405	de.claussen-simon-stiftung
78567107	de.claytours
78568233	de.clean-protect
78569583	de.cleanka
78569877	de.cleantechjobs
78569888	de.cleanthinking
78569918	de.cleanup-munich
78570051	de.clearago
78570555	de.clemensclusen
78571329	de.clever-und-erfolgreich
78571398	de.cleverb2b
78571494	de.clevere-staedte
78571596	de.cleverinsonne
78571869	de.clf-kung-fu
78572098	de.clickandprint
78572149	de.clickdo
78572234	de.clicklabs
78572397	de.clickworker
78572666	de.climate-watch-celle
78573272	de.clipper-boardinghouses
78573489	de.clmap
78573505	de.clmt
78573643	de.clojured
78578087	de.cloudmigration-fuer-unternehmen
78578156	de.clouds-over-altona
78579439	de.club-station
78579617	de.club68evduesseldorf
78579797	de.clubderklarenworte
78579828	de.clubeco
78579947	de.clubhamburgerwirtschaftsjournalisten
78580047	de.clubinmuc-blog
78580080	de.clubkinder
78580088	de.clubkombinat
78580342	de.clubsareculture
78581174	de.cmagazin
78581370	de.cmc-puzzles
78581952	de.cmmobile
78582760	de.cna-ev
78582857	de.cnc-bremer
78583869	de.co-id
78584005	de.co-tax
78584039	de.co-zukunft
78584232	de.co2online
78584902	de.coaching-beratung-hamburg
78585186	de.coaching-hamburg-harburg
78585336	de.coaching-kathinka-evers
78585358	de.coaching-klappheck
78585691	de.coaching-psychotherapie
78585714	de.coaching-rehorn
78585896	de.coaching-therapie-muenchen
78586115	de.coachingass
78586930	de.coaxworks
78587092	de.cobicode
78587346	de.coburg
78587575	de.cocape
78587935	de.cocktail-glaeser
78588341	de.coco-online
78588638	de.coconut-sports
78588856	de.cocreatingfuture
78589371	de.codefor
78589843	de.codeweek
78590160	de.codswift
78590399	de.coeser
78591118	de.cogneon
78591219	de.cognovis
78591366	de.cohrs-hof
78591463	de.coiffeur-hannover
78592115	de.colab-digital
78593011	de.collectiq
78593103	de.collega
78593179	de.collegium-carolinum
78593723	de.cologne-bonn-business
78594066	de.colon
78594137	de.colonia-schlaf-studio
78594833	de.colortronix
78595229	de.coltundpartner
78595420	de.com
78595738	de.comaps
78595820	de.combat-lions
78596463	de.comedix
78596667	de.comeflywithus
78596922	de.cometocut
78597105	de.comfortcharge
78597238	de.comic
78597292	de.comic-in-bayern
78597427	de.comicgate
78597428	de.comicgesellschaft
78598068	de.commercemanager
78598638	de.community-arts
78599025	de.comp-lex
78599196	de.compagnie-nik
78599312	de.company-gmbh
78599533	de.compass-infodienst
78599586	de.compassio
78599834	de.competo-cp
78599853	de.compgen
78599933	de.complangmbh
78599990	de.complete-dienstleistung
78600134	de.compliance-newsblog
78600932	de.computer-erlangen
78601241	de.computer-service-baden
78601325	de.computer-storch
78601479	de.computerbase
78601492	de.computerbetrug
78601530	de.computerclub-2
78601537	de.computerclub-elmshorn
78601609	de.computerfachmagazin
78601907	de.computernotizen
78601989	de.computerschule-kahlgrund
78602302	de.computertruhe
78602332	de.computervisualisten
78602457	de.compyblog
78603114	de.conact-org
78603279	de.concares
78604290	de.concordia-merkendorf
78604752	de.condrobs
78605545	de.congressa
78605587	de.congstar
78605633	de.conieriedle
78605695	de.conjob
78605867	de.conn3ctor
78605974	de.connect-ju
78606192	de.connectedurbantwins
78606209	de.connecticum
78606622	de.conny
78606893	de.connysdesign
78606971	de.conoscope
78607020	de.conphymed
78607031	de.conplan-projekte
78607060	de.conprobau
78607536	de.conselhocidadaos-berlim
78607575	de.consense-communications
78607878	de.consol
78608138	de.constantin-rademacher
78608277	de.constanze-oehlrich
78608557	de.consularia
78608803	de.consulting-btb
78609790	de.containerdienst
78610583	de.content-free
78610721	de.content-veroeffentlichen
78610981	de.contentplattform
78611048	de.contentwelle
78611531	de.contipark
78611557	de.contivus
78611561	de.contixmedia
78611599	de.contora
78611688	de.contra-schiessanlage
78612241	de.conuno
78612423	de.convergetp
78612650	de.convictorius
78612880	de.conzept-clean
78613043	de.cookbooklover
78613250	de.cookingaffair
78613396	de.cool-aging
78613493	de.cool-in-school
78614005	de.coolini
78614190	de.coolsystems
78614256	de.coolwalking
78614419	de.cooperation-fam
78614673	de.coparently
78614718	de.copd-alltag
78614724	de.copd-krankheit
78614913	de.copop
78615245	de.copy-now
78615783	de.cor3-reittherapie
78616445	de.cordula-manski-psychotherapie
78616481	de.cordula-welsch
78616917	de.coretool
78617500	de.corinnastarcke
78617596	de.corivus
78617896	de.cornelia-mertens
78618206	de.corneliasimon
78618214	de.corneliastowasser
78618303	de.cornelius-kirche
78618402	de.cornelsen
78618644	de.corodok
78618836	de.corona-kulturprogramm
78619098	de.corona-zahlen-heute
78620157	de.correct-conception
78620357	de.corso-leopold
78620395	de.corsus
78620744	de.corvus-berlin
78620774	de.cory
78620802	de.cos-a-med
78620837	de.cos-mig
78621123	de.cosinex
78621247	de.cosmedicum-hamburg
78622537	de.costura-ev
78622638	de.cosymap
78622652	de.cosypiero
78622710	de.cotec
78622820	de.cotraico
78622932	de.cottbus-news
78623019	de.cotterell
78623042	de.cotton-club
78623157	de.couch-entertainment
78623354	de.cougar-club-of-germany
78623429	de.counseling-melisse
78624017	de.coupers
78624477	de.cousin
78624871	de.covid-19-bilgi
78624950	de.covid19-recht
78625478	de.coworkbude14
78626520	de.cpg-hamburg
78626649	de.cplayces
78626953	de.cpsecure
78627203	de.cr-apartment
78627324	de.cr-online
78627535	de.cradle-mag
78627721	de.craftboat
78628005	de.crailsheim
78628656	de.crashexperts24
78629361	de.crazydave-rockafellas
78630196	de.creaprint-medien-gmbh
78631160	de.creative-democracy
78631192	de.creative-europe-desk
78631628	de.creativefuel
78631681	de.creativeloft
78631713	de.creativemother
78631954	de.creativmesse
78632261	de.creazyfoto
78632291	de.credativ
78632385	de.creditdevice
78632770	de.crehairtivstudio-peitz
78633262	de.crescendo
78633878	de.criminologia
78634190	de.cristian-ricotta
78634356	de.criticalcare
78635109	de.crone-wa
78635351	de.croquefarmsen
78635481	de.cross-impact
78635485	de.cross-innovation-hub
78635520	de.cross-rennrad-blog
78636602	de.crowdfunding
78636628	de.crowdfundinginmuenchen
78637060	de.crt-motorsport
78637161	de.crucero-magazin
78637205	de.cruise-ahoi
78637255	de.cruisecouple
78637261	de.cruisedeck
78637273	de.cruisegate-hamburg
78637352	de.cruisetricks
78637357	de.cruisify
78640259	de.csc-maps
78640562	de.csd-erkrath
78640802	de.cse-energie
78641120	de.csi-online
78641413	de.csn-deutschland
78642104	de.csu-bogenhausen-ost
78642206	de.csu-gruenwald
78642373	de.csu-neuching
78642427	de.csu-penzberg
78642522	de.csu-stadtrat-muenchen
78643505	de.ctour
78643666	de.cts-steuerberatung
78644177	de.cube-magazin
78645128	de.culina-vetus
78645252	de.culinaryfarm
78645572	de.cultura-estetica
78645631	de.culturall
78645671	de.culture-clouds
78645703	de.culture-on-the-road
78645723	de.culture4climate
78645730	de.culturebase
78645858	de.culturmag
78646243	de.cup-digital-muenchen
78646406	de.cupitalno3
78646771	de.curadoma
78646958	de.curasenio
78646968	de.curassist
78647112	de.curdt
78647191	de.curi0sity
78647258	de.curioucity
78647292	de.curius
78647770	de.curryzoom
78648009	de.curzel
78649045	de.cutaris
78649113	de.cute-dogs
78649409	de.cutire
78649953	de.cuv-stiftung
78649999	de.cuvillier
78650032	de.cuwstein
78650274	de.cuxaktuell
78650568	de.cuxhaven-nordsee-urlaub
78650827	de.cuxland
78650887	de.cuxlandbiene
78650950	de.cuxpedia
78651406	de.cv-zirkel-hamburg
78651911	de.cvjm-hamburg
78651993	de.cvjm-jule
78652202	de.cvjm-ohle
78652489	de.cvjmhotel
78652562	de.cvlotse
78653064	de.cwc-immobilien
78653251	de.cwkberlin
78653813	de.cyber-security-jobs
78654326	de.cybermentor
78654367	de.cybernex
78654374	de.cybernotfall24
78654474	de.cybersbase
78655185	de.cycot
78655900	de.cza
78656128	de.czettritz-logopaedie
78656608	de.d-eiti
78656682	de.d-friese
78656816	de.d-i-s
78656878	de.d-k-h
78657332	de.d-space
78657457	de.d-velop
78658088	de.da-direkt
78658641	de.daa-bayern
78658736	de.daa-nordost
78658810	de.daad
78658819	de.daad-freundeskreis
78659176	de.dabonline
78659193	de.dabplus
78659585	de.dach-heine
78659724	de.dach-pfueller
78659791	de.dach-sicherheit
78659926	de.dachau
78660000	de.dachauer334
78660120	de.dachbau-schaefer
78660174	de.dachbaustoffe-eissmann
78660619	de.dachdecker-eggeling
78660900	de.dachdecker-horn
78661222	de.dachdecker-motz
78662039	de.dachdeckerei-guse
78662048	de.dachdeckerei-hamburg
78662885	de.dachdeckermeister-ue
78663116	de.dachfuerdach
78663138	de.dachgeno-wilhelmsburg
78663496	de.dachrinnenreinigung-hannover
78663567	de.dachsanierung-schmelzer
78663930	de.dachverband-tanz
78664070	de.dachziegel
78664707	de.daddylicious
78664864	de.daec
78665727	de.dafu
78665809	de.daga-tagung
78666156	de.dagmar-kumbier
78666179	de.dagmar-missfeldt
78666644	de.dahabtours
78666699	de.daheim-in-ramersdorf
78667058	de.dahme-spreewald
78667284	de.dai-labor
78667525	de.daily-pia
78667595	de.dailybuttons
78667792	de.dailyshine
78668154	de.dajab
78668434	de.dakosy
78668564	de.dalailama-hamburg
78668839	de.dalilk
78670041	de.damenmode-kleidung
78670105	de.damenschwimmverein
78670114	de.damenstift
78670396	de.damischeritter
78670502	de.damm-pp
78670604	de.dammer-wohnmobilreisen
78670683	de.dammtorstrasse-hamburg
78670722	de.damnit-ev
78671028	de.dampfer-taxi
78672061	de.dance-on
78672788	de.dandl-hof
78674003	de.daniel-engelbrecht
78674177	de.daniel-fuhrhop
78675077	de.daniel-kuhagen
78675247	de.daniel-pfletscher
78675400	de.daniel-schwerd
78675552	de.daniel-wom
78676141	de.danielagrob
78676305	de.danielapetry
78677182	de.danielleicher
78678082	de.danisch
78678084	de.danisch-design
78678562	de.dannenberg-energy
78678945	de.danona
78679164	de.dante-gymnasium
78679755	de.dapapa-erfurt
78679850	de.dapino-eltingshausen
78679940	de.dapte
78680070	de.darc
78680079	de.darc-c12
78680142	de.darco
78680204	de.dare2care
78680233	de.daremag
78680249	de.darf-ich-mit
78680347	de.daria-onier
78684991	de.darstein-pfalz
78684996	de.darstellende-kuenste
78685047	de.dart-freunde-habinghorst
78685645	de.das-abitur-nachholen
78685905	de.das-auto-mobile
78686201	de.das-bisschen-mehr
78686378	de.das-bumerang-projekt
78686380	de.das-bundesnetzwerk
78686545	de.das-demokratische-forum
78687737	de.das-hotel-hamburg
78687907	de.das-ist-magie
78687913	de.das-ist-pflege
78688204	de.das-klohaeuschen
78688723	de.das-meer-ist-blau
78688981	de.das-neuste
78688999	de.das-nord-sued-gefaelle
78689475	de.das-richtige-studieren
78689650	de.das-schmuckparadies
78689697	de.das-schulmuseum
78689701	de.das-schusterhaeusl
78689768	de.das-sendezentrum
78689816	de.das-singold
78689887	de.das-spielende-klassenzimmer
78690066	de.das-tagungshotelportal
78690246	de.das-tuten-der-schiffe
78690297	de.das-unternehmerhandbuch
78690566	de.das-wilde-gartenblog
78690601	de.das-wissen
78690873	de.dasalstertal
78690929	de.dasangebrocheneleben
78690948	de.dasarbeitsrecht
78690991	de.dasaundo
78691119	de.dasbergische
78691418	de.dasbullyforum
78691739	de.dasduo-musikschule
78691776	de.daseigenehaus
78691980	de.dasfamilienrecht
78691999	de.dasfehler
78692116	de.dasflugbuch
78692225	de.dasganzewerk
78692254	de.dasgedichtblog
78692430	de.dasgrossekleinehaus
78692464	de.dasgruselkabinett
78692683	de.dasheine
78692947	de.dasisstberlin
78692997	de.dasistmeinefahrschule
78693005	de.dasistnah
78693054	de.dasjobticket
78693064	de.dasjuedischehamburg
78693282	de.daskleinparadies
78693322	de.daskontaktwerk
78693417	de.daskulturforum
78693434	de.daskurativ
78693448	de.dasl
78693737	de.dasmaklermagazin
78693792	de.dasmedizinblog
78693995	de.dasneuealtona
78694020	de.dasneuenkirchen
78694050	de.dasniyasommer
78694082	de.dasoertliche
78694314	de.daspositive
78694602	de.dasschoenstekind
78695090	de.dasvenalys
78695281	de.daswiesnzelt
78695319	de.daswissensblog
78695425	de.daszehntel
78695667	de.data-center-consulting
78695892	de.data-verbund
78695902	de.data-wolfsburg
78696501	de.datapartner
78696546	de.dataport
78696548	de.dataport-kommunal
78696568	de.dataproject
78696627	de.datarun2023
78696805	de.datavaultusergroup
78697216	de.daten-speicherung
78697259	de.datenanfragen
78697496	de.datengartln
78697598	de.datenleben
78697706	de.datenretter-koeln
78697888	de.datenschule
78697890	de.datenschutz
78697908	de.datenschutz-bayern
78697924	de.datenschutz-berlin
78698007	de.datenschutz-guru
78698009	de.datenschutz-hamburg
78698012	de.datenschutz-help
78698075	de.datenschutz-luebbecke
78698090	de.datenschutz-mv
78698138	de.datenschutz-recht-medizin
78698388	de.datenschutzkanzlei
78698457	de.datenschutzticker
78698460	de.datenschutzverein
78698493	de.datensicherheit
78698737	de.datev-magazin
78699287	de.dattiport
78699488	de.dauchingen
78699537	de.dauerbau
78699541	de.dauerblog
78699768	de.daum-partner
78700034	de.dausmann-dachdecker-bielefeld
78700231	de.dav-goc
78700242	de.dav-hamburg
78700332	de.dav-migrationsrecht
78700441	de.dav-tak
78700506	de.davanwaeltinnen
78700902	de.david-ignatius
78701123	de.david-stoop
78701723	de.davidmitterer
78702032	de.davidundjacques
78702084	de.davidwirth
78702952	de.davoh
78703338	de.dawah24
78703413	de.dawarwalter
78703978	de.dawo-dresden
78704049	de.dawoodshahid
78704396	de.daxeder
78704598	de.dayandlight
78704760	de.dayofhope-muenchen
78704952	de.daz-augsburg
78705421	de.db-tankschutz
78705811	de.dbate
78705815	de.dbausflug
78705853	de.dbb-jugend
78705876	de.dbb-wolf
78705944	de.dbc-gruppe
78706112	de.dbfk-pflegeunternehmer
78706114	de.dbfk-unternehmer
78706123	de.dbft
78706237	de.dbh-online
78706345	de.dbjr
78706590	de.dbpc26
78706921	de.dbu
78706937	de.dbuergerportal
78706945	de.dbundpb
78707120	de.dbz
78707706	de.dce-immobilienmakler
78707876	de.dcig-forum
78708383	de.dd-design
78708474	de.dd-kollegen
78708765	de.ddc
78708997	de.ddg-web
78709013	de.ddgi
78709071	de.ddim
78709142	de.ddlern
78709267	de.ddn-hamburg
78709618	de.ddrm
78710375	de.de-hub
78710711	de.de-media
78710870	de.de-ort
78711091	de.de-stuuv
78711168	de.de-weryha-art
78711570	de.deafrefugees
78711950	de.dean-blohm
78712001	de.deanreed
78713114	de.debus-gmbh
78713642	de.deckengestaltung-infabe
78713676	de.deckenpfronn
78713957	de.declareme
78714016	de.deco-direct
78714739	de.dede-industrieausstattung
78714791	de.dedenhausen
78715069	de.dee-na
78715520	de.deepbluetherapy
78715973	de.deesta
78716321	de.defenza
78716676	de.defus
78716701	de.deg-eishockey
78716789	de.deganius
78716830	de.degede
78717012	de.deges
78717058	de.deggendorf-news
78717646	de.dehoga-hamburg
78717842	de.deichapp
78717912	de.deichgraf-hamburg
78718046	de.deichpartie
78718149	de.deichtorhallen
78718160	de.deichverband
78718594	de.dein-celle
78718616	de.dein-copyshop
78718761	de.dein-einstieg-geschichte
78719222	de.dein-hilfexpert
78720042	de.dein-ruf
78720138	de.dein-seo-kurs
78720159	de.dein-shs
78720459	de.dein-verl
78720495	de.dein-waf
78720591	de.dein-wohngeldrechner
78721443	de.deine-heizungsmeister
78721525	de.deine-isar
78721559	de.deine-kinderbetreuung
78721722	de.deine-muenchen-tour
78721861	de.deine-radiologie
78721862	de.deine-radiologie-bielefeld
78721863	de.deine-radiologie-hannover
78721864	de.deine-radiologie-oldenburg
78722358	de.deine-tierwelt
78724273	de.deinehebamme-vanessa
78725036	de.deinelterngeld
78727974	de.deinglanz
78728175	de.deinhaan
78731215	de.deinplus-siegel
78734215	de.deinz-fotografie
78734305	de.deinzimmer
78735133	de.deizisau
78735232	de.dejak-tomonokai
78736052	de.dekalin
78739002	de.dekoloniale
78741633	de.dela
78741748	de.delamar
78741953	de.dele-hamburg
78741991	de.delegedata
78741997	de.delegs
78742155	de.delfindivers
78742408	de.deliberationdaily
78742626	de.delightfulspots
78742755	de.delikatessenmarkt
78742821	de.delingsdorf
78743025	de.delizia-gelnhausen
78743625	de.deloitte-tax-news
78743930	de.delphin-hamburg
78744555	de.deltaland
78745258	de.deman-europe
78745365	de.demas-city
78745505	de.demenz-aktuell
78745544	de.demenz-im-krankenhaus
78745595	de.demenz-pflege-schwaben
78745605	de.demenz-region-swp
78745633	de.demenz-sh
78745770	de.demenznetz-altona
78745771	de.demenznetz-bergedorf
78745791	de.demenznetz-wandsbek
78745817	de.demenzrisiko
78745860	de.demergo-baumpflege
78746151	de.demko-optik
78746495	de.demofueralle
78746638	de.demokratie-dithmarschen
78746708	de.demokratie-leben
78746788	de.demokratie-muenchen
78746822	de.demokratie-spiegel
78746846	de.demokratie-und-zusammenhalt
78746852	de.demokratie-vielfalt-respekt
78746931	de.demokratiegeschichten
78747011	de.demokratietalente
78747040	de.demokratisch-handeln
78747094	de.demokratischer-salon
78747283	de.demos
78747327	de.demoshops
78747672	de.den-menschen-im-blick
78747922	de.denfeld
78748046	de.denic
78748502	de.deniz-celik
78748611	de.denk-doch-mal
78748658	de.denk-mal-gegen-krieg
78748660	de.denk-mal-industrie
78748681	de.denk-mit
78748737	de.denkabenteuer
78749074	de.denkhausbremen
78749218	de.denkmal-sexuelle-vielfalt
78749243	de.denkmalamort
78749299	de.denkmalhamburg
78749337	de.denkmalnetzbayern
78749353	de.denkmalpflege-bw
78749424	de.denkmalsalon-hamburg
78749482	de.denkmalstiftung
78749495	de.denkmaltopographie-bw
78749501	de.denkmalverein
78749705	de.denktraeume
78749756	de.denkwerkzukunft
78749993	de.dennis-gladiator
78750658	de.denniskoerner
78751784	de.dent-suva
78753036	de.dental-shape
78753292	de.dental-werk
78753747	de.dentalconcept-freiburg
78754154	de.dentallabor
78754892	de.dentaoptima
78755313	de.dentovital
78755371	de.dentspro
78755695	de.department-of-tomorrow
78755900	de.depomm
78756045	de.depotcity
78756274	de.depressionende
78756340	de.deprofundis
78756426	de.der-5-minuten-blog
78756845	de.der-baufi-spezialist
78756998	de.der-betrieb
78757214	de.der-branchenindex
78757359	de.der-buzi-maler
78757387	de.der-champignon
78757418	de.der-club
78757883	de.der-eppendorfer
78758054	de.der-familienstammbaum
78758461	de.der-fusschirurg
78758711	de.der-glottertaeler
78759325	de.der-hummel-ev
78759413	de.der-indat
78759828	de.der-kleine-schluesseldienst
78760553	de.der-metronom
78760747	de.der-nachhilfe-coach
78760897	de.der-oberhafen
78760921	de.der-oeffentliche-sektor
78761037	de.der-paritaetische
78761375	de.der-querschnitt
78761654	de.der-rote-krebs-blog
78762068	de.der-seniorenassistent
78762594	de.der-tierblog
78762607	de.der-tip-top-umzug
78762657	de.der-trauerredner-hamburg
78762971	de.der-wanderfreund
78763083	de.der-weinfleck
78763440	de.der9kontinent
78764067	de.derblindefleck
78764263	de.derbussgeldkatalog
78764585	de.derdigitalpakt
78764782	de.derelternverein
78764958	de.derfallboese
78765249	de.derfriseur
78765405	de.dergelbeklang
78766125	de.derhund
78766209	de.derimmobilienblog
78766251	de.derinnenspiegel
78766563	de.derklassenrat
78766619	de.derkleineflo
78766757	de.derkoenigderloewen
78766862	de.derkreuzfahrer
78767360	de.derma-hering
78767667	de.dermaneuss
78767785	de.dermassagemann
78768428	de.dermusikjournalist
78768438	de.dermutanderer
78768736	de.derordersatz
78768795	de.derparkettmann
78768853	de.derperfekteislam
78769619	de.derseniorengarten
78769697	de.dersocialmediaberater
78769716	de.dersollnerblumenmarkt
78770206	de.dertshirtdrucker
78770707	de.derwirtschaftsverein
78770883	de.derzuhoerer-berlin
78771252	de.deseke
78772235	de.design-pigmente
78772580	de.design2use
78773389	de.designeroberer
78773415	de.designers-heaven
78774000	de.designmadeingermany
78774251	de.designrecht-dresden
78774252	de.designrecht-halle
78774253	de.designrecht-leipzig
78774318	de.designschule-muenchen
78774489	de.designtagebuch
78775277	de.desmoschoenus
78775873	de.destille-augsburg
78776063	de.destinet
78776230	de.desy
78776535	de.detectivecondor
78776582	de.detektei-adp
78776603	de.detektei-bayerl
78776746	de.detektei-lietz
78776834	de.detektei-sicherheitsberatung
78776885	de.detektei-widder
78776907	de.detekteien-auskunft
78776954	de.detektiv-bielefeld
78776955	de.detektiv-bochum
78776958	de.detektiv-braunschweig
78776959	de.detektiv-bremen
78776961	de.detektiv-bremerhaven
78776978	de.detektiv-detmold
78776979	de.detektiv-deutschland
78776981	de.detektiv-dorsten
78776986	de.detektiv-essen
78776993	de.detektiv-guetersloh
78776994	de.detektiv-hagen
78776996	de.detektiv-hamm
78776997	de.detektiv-hannover
78777000	de.detektiv-hildesheim
78777006	de.detektiv-itzehoe
78777007	de.detektiv-kassel
78777009	de.detektiv-kiel
78777011	de.detektiv-kleve
78777016	de.detektiv-lingen
78777018	de.detektiv-luebeck
78777019	de.detektiv-luedenscheid
78777029	de.detektiv-oberhausen
78777032	de.detektiv-paderborn
78777033	de.detektiv-potsdam
78777034	de.detektiv-privatdetektei
78777041	de.detektiv-rheine
78777044	de.detektiv-schwerin
78777048	de.detektiv-soest
78777059	de.detektiv-wilhelmshaven
78777061	de.detektiv-witten
78777084	de.detektive-dortmund
78777669	de.detlevmotz
78777978	de.dettighofen
78778243	de.deuframat
78778287	de.deula
78778350	de.deurema
78778404	de.deuschebahn
78778576	de.deutsch-als-fremdsprache
78778578	de.deutsch-als-fremdsprache-lernen
78778580	de.deutsch-am-arbeitsplatz
78778608	de.deutsch-blog
78778716	de.deutsch-hispanische
78778940	de.deutsch-russisches-forum
78779000	de.deutsch-ukrainischer-kulturverein
78779001	de.deutsch-ukrainisches-forum
78779015	de.deutsch-werden
78779123	de.deutsche-alpenstrasse
78779132	de.deutsche-alzheimer
78779287	de.deutsche-biographie
78779359	de.deutsche-cannabis-akademie
78779581	de.deutsche-euroshop
78779632	de.deutsche-fernschule
78779649	de.deutsche-filmografie
78779677	de.deutsche-flagge
78779739	de.deutsche-gesellschaft
78779742	de.deutsche-gesellschaft-ev
78779772	de.deutsche-giganetz
78779773	de.deutsche-gildenschaft
78779775	de.deutsche-glasfaser
78779833	de.deutsche-heilpraktikerschule
78779976	de.deutsche-juniorakademien
78780247	de.deutsche-mugge
78780345	de.deutsche-pensionen
78780367	de.deutsche-pflegejobs
78780517	de.deutsche-richterakademie
78780558	de.deutsche-schachjugend
78780559	de.deutsche-schadenshilfe
78780608	de.deutsche-schutzgebiete
78780629	de.deutsche-seniorenbetreuung
78780712	de.deutsche-startups
78780841	de.deutsche-umweltakademie
78780901	de.deutsche-volksfeste
78780917	de.deutsche-waldjugend-hh
78780974	de.deutsche-wirtschafts-nachrichten
78781225	de.deutschefachpflege
78781226	de.deutschefachpflege-gruppe
78781437	de.deutschemedz
78781637	de.deutscher-blog
78781708	de.deutscher-druiden-orden
78781727	de.deutscher-engagementpreis
78781752	de.deutscher-familienverband
78781760	de.deutscher-fernsehfunk
78781841	de.deutscher-hilfsdienst-singen
78781963	de.deutscher-koordinierungsrat
78782009	de.deutscher-lottoservice
78782137	de.deutscher-radiopreis
78782348	de.deutscher-werbefilmpreis
78782368	de.deutscher-zahnarzt-service
78782590	de.deutscherpresseindex
78782660	de.deutschertourismuspreis
78782662	de.deutschertourismusverband
78782722	de.deutsches-architekturforum
78782797	de.deutsches-ehrenamt
78782805	de.deutsches-energieberaternetzwerk
78782821	de.deutsches-fasd-kompetenzzentrum-bayern
78782871	de.deutsches-go-forum
78782997	de.deutsches-klima-konsortium
78783057	de.deutsches-museum
78783085	de.deutsches-patentamt
78783098	de.deutsches-pflegeportal
78783189	de.deutsches-spionagemuseum
78783198	de.deutsches-stiftungszentrum
78783214	de.deutsches-theater
78783616	de.deutschewildtierstiftung
78783636	de.deutschezentren
78783697	de.deutschinstitut
78783756	de.deutschland
78783900	de.deutschland-fragt
78783939	de.deutschland-im-web
78784030	de.deutschland-monteurzimmer
78784065	de.deutschland-pool
78784077	de.deutschland-rechner
78784110	de.deutschland-schulferien
78784134	de.deutschland-startet
78784147	de.deutschland-summt
78784150	de.deutschland-tankt-strom
78784168	de.deutschland-traveling
78784307	de.deutschlandfamilienkarte
78784324	de.deutschlandfunk
78784329	de.deutschlandfunkkultur
78784331	de.deutschlandfunknova
78784361	de.deutschlandistvegan
78784363	de.deutschlandjaeger
78784416	de.deutschlandmuseum
78784431	de.deutschlandpilgert
78784588	de.deutschlandskrankekinder
78784626	de.deutschlandthema
78784667	de.deutschlandurlaub-tipps
78784668	de.deutschlandurlauber
78784717	de.deutschlernen-blog
78784782	de.deutschmusikblog
78784949	de.deutschzeit
78785539	de.deve-lup
78786111	de.devinkandelhard
78786507	de.devries-beratung
78786826	de.dewiki
78787363	de.dezza
78787628	de.dfa-hamburg
78787755	de.dfc-muenchen
78787815	de.dfdk
78787876	de.dffeichenau
78788030	de.dfg-vk
78788102	de.dfh-online
78788165	de.dfjv
78788275	de.dfn
78788597	de.dfwr
78788728	de.dg-hochn
78788763	de.dg-kunstraum
78788792	de.dg-mentoring
78788814	de.dg-pflegewissenschaft
78789061	de.dgahd
78789129	de.dgb
78789374	de.dge-hessen
78789422	de.dgekw
78789470	de.dgevesch-ni
78789733	de.dggt
78789736	de.dggwp
78789809	de.dghk-hh
78789827	de.dghm-kongress
78789906	de.dgi-net
78789920	de.dgif
78789931	de.dgim
78789933	de.dgim-history
78789984	de.dgj-jugendfestival
78790132	de.dglr
78790253	de.dgmsm
78790257	de.dgmtev
78790259	de.dgmuc
78790481	de.dgpr
78790549	de.dgpuk2020
78790565	de.dgq
78790629	de.dgs
78790697	de.dgs-osnabrueck
78790727	de.dgs-suizidpraevention
78790992	de.dguv
78791103	de.dgvs-gegen-das-vergessen
78792137	de.dhofmainz
78792187	de.dhpa
78792205	de.dhpol
78793763	de.dia-software
78794362	de.diabetespraxis-garbsen
78796361	de.diaetrechner
78796534	de.diag-mav-hamburg
78797341	de.diakonie
78797359	de.diakonie-alten-eichen
78797407	de.diakonie-bayern
78797566	de.diakonie-gotha
78797581	de.diakonie-hamburg
78797787	de.diakonie-muc-obb
78797795	de.diakonie-muenchner-sueden
78798005	de.diakonie-stetten
78798370	de.diakoniestiftung
78798389	de.diakonieundbildung
78798428	de.diakonieverein-poppenbuettel
78798668	de.dialex
78798800	de.dialog-hamburg
78798834	de.dialog-in-hamburg
78798869	de.dialog-lexikon
78798963	de.dialog-sprachschule
78799027	de.dialogart
78799053	de.dialogcafe-muenchen
78799074	de.dialogeimstadtteil
78799102	de.dialogforum-kubi
78799109	de.dialogforum-schiene-hamburg-altona
78799201	de.dialoglexikon
78799309	de.dialogstandorte
78799638	de.dialysebedarf
78799682	de.dialysezentrum-hamburg
78799986	de.diamantspirit
78800522	de.diana-klinik
78800700	de.dianacht
78800931	de.dianaschweinforth
78801494	de.dibag-bogenhausen-sued
78801809	de.dicht-am-fisch
78802266	de.dickerdrucker
78803052	de.die
78803292	de.die-allgemeinaerzte-hamburg
78803662	de.die-auswaertige-presse
78804121	de.die-besten-einfamilienhaeuser
78804132	de.die-besten-fuer-muenchen
78804243	de.die-beziehungspraxis
78804248	de.die-bibel
78804334	de.die-bio-mama
78804373	de.die-blaue-bank
78805003	de.die-criminale
78805125	de.die-deutsche-buehne
78805536	de.die-elbtischler
78805579	de.die-endverbraucher
78806084	de.die-feldmochinger
78806192	de.die-filmproduktion-hamburg
78806273	de.die-flaschenpost
78806433	de.die-fotomeisterin
78806475	de.die-frau
78806483	de.die-frau-nullschwelle
78806609	de.die-fritze
78806752	de.die-gartenkunst
78807040	de.die-gfi
78807274	de.die-gruene-hand
78807283	de.die-gruene-stadt
78807487	de.die-hamburgische-staatsoper
78807515	de.die-handyreparatur
78807714	de.die-heizkassette
78808249	de.die-inkognito-philosophin
78808288	de.die-inselpension
78808418	de.die-junge-buehne
78808950	de.die-kleinen-racker-hamburg
78809357	de.die-kuendigungsschutzkanzlei
78809380	de.die-kulmbloggera
78809866	de.die-linke-eimsbuettel
78809905	de.die-linke-hamburg
78809907	de.die-linke-hamburg-nord
78809910	de.die-linke-harburg
78810397	de.die-markenbildnerei
78810699	de.die-mitterfelder
78810869	de.die-muenchnerin
78810935	de.die-nachbarschaftshilfe
78811438	de.die-ostseeperle
78811511	de.die-partei
78811557	de.die-partei-hamburg
78812344	de.die-rathausapotheke
78812430	de.die-region
78812596	de.die-rhoener-walddoerfer
78812710	de.die-roten-doppeldecker
78813070	de.die-schneeflocke
78813459	de.die-sicherheitsdienst
78813545	de.die-snack-box
78813583	de.die-sonne-und-wir
78813787	de.die-stadtgestalter
78813805	de.die-stadtretter
78813948	de.die-steuerwerke
78814199	de.die-tanzbaeren
78814382	de.die-tieraerztinnen
78814570	de.die-trockenbauer
78814655	de.die-umwelt-akademie
78815387	de.die-werbescheune
78815402	de.die-werkkiste
78815902	de.die-zero-emission
78815994	de.die-zulasser
78816013	de.die-zwei-im-isental
78816558	de.diearge
78816684	de.dieazubis
78816748	de.diebalkonbauer
78816865	de.diebasis-hamburg
78817055	de.diebayerische
78817063	de.diebayern
78817115	de.diebeliebt
78817293	de.diebestentop10
78817322	de.diebetriebsaerztin
78817354	de.diebeziehungsschmiede
78817470	de.dieblauegiraffe
78817489	de.dieblauweissrotenkicker
78817605	de.dieboje
78818238	de.diedachprofis-kassel
78818292	de.diedelikaten
78818365	de.diedeutschenbadbanks
78818520	de.diedrich-immobilienmanagement
78819354	de.diefotomanufaktur
78819612	de.diegartenoase
78820065	de.diegrete
78820268	de.diehalbenmeter
78820516	de.dieherberge
78820625	de.diehl-one
78820911	de.diehundemesse
78820974	de.dieimmobilie
78821160	de.diekaelte
78821266	de.diekarriereleiter
78821314	de.diekeimzelle
78821445	de.diekindskoepfe
78821878	de.diekolumnisten
78822131	de.diekuechebrennt
78822213	de.diekunstbuchproduzentin
78822306	de.dielaberei
78822391	de.dielaufgesellschaft
78822717	de.dielinke-bergedorf
78822938	de.dielinke-muenchen-stadtrat
78823011	de.dielinke-rosenheim
78823013	de.dielinke-row
78823381	de.diemarkenrechtler
78823795	de.diemuenchnerkindl
78823844	de.dienachbarinbloggt
78824089	de.dieneuesituation
78824134	de.dieniedersachsen
78824148	de.dienonprofitkiste
78824671	de.dienstleistungheute
78824689	de.dienstleistungsberufe
78824987	de.dieolsenban
78825115	de.dieparteimuenchen
78825136	de.diepatentrechtler
78825146	de.diepauschalreise
78825476	de.dieportoseite
78825789	de.diercke
78825794	de.diercks-digital-recht
78826155	de.dierothenburg
78826199	de.dierueckemaenner
78826332	de.dieschamanin-koeln
78826586	de.dieschule
78826594	de.dieschulkoeche
78826637	de.diesco
78827859	de.dietenheim
78827970	de.dieter-ewerth
78828413	de.dieterfloren
78828484	de.dieterjanecek
78828487	de.dieterjohannsen
78830204	de.dieverhandlungsbasis
78830212	de.dieverleugneten-vevon
78830239	de.dieversicherungsmakleronline
78830468	de.diewarentester
78830639	de.dieweltenbummler
78830955	de.diewohlfuehler
78831013	de.diewolpertinger
78831666	de.difu
78831667	de.difue
78831994	de.diggies
78832280	de.digibits
78832518	de.digigedankens
78832679	de.digimax
78832807	de.digiphant
78832833	de.digiportal
78832991	de.digit
78833026	de.digita-law
78833272	de.digital-companions
78833547	de.digital-highend
78833634	de.digital-kompass
78833711	de.digital-magazin
78834612	de.digitalcourage
78834626	de.digitaldaily
78834848	de.digitale-berufsbildung
78834960	de.digitale-exzellenz
78835013	de.digitale-grundversorgung
78835185	de.digitale-notdurft
78835536	de.digitalegehaltsabrechnung-epayslip
78835550	de.digitalehilfe-muc
78835561	de.digitalejugendhilfe
78835583	de.digitaleleinwand
78835683	de.digitaler-enkel
78835703	de.digitaler-gewerbesteuerbescheid
78835878	de.digitalerzwilling-haupthafenroute
78835907	de.digitales-bueromanagement
78835922	de.digitales-deutsches-frauenarchiv
78835949	de.digitales-gesundheitsamt
78836062	de.digitales-unternehmertum
78836071	de.digitales-webdesign
78836094	de.digitalesbb
78836117	de.digitaleseiten
78836179	de.digitalestadtmuenchen
78836214	de.digitaleweltmagazin
78836226	de.digitalewunderkammer
78836425	de.digitalgreenrobots
78836562	de.digitalisieren-dias
78836566	de.digitalisieren-vhs
78836847	de.digitallearninglab
78836848	de.digitallearningtools
78836975	de.digitalmediawomen
78837002	de.digitalmindset
78837491	de.digitaltraining
78837699	de.digitalzentrum-rostock
78837706	de.digitalzentrumbau
78837914	de.digivero
78838263	de.dijuf
78838839	de.dillenberger-feinmechanik
78839244	de.dimagb
78841315	de.dinter-kreissig
78841609	de.dionysos-obermenzing
78841815	de.dipf
78841874	de.dipl-psych-liss
78841880	de.diplanung
78841885	de.diplingblog
78841889	de.diplo
78842508	de.directorsacademy
78842563	de.direkiju
78842665	de.direkt-urlaubbuchen
78842926	de.direkturlaub-in-deutschland
78842969	de.direktvermarktung-rosskopf
78843029	de.direktzu
78843424	de.dirk-koll
78843595	de.dirk-rohweder
78844399	de.dirkspringborn
78844441	de.dirkunddurstig
78844455	de.dirkvongehlen
78844617	de.dirndlschleifchen
78845552	de.disco2
78845560	de.discobaby
78846012	de.discountmarkenschutz
78846334	de.diserva
78846671	de.diskurs-religionspolitik
78847005	de.display-max
78847255	de.disq
78847337	de.dissens
78847344	de.dissenspodcast
78847863	de.disy-magazin
78848014	de.dithmarschen
78848368	de.ditra
78848429	de.dittenheim
78848469	de.ditting-bau
78848529	de.dittmann-wohnungsverwalter
78849318	de.diversikat
78849368	de.diversity-muenchen
78849526	de.divi24
78849921	de.diw
78849923	de.diw-berlin
78850045	de.diwish
78850483	de.dizziphus
78850544	de.dj-aktiv
78850713	de.dj-bremen-discjockey
78850808	de.dj-dany-mankau
78850972	de.dj-finanz
78851079	de.dj-hamburg-discjockey
78851084	de.dj-hap
78851138	de.dj-hochzeit-buchen
78851153	de.dj-hochzeiten-partys
78851648	de.dj-oliver
78851894	de.dj-service-24
78851896	de.dj-service-bayern
78852166	de.dj-walumm
78852429	de.djandfriends
78852580	de.djb
78853059	de.djfe
78853106	de.djfrancoisfrommage
78853207	de.djgambo
78853350	de.dji
78853551	de.djk-bv-labbeckuedemerbruch
78853667	de.djk-fasangarten
78853889	de.djk-mistendorf
78853899	de.djk-muenchen-ost
78854055	de.djk-sportbund-muenchen-ost-fussball
78854058	de.djk-sportfreunde-badhomburg
78854321	de.djkdv-muenchen
78854673	de.djmartinschulz
78854853	de.djo-hh
78855511	de.dju-bayern
78855576	de.djv
78855605	de.djv-nord
78855783	de.dk-dach
78855835	de.dk-ferien
78855836	de.dk-fertigungstechnik
78855839	de.dk-finance
78855996	de.dk-photographie
78856049	de.dk-steuerungsbau
78856488	de.dkfa
78856774	de.dkmontage
78856795	de.dkmuenchen
78856965	de.dkr-steuerberater
78856998	de.dkrz
78857376	de.dkz-akademie
78857871	de.dl5no
78859075	de.dlr
78859095	de.dlrg
78859761	de.dm-fliesen-sanierung
78859818	de.dm-lingua
78860078	de.dma-medienakademie
78860706	de.dmm-ingolstadt
78861002	de.dms-schmitt
78861071	de.dmsg-bayern
78861084	de.dmsg-hamburg
78861270	de.dmun
78861409	de.dmz-maritim
78861556	de.dna-festivals
78861682	de.dnb
78861708	de.dnbgf
78861818	de.dnews24
78861904	de.dnk
78861912	de.dnk-rechtsanwaelte
78862068	de.dns-indikatoren
78862428	de.do-ne-a
78862675	de.doatrip
78862966	de.dobiener
78862984	de.dobitschen
78864148	de.docmorris
78864515	de.doctorbike
78864611	de.doctorsforchoice
78864659	de.doctrine
78865464	de.doemitz
78865769	de.doepfer-hamburg
78865776	de.doepfer-muenchen
78865780	de.doepfer-schulen
78865820	de.doeppner-bestattungen
78866132	de.doerner-institut
78866144	de.doerner-shop
78866152	de.doernerinstitut
78866227	de.doerpsweg
78866354	de.doerrkraeutle
78866424	de.doerte-maack
78866476	de.doerthe-baeumer
78867088	de.doganpfahler
78867168	de.dogcircle-hundeschule
78867422	de.doggennetz
78867540	de.doggycamp
78867720	de.dogmartens
78868127	de.dogscut
78868164	de.dogsforever
78868177	de.dogsharing
78868426	de.dogtrain-sv
78868462	de.dogvers
78868752	de.doi-tsu
78868774	de.doin-good
78869136	de.dokfest-muenchen
78869369	de.doktor-ebike
78869655	de.doktorbad
78870555	de.dolfosan
78870716	de.dollco
78870729	de.dolledeerns-berufsorientierung
78870757	de.dolleruper
78870944	de.dolmetschbar
78871007	de.dolmetscher-polnisch-berlin
78871081	de.dolmetscherin-berlin
78871331	de.dolski-immobilien
78871613	de.domagkateliers
78871615	de.domagkpark
78872331	de.domberg-akademie
78872502	de.domenica-ewald
78872571	de.domestina
78872736	de.domicil-seniorenresidenzen
78873342	de.dominik-krause
78873679	de.dominikkienzle
78874047	de.domino-bau
78874601	de.domivio
78874819	de.domizil-schobuell
78878404	de.donau-auto
78878884	de.donauwoerth
78878944	de.donbosco
78879018	de.doncamillo-chor
78879179	de.donfelipe
78879455	de.donna-bellini-fotografie-berlin
78879456	de.donna-bellini-fotografie-muenchen
78879602	de.donner-reuschel
78879738	de.donnerwetter
78880177	de.doodlefinder
78880228	de.dooh-ads
78880488	de.dopamin-hamburg
78881164	de.doppiomondo
78881641	de.dorf-elben
78881772	de.dorfanger-boberg-ev
78881981	de.dorfevents
78882896	de.dorfmark-touristik
78882996	de.dorfner-grundbesitz
78883014	de.dorfoekologie
78883191	de.dorfstadt
78883538	de.doris-buergel
78883866	de.dorishartwich
78884033	de.dorit-und-alexander-otto-stiftung
78884209	de.dormettingen
78884745	de.doro-optik
78884889	de.dorothe-lanc
78885222	de.dorotheedeplace
78885261	de.dorotheen
78885303	de.dorotheeschwarz
78885601	de.dortmund
78885755	de.dortmund-startups
78886606	de.doskrausos-logistic
78886919	de.dotd
78888192	de.down-kind
78888710	de.doxx
78888842	de.dozenturio
78888911	de.dp-elektronik
78888914	de.dp-estrichbau-lubmin
78889366	de.dpg-hamburg
78889400	de.dpg-physik
78889411	de.dpg-tagungen
78889868	de.dpma
78889945	de.dpolg-hh
78891002	de.dptv
78891124	de.dqb656
78891317	de.dr-alexandra-coumbos
78891340	de.dr-allemann
78891738	de.dr-bandomer
78891988	de.dr-berle
78892069	de.dr-beyer
78892085	de.dr-bieker
78892343	de.dr-breher-muenchen
78892832	de.dr-dasselaar
78892837	de.dr-datenschutz
78892948	de.dr-dichhardt
78893058	de.dr-dohrmann-partner
78893575	de.dr-feinen
78893627	de.dr-filzmayer
78894634	de.dr-hegendoerfer
78894743	de.dr-hemicker
78895251	de.dr-intorf
78895424	de.dr-joachim-graul
78895614	de.dr-kaiserauer
78895883	de.dr-kimmig
78896120	de.dr-koelling
78896134	de.dr-koerholz
78896346	de.dr-krutz
78896593	de.dr-lehner-immobilien
78896793	de.dr-lohner-steuerberatung
78896851	de.dr-luecke
78897709	de.dr-moreano
78897716	de.dr-moroni
78897797	de.dr-mundorf
78897950	de.dr-nicola-huber
78897996	de.dr-niklas-david
78898047	de.dr-notemann
78898141	de.dr-olaf-then
78898503	de.dr-pipe-hamburg
78898685	de.dr-queitsch
78898695	de.dr-r-wagner
78899463	de.dr-schauer
78899588	de.dr-schleenbecker
78899852	de.dr-schulte-vels
78900380	de.dr-steinkuhle
78900911	de.dr-tribull
78901274	de.dr-wachs
78901426	de.dr-weiherich
78901622	de.dr-willi
78902119	de.drachenbauch
78902249	de.drachenei-kita
78902402	de.drachenkinderland
78903615	de.draht-plank
78904040	de.dralignerandfriends
78904460	de.draussen-bouldern
78904509	de.draussenimgruenen
78904514	de.draussenlust
78904732	de.drbailly
78904762	de.drbasaran
78905264	de.drcomputertech
78905482	de.drdrhoppe
78906215	de.dreamlines
78907145	de.dreh-st
78907635	de.drehscheibe-online
78908158	de.dreibeinblog
78908287	de.dreieckeneinelfer
78908790	de.dreikommanull
78908793	de.dreikon
78909098	de.dreirad-zentrale
78909368	de.dreisterneplus
78909512	de.dreizehnlindenhalle-alhausen
78909581	de.drela
78910037	de.dresden
78910227	de.dresden-hausarztpraxis
78910351	de.dresden-neustadt
78910434	de.dresden-seminar
78910657	de.dresdenlokal
78910678	de.dresdenreisetipps
78910770	de.dresdner-branchen
78911020	de.dresdner-trolle
78911168	de.dreser-online
78911411	de.dressler-hv
78912165	de.drfrohr
78912216	de.drfz
78912401	de.drgerdheine
78912624	de.drguysaar
78912857	de.drhien
78913750	de.dritter-orden
78913765	de.dritterweg
78913813	de.drivar
78913825	de.drive-and-style
78914127	de.driver-munich
78914185	de.driversline
78914193	de.driverspace
78914255	de.driving-office
78914292	de.drivingralle
78914468	de.drk
78914539	de.drk-altona-mitte
78915001	de.drk-eimsbuettel
78915301	de.drk-hamburg
78915589	de.drk-kiju
78916747	de.drk-sd-eimsbuettel
78917167	de.drk-westfalen
78917522	de.drklaus
78917945	de.drliley-it-consulting
78918122	de.drmaerzke
78918179	de.drmarek
78918585	de.drnounddieunschuldigen
78918681	de.droege-paul
78919173	de.drohnen
78919217	de.drohnen-luftbilder360
78919360	de.drohnenluftaufnahme
78919596	de.dronecert
78919648	de.drones-magazin
78920550	de.drriedel-neuhausen
78920848	de.drschmitz
78920947	de.drseegers
78921050	de.drsohlich
78921138	de.drstefanschneider
78921192	de.drstoll
78921381	de.drtou
78921462	de.druck-copycenter
78921894	de.drucker-loesung
78922581	de.druckereibauer
78923501	de.druckspiegel
78923687	de.druckwelt-trabert
78923920	de.drugscouts
78924972	de.drwetz-zahnarzt
78924983	de.drwho
78926156	de.dsb
78926175	de.dsb-datenschutz
78926415	de.dsc-preussen
78926439	de.dsc-wanne-fussball
78927219	de.dshs-snowtrex-koeln
78927338	de.dsj
78927494	de.dsl-anbieter-vergleich-24
78927810	de.dslregional
78927898	de.dsm-hamburg
78927988	de.dsn-group
78928350	de.dssv
78928447	de.dstgb
78928946	de.dt5online
78929081	de.dtcom-consult
78929499	de.dtkb
78929614	de.dtme
78929640	de.dtn-gmbh
78929743	de.dtpev
78930429	de.dual-career-hamburg-und-norden
78930533	de.duales-studium
78931025	de.dubistmirnemarke
78931051	de.dubitscher
78932139	de.duehl
78932733	de.dueren-magazin
78933004	de.duerr-stiftung
78933154	de.duesiblog
78933247	de.duesseldorf
78933472	de.duesseldorf-startups
78933512	de.duesseldorf-wirtschaft
78933566	de.duesseldorfer-blatt
78933974	de.duf
78934493	de.duh
78934642	de.duisburg
78934715	de.duisburg-lokal
78935207	de.dulipphof
78935252	de.dulsberg
78935254	de.dulsberg-denkmalschutz
78935260	de.dulsberger
78935290	de.duma-naturstein
78935686	de.dundj-reisen
78935739	de.dunera
78936214	de.dunn
78936578	de.duo-per-tutti
78937111	de.dup-magazin
78937638	de.durchdenkenvorne
78938018	de.durlach-art
78938272	de.dury
78938443	de.duschen-barrierefrei
78938888	de.dustlesservice
78939234	de.duvenstedtersv
78939318	de.duwirstvermisst
78939570	de.dv-schwarzwald
78939610	de.dv-wuerttemberg
78939711	de.dvb-fachverband
78940217	de.dvfr
78940466	de.dvi24
78940484	de.dvinci
78940679	de.dvoirele
78940756	de.dvr
78940821	de.dvs-gap-netzwerk
78941094	de.dvwg
78941351	de.dwa
78941366	de.dwa-kraemer
78941416	de.dwars-izmirli
78941430	de.dwaves
78941647	de.dwh-consult
78941693	de.dwif
78941922	de.dwro
78945022	de.dynamite-tattoo
78945118	de.dynamo-dresden
78945168	de.dynamo-muenchen
78945937	de.dzbank
78946059	de.dzhk
78946137	de.dzivojam
78946148	de.dzk-tuberkulose
78948761	de.e-recht24
78949026	de.e-service-check
78949288	de.e-technik-schulz
78949615	de.e-wie-einfach
78951265	de.ea-rlp
78951332	de.eaa-hamburg
78951560	de.eaf-berlin
78951792	de.eah-jena
78952630	de.earthsystemschool
78952876	de.east-end
78952892	de.east-hamburg
78953104	de.eastkap
78953143	de.eastpowergmbh
78953506	de.easy-energiedienste
78953513	de.easy-entsorgen
78953772	de.easy-recycle
78954113	de.easycab
78954159	de.easychild
78954708	de.easymahn
78955028	de.easystempel
78955073	de.easyterra
78955118	de.easytrax-music
78955364	de.eat-vegan
78955404	de.eatappie
78955593	de.eatrunhike
78955639	de.eattravel
78955650	de.eatutzing
78955815	de.eazf
78955859	de.eazybreazy
78955920	de.eb-bayern
78956105	de.eb-patent
78956382	de.ebakery
78959084	de.eberbach
78960025	de.eberl-hattenhofen
78960038	de.eberl-immobilien
78960578	de.ebersberg
78960882	de.eberstadt
78960911	de.eberstein-apotheke
78961157	de.ebert-gymnasium
78961268	de.ebert-partyservice
78962863	de.ebike-on-tour
78963635	de.ebikespass
78963878	de.ebildungslabor
78965156	de.ebokks
78965458	de.ebooksratgebershop
78965557	de.ebr-schererschule
78966113	de.ebw-muenchen
78967284	de.echauffier
78967356	de.echinger-echo
78967562	de.echoev
78967784	de.echt-dithmarschen
78968042	de.echte-abzocke
78968156	de.echte-vielfalt
78968218	de.echtemamas
78968289	de.echterfuchs
78968423	de.echthaardirekt
78968427	de.echthaarperueckemuenchen
78968681	de.echtzeithalle
78968739	de.ecin
78969730	de.eckmann-consulting
78970155	de.ecmconsulting
78970164	de.ecmguide
78970390	de.eco-kids-germany
78970490	de.eco-so-lo
78970560	de.eco-world
78970681	de.ecocamper
78970800	de.ecodesignkit
78971302	de.ecomento
78971353	de.ecommerce-architects
78971629	de.econ-referenten
78971751	de.economag
78972111	de.ecoselva
78972407	de.ecovast
78972621	de.ecs-energieberatung
78972832	de.ecubate
78972986	de.ed-nord
78973615	de.eddywieand-sinedi
78974064	de.edeka-jastrebow
78974940	de.edelcurry
78974974	de.edelfettwerk
78976504	de.eden-escort
78976523	de.eden-hotel-wolff
78976639	de.edenhofer-immobilien
78977249	de.edgarwessendorf
78977338	de.edhac-ev
78977374	de.edi-hohenlohe
78977584	de.edingershops
78977671	de.edit-frankfurt
78978232	de.edition-lockbuch
78978860	de.edle-bauelemente
78979436	de.edreams
78979941	de.education-campus
78980183	de.educcare
78980518	de.edumaps
78980591	de.edunautika
78980884	de.eduserver
78981717	de.edv-maho
78982042	de.edv-wiedemann
78982791	de.edwinscharffmuseum
78983197	de.eee-hamburg
78983460	de.eenn
78983725	de.eez-apo
78983880	de.efa-dienstleistung
78984011	de.efas-muenchen
78984802	de.effenberger-vollkornbaeckerei
78984962	de.effizax
78985156	de.effner
78985809	de.efhh
78986271	de.efre-bayern
78986392	de.eft-berlin
78986839	de.eg-westholstein
78987369	de.egestorferhof
78987410	de.egfgmbh
78987434	de.egg-muenchen
78987449	de.eggarten-siedlung
78987583	de.egger-immo
78987648	de.eggers-gruppe
78987743	de.eggert-baumschulen
78987812	de.eggertspiele
78988236	de.egms
78988309	de.egnord
78988437	de.egofm
78988451	de.egoh
78988569	de.egon-w-kreutzer
78988983	de.egu-motoren
78989265	de.eh-sv
78989426	de.ehc-herrischried
78989442	de.ehc-muenchen
78990378	de.ehlert-soehne
78990556	de.ehningen
78990628	de.ehotel
78990774	de.ehrenamt-erzbistum-hamburg
78991012	de.ehrenberg360
78991751	de.ehu-rodelberg
78992402	de.eichelvvsdienstleistungen
78992572	de.eichenfaesser
78992749	de.eichenprozessionsspinner-melden
78992907	de.eichhoernchenforum
78992908	de.eichhoernchenforum-wurmelworld
78993332	de.eichsfelder-sportclub
78993442	de.eichwaldeck
78993656	de.eid-heizoel
78993693	de.eidelrad
78994631	de.eifeler-mundarten
78995012	de.eifelsucher
78995154	de.eifelverein-rurberg-woffelsbach
78995332	de.eig-olympiadorf
78995751	de.eigenheimerverband
78996189	de.eigner-angels
78996572	de.eilbeker-apotheke
78996576	de.eilbektal
78996593	de.eildienst24berlin
78996998	de.eimsbuettel-geschichte
78997002	de.eimsbuettel-senioren
78997003	de.eimsbuettel-zeigt-haltung
78997007	de.eimsbuetteler-nachrichten
78997042	de.ein-anfang
78997149	de.ein-garten-in-rheda
78997183	de.ein-hamburger-jung
78997565	de.einaugenblick
78997863	de.einblicke-hamburg
78997936	de.einbruchschutz-frankfurt-wiesbaden-darmstadt
78998019	de.einbuergerungstest-online
78998125	de.eine-andere-welt-ist-pflanzbar
78998247	de.eine-schule
78998602	de.einerundemuenchen
78998686	de.einewelt-promotorinnen
78998695	de.einewelteinezukunft
78998729	de.eineweltnetzwerkbayern
78998888	de.einfach-clever-essen
78998965	de.einfach-elterngeld
78999059	de.einfach-garten-blog
78999156	de.einfach-hebamme
78999437	de.einfach-nur-marketing
78999750	de.einfach-zum-nachdenken
78999851	de.einfachbleiben
78999854	de.einfachbluehende-dahlien
78999956	de.einfachelke
79000382	de.einfachreisenmitkind
79000549	de.einfachverbeamtet
79000619	de.einfal
79001069	de.einheit-bernburg
79001275	de.einhorn-apotheke-muenchen-app
79001458	de.eini-forum
79001572	de.einkauf-und-management
79001868	de.einkaufsstadt-lueneburg
79001944	de.einkaufwissen
79002283	de.einlagenstudio-freiburg
79002468	de.einmalohnebitte
79002494	de.einmanncombo
79002623	de.einprozent
79003012	de.eins2agentur
79003152	de.einsatzfuertiere
79003216	de.einsatztaktik
79003515	de.einsplus-gebaeudereinigung-hamburg
79003605	de.einsteiger-instrument
79003749	de.einsteinkultur
79003827	de.einstellungstest-eignungstest
79003828	de.einstellungstest-feuerwehr
79003829	de.einstellungstest-fragen
79003859	de.einstieg-informatik
79003863	de.einstieg-statt-auszeit
79003901	de.einstueckarbeit
79004374	de.eintracht-wihl
79004506	de.eintrittfrei-muenchen
79004667	de.einwegmed
79004725	de.einwohnermeldeamt24
79004831	de.einzelhandel-news
79005566	de.eisamsee-hamburg
79005621	de.eisbachwelle
79005628	de.eisbademeisters-hamburg
79006776	de.eisenbach
79006787	de.eisenbach-umzug
79006948	de.eisenbahndet
79006987	de.eisenbahnforum
79007214	de.eisenbahntunnel-portal
79007253	de.eisenbarth-koeln
79007315	de.eisenberger-faschingsclub
79007401	de.eisenfuehr-beyer
79007470	de.eisenhauer-training
79007903	de.eisert-privat
79008341	de.eiskunstlaufblog
79008812	de.eissport-magazin
79008823	de.eissport-welt
79008880	de.eissportwelt
79009001	de.eistanz-muenchen
79009039	de.eistraeumerei
79009684	de.ej-muenchen
79009910	de.ejh-online
79010418	de.ek-n
79010615	de.ekartenwelt
79010736	de.ekd
79011108	de.eki-regenwurm
79011230	de.ekim-kita
79011285	de.ekir
79011443	de.ekkehart-schaffer
79011692	de.ekobox
79011750	de.ekom21
79012351	de.ekvw-recht
79012705	de.el-heitz
79012857	de.el-news
79013213	de.elablogt
79013892	de.elb-h-jolle
79013930	de.elb-security
79013947	de.elb-waschcenter-hamburg
79014080	de.elbautoren
79014107	de.elbberg
79014129	de.elbblickmagazin
79014150	de.elbcampus
79014165	de.elbchiro
79014177	de.elbcleaning-gebaeudereinigung-hamburg
79014185	de.elbcoast-guiding
79014202	de.elbcuisine
79014227	de.elbdeichvermietung
79014258	de.elbe-505
79014405	de.elbe-hh
79014481	de.elbe-pilot
79014572	de.elbe-werkstaetten
79014817	de.elbepark-bunthaus
79014840	de.elberadweg
79014931	de.elbetal-mv
79014971	de.elbfaehre-greenferry
79015051	de.elbgalerie-hamburg
79015188	de.elbjazz
79015217	de.elbkinder-grundschule
79015218	de.elbkinder-kitas
79015318	de.elbloge-hamburg
79015362	de.elbmedicum
79015365	de.elbmeile
79015450	de.elbphilharmonie
79015478	de.elbpv
79015606	de.elbschloss-an-der-bille
79015626	de.elbschule-hamburg
79015671	de.elbstaffel
79015702	de.elbstrandmaedchen
79015714	de.elbsy
79015873	de.elbville
79015881	de.elbvororteimmobilien
79015942	de.elc-security
79017878	de.eleganz-in-weiss
79017927	de.eleho
79018025	de.elektrasoft
79018101	de.elektriker-eisleben
79018296	de.elektrikforen
79019052	de.elektro-bornhoeft
79019522	de.elektro-eckstein
79022203	de.elektro-notdienst-hamburg
79023200	de.elektro-schoettler
79023672	de.elektro-stobinski-uetze
79023827	de.elektro-teufel
79024609	de.elektroanlagen-holzmann
79026799	de.elektronik-zeit
79026980	de.elektronische-steuerpruefung
79027078	de.elektronotdienstmuenchen
79027247	de.elektrorad-zentrale
79027312	de.elektroroller-futura
79027519	de.elektroseemueller
79027561	de.elektroservice-heidelberg
79028310	de.elektrotechnik-klasen
79029167	de.elektrowendt
79029225	de.elektrowirtschaft
79029309	de.element-a
79029336	de.element-i
79029676	de.elements-of-learning
79031039	de.elferclassix
79031260	de.elflirt
79031435	de.elgabiotech
79032146	de.elim-diakonie
79032175	de.eliman-harburg
79032416	de.elisa-bleibt
79032739	de.elisabeth-lange-schule
79032761	de.elisabeth-mantl
79032998	de.elisabethenschule-frankfurt
79033106	de.elisabethmelzergeissler
79033334	de.elischeba
79033509	de.elite-business-club
79033619	de.elite-physio
79033715	de.elitecareplus
79034285	de.elkatec
79034307	de.elke-appel
79034966	de.elkes-haarstudio
79034996	de.elkes7zwerge
79035079	de.elkewehrs
79035557	de.ellefeld
79035574	de.ellementar
79035959	de.ellerau
79035995	de.ellerepublic
79036120	de.ellhofen
79036373	de.ellis-cafehaus
79036418	de.ellisa
79036651	de.elly-unterwegs
79036684	de.ellyundstoffl
79037197	de.elmo-leipzig
79037268	de.elmot-wurzen
79037278	de.elmox
79037699	de.elomed
79037753	de.eloquamuc
79037891	de.elotek-gmbh
79038114	de.elpontblau
79038195	de.elrapido
79038347	de.elsa-elbe
79038659	de.else-rauch-platz
79038680	de.elsebad
79039017	de.elster
79039309	de.elte-rheine
79039389	de.eltern-aktuell
79039417	de.eltern-contra-schulunrecht
79039527	de.eltern-lehrer-fragen
79039622	de.elternaktion
79039692	de.elternbeirat-rupprecht-gymnasium
79039737	de.elternbriefe-muenchen
79039805	de.elterngeld
79039935	de.elternkammer-hamburg
79040008	de.elternleben
79040070	de.elternrat-am-gymnasium-hoheluft
79040072	de.elternrat-kielortallee
79040075	de.elternrat-marschweg
79040084	de.elternrat-wichernschule
79040088	de.elternratgeber-psychotherapie
79040151	de.elternschulen-eimsbuettel
79040239	de.elternverein-hamburg
79040303	de.elternzeitung-luftballon
79040390	de.eltona
79040607	de.elunk
79040836	de.elvira-steppacher
79040887	de.elvirasteppacher
79041121	de.elwis
79041244	de.elysium-bestattungshaus
79041294	de.elzach
79041836	de.ema-bonn
79041850	de.ema-energiewelt
79042017	de.email-marketing-forum
79042382	de.emarkets
79042433	de.emausaurus
79043392	de.emecklenburg
79043536	de.emerald-music
79043689	de.emerkingen
79043880	de.emg-haar
79044365	de.emilhinterstoisser
79045437	de.emm-mobilitaet
79045450	de.emma
79045689	de.emmanuel-ede
79046087	de.emmering
79046137	de.emmerts-biokiste
79046670	de.emondo
79046835	de.emotion-mind-and-body
79047199	de.emova
79047306	de.empathia3
79047704	de.empire-riverside
79047791	de.empirica-institut
79047837	de.empl-friseure
79047989	de.empore-buchholz
79048090	de.empowergirl
79048296	de.emr-unternehmensberatung
79049660	de.emule-web
79049822	de.emvoyoe
79050005	de.en-be
79050512	de.encarta
79050848	de.enddarmzentrum-mb
79050885	de.endederrevolutionen
79051196	de.endlagerdialog
79051427	de.endlich-pause
79051540	de.endlichgruen
79052014	de.endoospot
79052019	de.endoplast
79052263	de.endrejat-immobilien
79052428	de.endstation-obdachlos
79052901	de.enercity
79052902	de.enercity-contracting
79052937	de.enerdomo
79053270	de.energie
79053427	de.energie-chronik
79053552	de.energie-fachberater
79053669	de.energie-holz-heizung
79053682	de.energie-im-quartier-muenchen
79053750	de.energie-klimaschutz
79053802	de.energie-m
79053803	de.energie-macht-schule
79054156	de.energie-solar-erfahrungen
79054294	de.energie-spezialisten
79054623	de.energie-und-management
79055191	de.energieagentur-mittelbaden
79055231	de.energieagentur-shg
79055350	de.energieaudit365
79055460	de.energiebauzentrum
79055719	de.energieberatung-0711
79055818	de.energieberatung-cfs
79056472	de.energieberatung-yossef
79057502	de.energieforschung
79057714	de.energiegenossenschaft-erfurtshausen
79058581	de.energiemarie
79058851	de.energienetz
79058861	de.energienetz-hamburg
79058925	de.energienetzwerk-muc
79060438	de.energiesprong
79061157	de.energieverbraucher
79061758	de.energiewende-hamburg
79061849	de.energiewende-navigator
79061920	de.energiewende-sta
79062799	de.energy
79062831	de.energy-building
79063877	de.energyausweis
79064407	de.energynet
79064470	de.energysufficiency
79064605	de.enerprio
79064810	de.enevato
79064994	de.engagement-global
79064996	de.engagement-hamburg
79065096	de.engagiert-in-flensburg
79065165	de.engarde
79065285	de.engel-apotheke-naunhof
79065699	de.engel-umzug
79066194	de.engelimalltag
79066408	de.engelpraxis
79068049	de.englischer-garten-muenchen-infos
79068100	de.englischlehrer
79068224	de.english-for-biz
79068565	de.englishbusiness
79068672	de.englishpages
79068988	de.engrade
79069139	de.engstingen
79069417	de.enion
79069468	de.enius
79069769	de.enjoyture
79069862	de.enkelkind
79070634	de.enovis-medtech
79070669	de.enpal
79071780	de.entdecke-deutschland
79071858	de.entdeckedaswdg
79072033	de.ente-bagdad
79072074	de.entega
79072103	de.enteksystems
79072138	de.enten-sv
79072319	de.enter
79072877	de.enthinderung
79073231	de.entre-duas-culturas
79073386	de.entruempel
79073438	de.entruempelung-berlin-ja
79073470	de.entruempelung-expert
79073471	de.entruempelung-experte
79073668	de.entruempelungenkohler
79073697	de.entruempelungs-sepp
79073711	de.entruempelungsfirma-muenchen
79073733	de.entruempelungstern
79073952	de.entschlossen-offen
79074009	de.entsorgen-versorgen
79074021	de.entsorgo
79075051	de.entwicklungsstadt
79078091	de.epenportal
79078273	de.epfenbach
79079089	de.epic-stuff
79079890	de.epilepsie-vereinigung
79080354	de.epo
79080707	de.eppendorfer
79080719	de.eppendorferdialog
79081633	de.equalpayday
79082591	de.er-ies
79082616	de.er-mbs
79083062	de.erbach-donau
79083152	de.erbbaurecht-muenchen
79083258	de.erben-kompass
79083341	de.erber-statik
79083604	de.erbrecht-muenchenost
79083656	de.erbrecht-trudering
79083696	de.erbrechtsexperte
79083701	de.erbrechtsiegen
79083900	de.erc-ingolstadt
79084663	de.erdenhueter-kristalle
79084916	de.erding
79084941	de.erding-news
79084951	de.erding-tourist
79084953	de.erding-versicherungen
79085523	de.erechnung-einfach-sicher
79085725	de.eres-stiftung
79085785	de.erezept-enthusiasten
79086059	de.erfindergarden
79086114	de.erfolg-als-freiberufler
79086163	de.erfolg-im-beruf
79086400	de.erfolgreich-feiern
79086600	de.erfolgreicher-vermieten
79087442	de.erfurt-pizza-lieferservice
79087617	de.erfurterssc
79087951	de.ergo-faubel
79087981	de.ergo-gesundheitswissenschaften
79087982	de.ergo-giesing
79088194	de.ergo-logo-staudler
79088380	de.ergo-reiseversicherung
79088707	de.ergoflix
79088998	de.ergonord
79089157	de.ergopraxis-post
79089181	de.ergopraxis-veit
79089536	de.ergotherapie-bergstedt
79089691	de.ergotherapie-bussmann
79089937	de.ergotherapie-fleischer
79089949	de.ergotherapie-foster
79090156	de.ergotherapie-hanna-lenz
79090217	de.ergotherapie-hengst
79090273	de.ergotherapie-hohenwarsleben
79090362	de.ergotherapie-in-witten
79090785	de.ergotherapie-matuttis
79090929	de.ergotherapie-ninaschiffel
79091152	de.ergotherapie-rehburg
79091741	de.ergotherapie-wurzen
79091825	de.ergotherapieinawalters
79092306	de.erhardt-stiefel
79092469	de.erholungsflaechenverein
79092819	de.erich-kaestner-schule-hamburg
79093003	de.erichkaestnerschule-idstein
79093016	de.erichludwig
79093171	de.ericquast
79093250	de.eride-hub
79093470	de.erika-langer
79093763	de.eriks-hotel
79093773	de.erikschaeffler
79093988	de.erinnerungskultur-duisburg
79094011	de.erinnerungsort-badehaus
79094028	de.erinnerungsorte-sinsheim
79094070	de.erinnerungszeichen
79094245	de.erkant
79094265	de.erkelenz-blog
79094566	de.erkunde-die-welt
79094624	de.erlangen
79094718	de.erlanger-anzeiger
79094738	de.erlanger-linke
79094776	de.erlassjahr
79094960	de.erlebe-start
79095135	de.erlebnis-elbe
79095379	de.erlebnis-welten24
79095714	de.erlebnishunde
79095745	de.erlebniskontor
79095866	de.erlebnisplus
79096359	de.erlerundpless
79097263	de.ernaehrungsberatung-kaphengst
79097511	de.ernaehrungsdenkwerkstatt
79097627	de.ernaehrungsrat-hamburg
79097897	de.erneuerbar-mobil
79097901	de.erneuerbar-wohnen
79097908	de.erneuerbare-energie-gemeinschaften
79097921	de.erneuerbare-energien-contracting
79097926	de.erneuerbare-energien-hamburg
79097963	de.erneuerbareenergien
79098141	de.ernst-deutsch-theater
79098654	de.ernstlogistik
79099212	de.erosa
79100183	de.erpfting
79101317	de.erstehilfe-internetsucht
79101370	de.erstehilfe089
79101859	de.ertel-hamburg
79102066	de.erutario
79102355	de.erwin-berlin
79102399	de.erwin-hildesheim
79102467	de.erwin-ruff
79102537	de.erwinkoehler
79102758	de.erzaehlfreu
79102848	de.erzbistum-koeln
79102852	de.erzbistum-muenchen
79103229	de.erzieher-in-muenchen
79103251	de.erzieherin
79103252	de.erzieherin-ausbildung
79103258	de.erzieherin-online
79103271	de.erzieherspickzettel
79103601	de.es-blueht
79104613	de.escapade-belles-lettres
79105090	de.esche
79105311	de.esches-strandbistro
79105543	de.escobar-info
79105755	de.escort-muenchen-net
79105762	de.escort-oktoberfest
79105794	de.escort-suite
79106025	de.escweb
79106054	de.esd-glovebox
79106062	de.esd-m-fuerstenried
79106073	de.esd-sicherheitsdienst
79106635	de.esf-hamburg
79106661	de.esf-stoeckert
79106784	de.esg-hamburg
79107471	de.eske-schlueters
79107747	de.esme-ev
79107825	de.esmunich
79108446	de.esperanto
79108447	de.esperanto-aalen
79108563	de.espira-kinderbetreuung
79109071	de.espressoworld-muenchen
79109232	de.esra-limbacher
79109288	de.esri
79109305	de.esrs-services
79109360	de.ess-hameln
79109495	de.essbach24
79109555	de.essbare-stadt-minden
79109569	de.essbaredaecher
79109683	de.essen
79109699	de.essen-anzeiger
79109909	de.essen-nord
79109960	de.essen-startups
79110137	de.essener-branchenbuch
79110564	de.essenundernaehren
79110913	de.essingen
79111112	de.esslinger-schluesseldienst-24h
79111299	de.essstoerungen-onlineberatung
79111565	de.established-since
79111583	de.estador
79111649	de.estate-angels
79111655	de.estate-hub
79111745	de.este0670
79112048	de.esther-bejarano-schule
79112170	de.estherbertling
79112287	de.estherschweizer
79112426	de.estimado
79112472	de.estnische-filmtage
79112573	de.estrelinha
79113091	de.esv-karate
79113118	de.esv-lok-adorf
79113158	de.esv-muenchen-ost
79113162	de.esv-muenchen-west
79113445	de.eswm
79113977	de.etailment
79114182	de.etc-muenchen
79114720	de.etfs-rechner
79114806	de.eth-hamburg
79115626	de.etl
79115687	de.etl-heimfarth
79115735	de.etl-rechtsanwaelte
79115758	de.etl-steuerrecht
79115769	de.etl-transporte
79115854	de.etm-testmagazin
79116000	de.etol
79116052	de.etosmedia
79116068	de.etowi
79116357	de.etshaim
79116474	de.ettenheim
79116548	de.ettlingen
79116691	de.etv-hamburg
79116698	de.etv-kita
79116966	de.eu-bauproduktenverordnung
79116970	de.eu-bayern
79117102	de.eu-gleichbehandlungsstelle
79117128	de.eu-info
79117151	de.eu-kommunal-kompass-21-27
79117178	de.eu-markenanmeldung
79117273	de.eu-rotec
79117494	de.eucc-d
79117569	de.eucrea
79117936	de.eugenapotheke
79118138	de.euki
79118143	de.eukidsonline
79118261	de.eulemagazin
79118990	de.eur-steuer
79119048	de.eurailpress
79119412	de.eureformation
79119462	de.euregio-im-bild
79119565	de.eureheimatregion
79119629	de.euresa-reisen
79119828	de.euro-dance-center
79119865	de.euro-faustball-u21
79119869	de.euro-fh
79120110	de.euro-security
79120113	de.euro-service-depot
79120235	de.euro-youth-hotel
79120244	de.euro2
79120283	de.euroakademie
79121101	de.eurokongress
79121390	de.euronics
79121766	de.europa-mai
79121767	de.europa-makler
79121820	de.europa-reisetipps
79121880	de.europa-union-hamburg
79121906	de.europa-union-sh
79121982	de.europabrunnendeckel
79122107	de.europaeischer-wettbewerb
79122196	de.europainstitut
79122966	de.europflege-24
79123299	de.eurosolar
79123469	de.euroterra
79123554	de.eurotrans-logistik
79123846	de.euskirchen-lokal
79124680	de.ev-hochschule-hh
79124789	de.ev-ke
79125781	de.ev-liquidhome
79125988	de.ev-stgeorg
79126030	de.ev-waldperlach
79126043	de.ev-workedition
79126136	de.eva-botzenhart
79126333	de.eva-kita
79127002	de.evahelle
79127568	de.evangelisch
79127885	de.evangelisch-in-sindorf
79128033	de.evangelisch-sophie-scholl-m
79128516	de.evangelische-medienakademie
79128732	de.evangelisches-krankenhaus-alsterdorf
79128740	de.evangelisches-migrationszentrum
79129288	de.evb-elbe-weser
79129425	de.evdb-wohnen
79129805	de.evelyne-reibert
79130040	de.event-all-in
79130477	de.event-partner
79131123	de.eventelevator
79131159	de.eventfabrik-muenchen
79131177	de.eventfaq
79131493	de.eventinc
79131932	de.eventoplena
79132616	de.eventtech
79132901	de.eventzone
79133044	de.everest-x
79133090	de.evergabe
79133962	de.evgeniya-thormann
79134017	de.evh-bochum
79134157	de.evido-magazin
79134236	de.evildaystar
79134243	de.evilemberger
79134334	de.evimed
79135015	de.evkita-bayern
79135120	de.evlks
79135177	de.evnn
79135346	de.evodion
79135464	de.evoluation
79135496	de.evolution-fertighaus
79135619	de.evolv-bot
79136451	de.ewa-novak
79136574	de.ewald-webdesign
79136762	de.ewe
79136938	de.ewers-finanz
79137040	de.ewg-hamburg
79137183	de.ewige-ringe
79137603	de.ews-schoenau
79137882	de.ex-in-by
79138845	de.excelsior-hotel
79139565	de.exensio
79139800	de.exil-hamburger
79140020	de.existenzgruender-jungunternehmer
79140095	de.existenzgruendungsportal
79140307	de.exittheroom
79140407	de.exklusiv-muenchen
79140692	de.exkursia
79141362	de.expat-rus
79141364	de.expat-solution-germany
79141402	de.expats
79141659	de.experience-consulting
79141735	de.experiment-ev
79141843	de.experimentkopfbau
79142080	de.experte
79142087	de.experte-fuer
79142107	de.experteer
79142113	de.experten
79142128	de.experten-branchenbuch
79142238	de.expertenforum-bau
79142254	de.experteninitiative-religionspolitik
79142291	de.expertenportal
79142333	de.expertentesten
79142458	de.experto
79142734	de.explore-dance
79143004	de.expo2025germany
79143171	de.exporo
79143319	de.exposed-i
79143592	de.express-umzugsservice
79143649	de.expressbrassband
79143748	de.expresslogistik-reinwald
79143795	de.expressreport
79143823	de.expressumzug-becker-wuppertal
79143829	de.expressumzug-koch-muenchen
79143840	de.expressumzug-schroeder-hamburg
79143844	de.expressumzug-weber-dortmund
79143903	de.expro-autokosmetik
79144083	de.exteams
79144216	de.external-pages-kum1
79144442	de.extra-inches
79144797	de.extraprimagood
79144825	de.extrasauber
79145341	de.exus
79145544	de.exzellenzregion-nachhaltiges-bauen
79146455	de.ez-der-laender
79146539	de.ezab
79146777	de.ezigs
79146939	de.ezw-berlin
79147219	de.f-g-security
79147469	de.f-om-s
79147740	de.f09
79147790	de.f1-freunde
79148157	de.f4handbuch
79148221	de.f7
79148406	de.fa-halbmeyer
79148555	de.fa-ro
79148811	de.faba-konzepte
79149220	de.fabi-online
79149581	de.fabianbeer
79149637	de.fabianedenharder
79149741	de.fabianhoff
79149921	de.fabianschneekind
79150331	de.fablab-muenchen
79150351	de.fablabkids
79150957	de.face-and-hair
79151062	de.faceandbody
79151152	de.facebookmarketing
79151473	de.faceyourfuture
79151555	de.fachagentur-wind-solar
79151928	de.fachanwalt-transportrecht-hamburg-sh
79151960	de.fachanwalt-wolf
79152101	de.facharztjetzt
79152432	de.fachforum-maedchenarbeit
79152509	de.fachgruppe-computeralgebra
79152587	de.fachhochschulreife-nachholen
79152839	de.fachkraefte-fuer-hamburg
79152940	de.fachkraeftesicherer
79153067	de.fachlektorat-hamburg
79153210	de.fachplanung-barrierefrei
79153231	de.fachportal-hochbegabung
79153235	de.fachportal-paedagogik
79153295	de.fachrat-islamische-studien
79153344	de.fachschaft-medizin
79153446	de.fachschule-alten-eichen
79153469	de.fachschule-heilerziehung
79153489	de.fachschule-muenchen
79153705	de.fachtagung-funke
79153836	de.fachverband-chinesisch
79153838	de.fachverband-deutsch
79154044	de.fachwerk-online
79154286	de.fachzentrum-psychotherapie
79154371	de.facility-manager
79154531	de.fackmusical
79154616	de.facto24
79154755	de.factory-magazin
79154902	de.facura
79154908	de.fad-ev
79155082	de.fadenspielundfingerwerk
79155704	de.faesser
79155794	de.fafine
79156062	de.fahn-wp
79156206	de.fahnenversand
79156741	de.fahrenzhausen
79156879	de.fahrfrequenz
79157072	de.fahrlehrerverband-hamburg
79157517	de.fahrrad-hilfe
79158112	de.fahrradblogger
79158233	de.fahrradfreundlicher-arbeitgeber
79158704	de.fahrradr18
79158858	de.fahrradstadt-magazin
79158877	de.fahrradstation-hh
79158999	de.fahrradverleih-altona
79159250	de.fahrradwirtschaft
79159390	de.fahrschule-1plus
79159591	de.fahrschule-as
79159698	de.fahrschule-batyra
79159821	de.fahrschule-biebow-heise
79159908	de.fahrschule-bogenhausen
79159924	de.fahrschule-boom
79160109	de.fahrschule-clasen
79160292	de.fahrschule-drath
79160742	de.fahrschule-fuhlsbuettel
79160863	de.fahrschule-gkaiser
79160949	de.fahrschule-gressler
79161660	de.fahrschule-kempter
79161824	de.fahrschule-koerber
79162123	de.fahrschule-lm
79162562	de.fahrschule-nextway
79162722	de.fahrschule-pace
79162848	de.fahrschule-pol
79162965	de.fahrschule-rausch
79163245	de.fahrschule-schechinger
79163251	de.fahrschule-schelhorn
79163365	de.fahrschule-schott
79163412	de.fahrschule-schwaegerl
79163474	de.fahrschule-servus
79163761	de.fahrschule-tavini
79164021	de.fahrschule-vopel
79164120	de.fahrschule-weiss-georg
79164379	de.fahrschule2000
79164462	de.fahrschulebetz
79164484	de.fahrschulebruckmaier
79164764	de.fahrschulemaxx
79164784	de.fahrschulemitstil
79164792	de.fahrschulemuc
79165165	de.fahrschulmanufaktur
79165596	de.fahrverbot-kulturgut-berlin
79165710	de.fahrzeug-ankauf-muenchen
79165945	de.fahrzeugaufbereitung-schwetzingen
79166147	de.fahrzeugeinrichtungsprofi
79166969	de.fair-autoankauf
79166994	de.fair-business-gebaeudereinigung
79167189	de.fair-news
79167269	de.fair-sicherungsladen
79167474	de.faircamper
79167894	de.fairflyert
79168057	de.fairkauf-handelskontor
79168437	de.fairpoint-wolff
79168566	de.fairspielen
79168609	de.fairsy
79168719	de.fairtrade-unterschleissheim
79168740	de.fairtradestadt-hamburg
79168744	de.fairtradestadtmuenchen
79169429	de.faksmitte
79169454	de.faktastisch
79169474	de.faktenatlas
79169532	de.faktenmonitor
79169554	de.faktfeld
79169562	de.faktkraft
79169563	de.faktlage
79169609	de.faktor1
79169690	de.faktum-magazin
79169913	de.falck
79170353	de.falkecc
79170401	de.falken-apotheke-hoheluft-app
79170558	de.falkenbach-gmbh
79170578	de.falkenberg-heilpraktiker
79170861	de.falkensteingmbh
79171722	de.falschspieler
79172032	de.falter-kabelkonfektion
79172423	de.fam-nord
79172579	de.famara-muenchen
79172861	de.fami-portal
79172968	de.familiara
79173291	de.familie-gerlich
79173355	de.familie-gutteck
79173660	de.familie-landkreis-fuerth
79173705	de.familie-loyal
79173789	de.familie-nolden
79174555	de.familiemeissner
79174791	de.familien-notruf-muenchen
79174912	de.familien-welt
79174984	de.familienanwalt-augsburg
79175003	de.familienapp-kf-oal
79175110	de.familienausflug24
79175241	de.familienbeirat-berlin
79175575	de.familienberatung-ismaning
79176166	de.familienblog-hannover
79176184	de.familienbuchstelle
79176384	de.familienferien-springerhof
79176521	de.familienfreund
79176658	de.familienhandbuch
79176763	de.familienhoerbuch
79176955	de.familienkultour
79176997	de.familienleben-ffb
79177005	de.familienleben-sta
79177214	de.familienportal
79177216	de.familienportal-bamberg
79177246	de.familienpraxis-carls
79177374	de.familienratgeber
79177431	de.familienrecht-deutschland
79177434	de.familienrecht-direkt
79177459	de.familienrecht-gaggenau
79177539	de.familienrecht-par
79177595	de.familienrechtliche-leitlinien
79177610	de.familienrechtsinfo
79177691	de.familienservice
79177966	de.familientreff-bramfeld
79178161	de.familienwegweiser-heidekreis
79178238	de.familienwortschatz
79178804	de.familienzentrum-sendling
79179179	de.familista
79179207	de.familothek
79179538	de.familychecks
79179744	de.familysurf
79181347	de.fanforum-deutschland
79183349	de.fapiq-brandenburg
79183360	de.fappit
79183429	de.faqt-esf
79183494	de.faradent
79184309	de.farbenfreundin
79184465	de.farbenmeer
79184569	de.farbentour
79185268	de.farbton
79185660	de.farin-urlaub
79185763	de.farm-concepts
79186063	de.farmsener-tv
79186127	de.farn
79186558	de.fasanerie-aktiv
79186565	de.fasanerie-nord
79186621	de.fasching-hat-herz
79187560	de.fashionmadl
79187593	de.fashionpleasure
79187766	de.fasihh
79188017	de.fassaden-profi
79188374	de.fassl-club
79188778	de.fastdrivewuppertal
79189955	de.faszinatour-bau
79190051	de.fata-morgana-productions
79190514	de.fatto
79190601	de.fau
79190740	de.faulstich-wieland
79191380	de.favorent
79191511	de.faw-biha
79191522	de.faw-eaa-biha
79191752	de.fayence-steinzeug-vogt
79192102	de.fb-koehler
79192354	de.fbc-muenchen
79192601	de.fbg-ostheide
79193078	de.fbs-hamburg
79193480	de.fc-anker
79193538	de.fc-bergedorf85
79194220	de.fc-mittelstadt-tischtennis
79195078	de.fcb-news
79195382	de.fcdreistern
79195432	de.fceintrachtgeislar
79195444	de.fcemmendingen
79195447	de.fcenergie
79195451	de.fcenglischergarten
79195761	de.fcgollhofen
79196089	de.fclampedusa-hh
79196193	de.fcmarxheim-gansheim
79196254	de.fcn
79196808	de.fcstpauli-handball
79196810	de.fcstpauli-marathon
79196825	de.fcstpaulirugby
79196865	de.fcteutonia
79197074	de.fczeitz
79197499	de.fdl-berger
79197934	de.fdp-fraktion-altona
79197991	de.fdp-fraktion-wandsbek
79198162	de.fdp-hh-nord
79198484	de.fdp-muenchen-ost
79198907	de.fdp-unterhaching
79199090	de.fdphamburg
79199260	de.fdsv
79199865	de.fechner-glasbau
79199907	de.fecht-partner
79199969	de.fechten-hamburg
79200050	de.fechtergilde-sh
79200242	de.fedelhoeren
79200910	de.fee-owl
79201287	de.feel-well-shop
79202111	de.feg-hamburg
79202113	de.feg-harburg
79202630	de.fehlig-moshfeghi
79203565	de.feiertage-deutschland
79203572	de.feiertage-news
79203604	de.feierwerk
79204422	de.feineukraine
79204608	de.feinklang-muenchen
79205164	de.feinschmecker
79205165	de.feinschmecker-aktuell
79205764	de.feld-apotheke-langenbek
79206159	de.feldenkrais-m
79206291	de.feldenkraisinstitut
79206449	de.feldherpetologie
79206494	de.feldidogs
79207694	de.felix-gauger
79208600	de.felixschmitt
79208697	de.felixtreder
79209055	de.fellerhoff-medtec
79209633	de.felmo
79209709	de.felsch
79209835	de.felsenland-suedeifel
79209894	de.felser
79210354	de.femarburg
79210603	de.feminismuss
79210661	de.feministlawclinic
79210721	de.femme
79210919	de.femunity
79211068	de.fendt-baumpflege
79211847	de.fenster-bambach
79211969	de.fenster-feuerwehr
79212495	de.fenster-unna
79212722	de.fensterbau-hempel
79212808	de.fensterbau-naumburg
79213570	de.fenstersicherung-muenchen
79213813	de.fenwis
79214422	de.ferien-am-elbdeich
79214664	de.ferien-doese
79214987	de.ferien-in-kollmar
79215110	de.ferien-lauenburgische-seen
79215280	de.ferien-seeblick
79216028	de.feriendorf-allgaeu
79216125	de.feriendorf-weinberghof
79216143	de.ferienerholung-muenchen
79216465	de.ferienhaus-adendorf
79216895	de.ferienhaus-baerenwald
79216896	de.ferienhaus-baerenwald-mueritz
79217119	de.ferienhaus-breyer
79218327	de.ferienhaus-in-oberbayern
79218504	de.ferienhaus-kiesberg
79219154	de.ferienhaus-neu
79220049	de.ferienhaus-stocker
79220639	de.ferienhaus-zum-apfelgarten-altes-land
79220719	de.ferienhausampoggensee
79221022	de.ferienhausmiete
79221236	de.ferienhelden
79221336	de.ferienhof-beneken
79221541	de.ferienhof-flossverleih
79221654	de.ferienhof-hantmann
79221796	de.ferienhof-klagge
79221928	de.ferienhof-mair
79222183	de.ferienhof-scharl
79222261	de.ferienhof-seethaler
79222297	de.ferienhof-springhorn
79222471	de.ferienhof-zankl
79222671	de.ferienidyll-sellin
79222751	de.ferieninstarnberg
79222787	de.ferienknaller
79222933	de.ferienobsthof-altesland
79223192	de.ferienpass-hamburg
79223260	de.ferienprogramm-hksbr
79223341	de.ferienresidenz-am-elbufer
79223798	de.ferienwohnung-adlerhuegel
79224723	de.ferienwohnung-bispingen
79224787	de.ferienwohnung-bockelt
79225633	de.ferienwohnung-ewa-bremerhaven
79225710	de.ferienwohnung-feisthammel
79225749	de.ferienwohnung-fichtenring
79226190	de.ferienwohnung-grabenhaeusl
79226219	de.ferienwohnung-grasse-goerlitz
79226346	de.ferienwohnung-hafegg
79226391	de.ferienwohnung-hamburg-eilbek
79227077	de.ferienwohnung-in-oberbayern
79227293	de.ferienwohnung-kahmann
79227540	de.ferienwohnung-knoerzer
79227709	de.ferienwohnung-kristine
79228102	de.ferienwohnung-luenen
79228206	de.ferienwohnung-mariaskarwendelblick
79228535	de.ferienwohnung-nartum
79228851	de.ferienwohnung-ortererhof
79229792	de.ferienwohnung-schmuckkasterl
79230188	de.ferienwohnung-sprekels
79230226	de.ferienwohnung-staffen
79230346	de.ferienwohnung-strandgold
79230604	de.ferienwohnung-tweer
79231513	de.ferienwohnungen
79231546	de.ferienwohnungen-altemeierei
79231969	de.ferienwohnungen-garmischpartenkirchen
79232164	de.ferienwohnungen-hohenschwangau
79232459	de.ferienwohnungen-luedersburg
79232477	de.ferienwohnungen-marianne
79232501	de.ferienwohnungen-meldorf
79233216	de.ferienwohnungerding
79233657	de.ferienzentrum-heidenau
79233690	de.ferienzimmer-im-alten-land
79233746	de.feringapark-hotels
79234134	de.fernego
79234658	de.fernsehersatz
79235001	de.fernstudium-wiwi
79235059	de.fernuni-hagen
79235229	de.fernwehgehtdurchdenmagen
79235258	de.fernwehundso
79235908	de.fertigbau
79235978	de.fertighaus
79236277	de.fes
79236888	de.feste-und-maerkte
79237023	de.festgeld-news
79237236	de.festival-eigenarten
79237412	de.festivalhopper
79237470	de.festivals-online
79237483	de.festivalsindeutschland
79237486	de.festivalstalker
79238196	de.festzeit-magazin
79239394	de.feuer-haus
79239496	de.feuerbach
79240030	de.feuerschiff-borkumriff
79240587	de.feuerwehr-allach
79240793	de.feuerwehr-atzing
79240844	de.feuerwehr-bad-bevensen
79241482	de.feuerwehr-bs
79241504	de.feuerwehr-buedelsdorf
79241669	de.feuerwehr-dassendorf
79241915	de.feuerwehr-ebenhausen-schaeftlarn
79241947	de.feuerwehr-eckernfoerde
79241952	de.feuerwehr-ecknach
79242254	de.feuerwehr-esslingen
79242341	de.feuerwehr-feldmoching
79242409	de.feuerwehr-forstenried
79242441	de.feuerwehr-freimann
79242564	de.feuerwehr-gauting
79242584	de.feuerwehr-geisenfeld
79242991	de.feuerwehr-gyhum
79243067	de.feuerwehr-hamburg
79243075	de.feuerwehr-hammerbach
79243119	de.feuerwehr-harthof
79243804	de.feuerwehr-kaltenkirchen
79244390	de.feuerwehr-leversen
79244683	de.feuerwehr-mauern
79244931	de.feuerwehr-muenchen
79245097	de.feuerwehr-neuried
79245157	de.feuerwehr-niedergebraching
79245328	de.feuerwehr-oberfoehring
79245604	de.feuerwehr-ottobrunn
79245733	de.feuerwehr-pinneberg
79245751	de.feuerwehr-pleinfeld
79245774	de.feuerwehr-poeseldorf
79245835	de.feuerwehr-putzbrunn
79245868	de.feuerwehr-ramberg
79246067	de.feuerwehr-riem
79246117	de.feuerwehr-roellfeld
79246398	de.feuerwehr-schirmitz
79246476	de.feuerwehr-schoengeising
79246631	de.feuerwehr-sendling
79246741	de.feuerwehr-solln
79247006	de.feuerwehr-sulzemoos
79247204	de.feuerwehr-trudering
79247223	de.feuerwehr-ub
79247288	de.feuerwehr-unterhaching
79247377	de.feuerwehr-verwaltungssystem
79247539	de.feuerwehr-waldperlach
79247545	de.feuerwehr-waldtrudering
79247763	de.feuerwehr-wernau
79248187	de.feuerwehrbadabbach
79248534	de.feuerwehrleben
79248555	de.feuerwehrmagazin
79248687	de.feuerwehrrecht
79248810	de.feuerwehrverband
79248979	de.feuerwerk-fanpage
79250085	de.fewo-bei-hamburg
79250371	de.fewo-brenner
79250376	de.fewo-brigitte
79250507	de.fewo-chiemsee-beim-bicher
79250664	de.fewo-direkt
79250841	de.fewo-elbdeich
79250994	de.fewo-feil-allgaeu
79251195	de.fewo-garlstorf
79251419	de.fewo-hafer
79251453	de.fewo-hamburg-sued
79252151	de.fewo-kaufbeuren
79252378	de.fewo-kreideberg
79252470	de.fewo-landhaus-alpenblick
79252705	de.fewo-mack
79253311	de.fewo-otterndorf-medem
79253747	de.fewo-row
79253785	de.fewo-sachrang
79254073	de.fewo-seeblick-allgaeu
79254188	de.fewo-sommerland
79254284	de.fewo-steffens
79254424	de.fewo-sumfleth
79254660	de.fewo-verwalter
79254733	de.fewo-wahlstedt
79254773	de.fewo-walsrode
79254929	de.fewo-wiesensteig
79255053	de.fewo-zach
79255135	de.fewo-zumstelzer
79255345	de.fewoco
79256329	de.ff-arnsberg
79256396	de.ff-barmbek
79256430	de.ff-bergstedt
79257344	de.ff-laesa
79257368	de.ff-langwied-lochhausen
79257429	de.ff-lohbruegge
79257438	de.ff-ludwigsfeld-fasanerie
79257592	de.ff-neuengamme
79257702	de.ff-oejendorf
79257722	de.ff-oldenfelde-siedlung
79257764	de.ff-perlach
79257944	de.ff-rottendorf
79257954	de.ff-ruesselsheim
79258165	de.ff-suelldorf-iserbrook
79258212	de.ff-tonndorf
79258414	de.ff-wilhelmsburg
79258434	de.ff-winterhude
79258761	de.ffc-wilhelmsburg
79258843	de.ffe
79258869	de.ffehh
79258883	de.ffelsdorf
79258911	de.fff-bayern
79259092	de.ffgr
79259274	de.ffkv
79259433	de.ffmichaeliburg
79259462	de.ffmuenchen-moosach
79259469	de.ffn
79259547	de.ffochsenfurt
79259981	de.ffw-aubing
79260056	de.ffw-bischofsheim
79260380	de.ffw-geltolfing
79260592	de.ffw-hummel
79260773	de.ffw-luette
79260863	de.ffw-muenchen
79260864	de.ffw-muenchen-stadtmitte
79260938	de.ffw-niederlungwitz
79260982	de.ffw-obermenzing
79261003	de.ffw-odelzhausen
79261443	de.ffw-waldenburg
79261521	de.ffw-woerth-isar
79261897	de.fg-gender
79262361	de.fgl-bau
79262415	de.fgmhessen
79262502	de.fgs
79262605	de.fgsv-verlag
79262689	de.fgvw
79262696	de.fgw-ev
79262737	de.fgz-muc
79262774	de.fh-augsburg
79262848	de.fh-erfurt
79263056	de.fh-potsdam
79263111	de.fh-studiengang
79263147	de.fh-wedel
79263176	de.fh-wtm
79263222	de.fham
79263574	de.fhm-online
79263900	de.fhsev
79264329	de.fia-academy
79264401	de.fiala
79264479	de.fian
79266145	de.fichte-hagen
79266338	de.fichtenbergelbe
79266633	de.fiction-films
79266682	de.fid-romanistik
79266824	de.fidele-doerp
79267912	de.fieselschweif
79268058	de.fietsenboerse
79268188	de.fiff
79269037	de.figurenstandl
79269579	de.filderstadt
79270366	de.film-retter
79270413	de.film-tv-video
79270414	de.film-und-architektur
79270787	de.filmdenken
79270999	de.filmfaktum
79271005	de.filmfaq
79271056	de.filmfesthamburg
79271174	de.filmfriend
79271297	de.filmidee
79271298	de.filmies
79271446	de.filmkunstwochen-muenchen
79271481	de.filmlocations-bayern
79271498	de.filmmachtmut
79271578	de.filmnaechte
79271703	de.filmpraxis
79271832	de.filmrettung-tschoecke
79271873	de.filmsalz
79271903	de.filmschnitt
79271978	de.filmstadt-muenchen
79272239	de.filmverliebt
79272252	de.filmvorfuehrer
79272326	de.filmz
79273428	de.fin-tree
79273466	de.finacte
79273751	de.finance-artisans
79273894	de.financehanse24
79274189	de.finanz-forum
79274199	de.finanz-hamburg
79274230	de.finanz-kompass
79274273	de.finanz-newsticker
79274740	de.finanzamt24
79275125	de.finanzchef24
79275626	de.finanzgericht-bremen
79276026	de.finanzintermediation
79276185	de.finanzkun
79276204	de.finanzloge
79276223	de.finanzmakler-dortmund
79276278	de.finanzmarketingberatung
79276302	de.finanzmarktwelt
79276357	de.finanznews-123
79276432	de.finanzplan-thueringen
79276708	de.finanztip
79276794	de.finanzwende
79276795	de.finanzwende-recherche
79276817	de.finanzwissen
79277317	de.find-your-wms
79277366	de.findcity
79277374	de.finde-academic
79277511	de.finde-unterkunft
79277629	de.findelkind-sozialstiftung
79277687	de.finderr
79277746	de.findewissen
79278074	de.fine-art-christmas
79278562	de.fineontour
79279171	de.fingernagelstudio-hannover
79279532	de.fink-gebaeudetechnik
79279534	de.fink-gmbh
79279551	de.fink-its
79279553	de.fink-jocher
79279606	de.fink-stoetten
79279795	de.finkenau
79279879	de.finkenwerderinfo
79280436	de.finntouch
79281170	de.fip
79281272	de.fipvet
79281403	de.fire-fantasies
79281407	de.fire-forum
79282019	de.firetage
79282207	de.firma
79282864	de.firmen-hamburg
79283014	de.firmenaufloesung
79283103	de.firmendb
79283300	de.firmenimort
79283676	de.firmenweb
79283961	de.first-diner
79284371	de.firstclassservices
79284662	de.firstlife
79284808	de.firststagehamburg
79284974	de.fisaonline
79285082	de.fisch-hitparade
79285347	de.fischbees
79285357	de.fischbeker-reethen
79285898	de.fischer-immobilien-muenchen
79285900	de.fischer-immobilien-muenchen-grundstuecksverkauf
79285911	de.fischer-import
79285946	de.fischer-jugend
79286045	de.fischer-maklerbuero
79286172	de.fischer-pflegevermittlung
79286413	de.fischer-vroni
79286465	de.fischer-wolfrath
79286501	de.fischerappelt
79287052	de.fischereiverein-schnaittach
79287708	de.fischerstueberl-rottau
79287845	de.fischerwirt
79288292	de.fischmagazin
79288304	de.fischmarkt
79288313	de.fischmarkt-hamburg
79288450	de.fischsigns
79288871	de.fisherman-uwe
79288981	de.fishing-king
79289174	de.fiskado
79289498	de.fit-finanztraining
79289589	de.fit-fuer-die-heilpraktikerpruefung
79290198	de.fit4ref
79290619	de.fitforsports
79290829	de.fitko
79291009	de.fitmitmassagen
79291592	de.fitness-news-germany
79291871	de.fitness-trainingsplan
79292466	de.fitnessmagazin-online
79292467	de.fitnessmanagement
79292899	de.fitnestar
79293551	de.fitundvitalplus
79293755	de.fitzumfahren
79294146	de.fivesamfischmarkt
79294231	de.fiw-muenchen
79294729	de.fixmer-objektmanagement
79294914	de.fiz-karlsruhe
79294926	de.fiz-soft
79295262	de.fjordfaehren
79295286	de.fjordkommission
79295601	de.fk-neuengamme
79295788	de.fkc-gmbh
79295888	de.fkg-energieberatung
79296245	de.fkm-elemente
79296396	de.fks
79297012	de.flachware
79297355	de.flaggenlexikon
79297677	de.flaks-zentrum
79298363	de.flane
79298850	de.flash-security
79298959	de.flashbooks
79299428	de.flathopper
79299661	de.flaucherfuechse
79300779	de.fleg
79302123	de.fleischfee
79302134	de.fleischfressendepflanzen
79302453	de.fleissige-bienen
79302690	de.flensburg
79302761	de.flensburg-regio
79302907	de.flensburgheute
79303344	de.flex-transporte
79303500	de.flexgleise
79303610	de.flexible-grundrisse
79303773	de.flexionsdistraktion
79303806	de.flexispot
79304123	de.flexus
79304998	de.fliegendes-theater
79306780	de.fliesen-kugel
79307357	de.fliesen-reitberger
79308577	de.fliesencenter-hils
79309234	de.fliesenkalay
79309486	de.fliesenleger-bernd-leder
79309714	de.fliesenleger-heidelberg
79311702	de.fliessbaden
79312281	de.flink-gmbh
79312398	de.flinkwiesel
79312940	de.flirt-hunter
79313219	de.flirtuniversity
79313325	de.flitzepiepen
79313522	de.flmakler
79313540	de.flmuc
79313575	de.flo-fahrschule
79313581	de.flo-fotografie
79313967	de.floersheim-main
79314002	de.floesser-kulturverein
79314554	de.flohmarkt-eppendorf
79314964	de.flohmarktheld
79315246	de.flohuber
79315280	de.flohzirkus-ev
79315886	de.flora-germanica
79316436	de.flordepot
79316883	de.florian-genrich
79317147	de.florian-renz
79317189	de.florian-scheungraber
79317323	de.florian-weller
79317724	de.floriankohl
79317759	de.florianlaeufer-fotografie
79317876	de.florianplatau
79318115	de.florianwacker
79318390	de.florina-vilgertshofer
79318734	de.florivio
79319600	de.flower-abi-power
79319737	de.flowerpowermuc
79319823	de.flowerviolence
79319864	de.flowgrow
79320430	de.fluchtort-hamburg
79320443	de.fluchtpunkt-hamburg
79320465	de.fluchtweg-hamburg
79320793	de.fluechtlingsrat-berlin
79320797	de.fluechtlingsrat-bremen
79320798	de.fluechtlingsrat-bw
79320810	de.fluechtlingsrat-mv
79320815	de.fluechtlingsrat-thr
79320892	de.fluegel-funktechnik
79321064	de.fluessiggas
79321361	de.flugagentur-mv
79321414	de.flugbeutler
79321638	de.flughafen-luebeck
79321654	de.flughafen-muenchen-parken
79321655	de.flughafen-muenchen-riem
79321687	de.flughafen-saarbruecken
79321699	de.flughafen-sylt
79321769	de.flughafenmuenchen-limousine
79321921	de.fluglaerm
79322430	de.flugrevue
79322660	de.flugsportgruppe-mbl
79323232	de.flur-tec
79323241	de.flurbaum
79323249	de.flurcheck
79323311	de.flurspatz
79323384	de.fluss-radwege
79323837	de.fluxpunkt
79324002	de.fly-adventures
79324831	de.flyingearth
79324943	de.flyingrocket
79325672	de.fmb-partners
79325821	de.fmd-insight
79325894	de.fmeisel
79325947	de.fmg-ag
79326026	de.fmhh
79326851	de.fnp-muenchen
79327052	de.fob-marketing
79327518	de.focuscprehakind
79327533	de.focusfaith
79327741	de.fodina
79327787	de.foebe-muenchen
79328173	de.foemis
79328311	de.foerde-und-mehr
79328524	de.foerderdatenbank
79328999	de.foerdermittel-wissenswert
79329007	de.foerdermittelbuero
79329040	de.foerdernundwohnen
79329173	de.foerderstars
79329387	de.foerderverein-baljer-leuchtturm
79330341	de.foerderverein-horn
79330412	de.foerderverein-iss
79330712	de.foerderverein-kleeblatt
79331727	de.foerderverein-tsv-waldtrudering
79331749	de.foerderverein-umweltschule
79331874	de.foerderverein-winsen
79332030	de.foerderwegweiser-tourismus
79332034	de.foerderwerk-elbinseln
79332853	de.foidlmoar
79333072	de.fokus-fussball
79333176	de.fokus-schnelsen
79333364	de.fokustanz
79334184	de.folkekoebberling
79334232	de.folkharp
79334333	de.folkssake
79334706	de.fom
79334840	de.fona
79334954	de.fonds-daku
79335083	de.fondsfinanz
79335212	de.fondsvermittlung24
79335464	de.fontane-apotheke
79335833	de.food-life
79335846	de.food-monitor
79336117	de.foodcluster-hamburg
79336314	de.foodhub-muenchen
79336318	de.foodhunter-berlin
79336368	de.foodinnovationcamp
79336391	de.foodjobs
79336649	de.foodsharing-muenchen
79336682	de.foodstartupcampus
79336685	de.foodstation-e21-hallstadt
79337594	de.forbach
79337987	de.ford-board
79338238	de.ford-freunde-koblenz
79339471	de.forellen-apo
79341081	de.formatbeatz
79341113	de.formatika
79341530	de.formf
79341771	de.formpack
79341849	de.formschub
79341913	de.formtest
79342267	de.forrestcook
79342270	de.forrestschleicher
79342334	de.forscha
79342353	de.forschende-getreideunternehmen
79342387	de.forschergeist
79342501	de.forschung-wismar
79342667	de.forschungsmonitor-schule
79342872	de.forst-baden
79342942	de.forst-grunewald
79342994	de.forst-muenchen
79343078	de.forstarbeiten-erdbau
79343486	de.forsterklaert
79344153	de.forstwirtschaft-in-deutschland
79344260	de.fortbildung-in-hessen
79344269	de.fortbildung-kita
79344600	de.fortis-it
79344725	de.fortschritt-akademie
79345270	de.forty-four
79345479	de.forum-beratung
79345491	de.forum-betreuung
79345504	de.forum-bildungspolitik
79345858	de.forum-gesundheitspolitik
79345866	de.forum-gewerberecht
79346067	de.forum-kollau
79346482	de.forum-schiff
79346509	de.forum-seniorenarbeit
79346579	de.forum-substitutionspraxis
79346607	de.forum-thueringen
79346609	de.forum-tideelbe
79346616	de.forum-transfer
79346617	de.forum-transportunternehmer
79346832	de.forumbd
79347092	de.forumprofi
79347239	de.forumzumaustauschzwischendenkulturen
79347622	de.fossgis-konferenz
79347743	de.fot-ev
79347744	de.fot-home
79349492	de.foto-raumundzeit
79349696	de.foto-schuhmacher
79349746	de.foto-sexauer
79350977	de.fotobox-nordost
79351988	de.fotoerbe
79352454	de.fotogefuehl-sonja-oltmanns
79352706	de.fotograf-in-muenchen
79352788	de.fotograf-muensterland
79352980	de.fotografenwerk
79352989	de.fotografgrancanaria
79353015	de.fotografie-agentur
79353045	de.fotografie-anni
79354281	de.fotogruppe-hausen
79354313	de.fotogruppe-wasserburg
79354440	de.fotohits
79355045	de.fotomagazin
79355103	de.fotomarathonmuenchen
79355133	de.fotomax
79355763	de.fotos-lommatzsch
79356018	de.fotoschule-hannover
79356679	de.fotostudio-koenen
79357054	de.fotostudio9
79357059	de.fotostudioaugenblicke
79357187	de.fotosvonunterwegs
79357599	de.fotowalther
79357626	de.fotoweitblick
79357720	de.fotowerkstatt-hu
79357765	de.fotowettbewerbeliste
79357808	de.fotoworkshop-stuttgart
79358058	de.foundress
79358326	de.fourseason-services
79358643	de.foxandpoet
79359091	de.foxyform
79359583	de.fpmi
79359634	de.fpr-hamburg
79359811	de.fpz-hamburg
79359935	de.fr-holst
79360238	de.frachtpilot
79360380	de.fraeger-haustechnik
79360488	de.fraenkische-tapas
79360914	de.fraeuleinchen
79361007	de.fraeuleinoeko
79361047	de.fraeuleintanzerlei
79361087	de.frag-amu
79361486	de.fragfinn
79361524	de.fraghugo
79361556	de.fraglokal
79361584	de.fragmentdesign
79361615	de.fragmukt
79361633	de.fragpetra
79361700	de.fragweiter
79362623	de.franchiseportal
79363065	de.frank
79363181	de.frank-bokelmann
79363357	de.frank-falkenberg
79363474	de.frank-gysbers
79364118	de.frank-schlieker
79364330	de.frank-vohle
79364396	de.frank-wiesner
79365166	de.franken-silvanerheimat
79365597	de.frankenlifte
79365780	de.frankenstern
79366506	de.frankfurt-tipp
79366870	de.frankfurter-nahverkehrsforum
79366944	de.frankfurter-starthilfe
79367172	de.frankfurtregional
79367832	de.frankonzept
79368204	de.frankschmidt
79368278	de.frankshalbwissen
79368426	de.frankundsilkesfahrschule
79368461	de.frankwagner-pflegedomizile
79369002	de.franz-josef-breuer
79369188	de.franz-plus-partner-magdeburg
79369904	de.franzdede
79370012	de.franzen-kaufhold
79370663	de.franziska-schroedinger
79370708	de.franziska-wanninger
79370783	de.franziskadusch
79370859	de.franziskajebens
79371327	de.franzka
79371412	de.franzls-ferienwohnungen
79371416	de.franzls-lks
79372096	de.franzstehle
79372787	de.frau-adler
79373019	de.frau-kunst-politik
79373176	de.frau-siemers
79373707	de.frauen-aktion-muenchen
79373899	de.frauen-im-oeffentlichen-dienst
79373926	de.frauen-in-kultur-und-medien
79373944	de.frauen-infoboerse
79373992	de.frauen-magazin
79374269	de.frauenaerzte-im-netz
79374576	de.frauenaerztin-heeckt
79374681	de.frauenaerztin-moeller
79375007	de.frauenakademie
79375586	de.frauenarzt-in-velbert
79375590	de.frauenarzt-in-winterhude
79376479	de.frauenarzt-wolgast
79377849	de.frauenberatungsdienst-muenchen
79378455	de.frauendorfer-foerderstiftung
79379013	de.frauengesundheit-lokstedt
79379079	de.frauengesundheitsportal
79379171	de.frauenhandbuch-muenchen
79379395	de.frauenhauskoordinierung
79379637	de.frauenheldinnen
79379644	de.frauenhelfenfrauen-hamburg
79379651	de.frauenhelfenfrauen-sta
79379672	de.frauenhilfe-muenchen
79379731	de.fraueninteressen
79380099	de.frauennotruf-muenchen
79380139	de.frauenorte-hamburg
79380220	de.frauenpsychosomatik-hamburg
79380235	de.frauenrat-saarland
79380437	de.frauentag-hamburg
79380610	de.frauenwerk-stein
79380630	de.frauenwohnen
79380635	de.frauenwohnen-verein
79380637	de.frauenwohnprojekte
79381137	de.fraukeks
79381170	de.fraukes
79381444	de.fraunhofer
79381451	de.fraunhofer-innovisions
79381575	de.frausb
79381666	de.fraustier
79381866	de.frax
79381948	de.frbdigital
79381968	de.frblog
79382142	de.freace
79382599	de.frechdaxradio
79382776	de.fred-auskunft
79383447	de.fredneumann
79384383	de.freedombmx
79384541	de.freegermany
79384955	de.freenet
79385168	de.freese-holz
79385206	de.freeseotest
79387109	de.freeyou
79388640	de.freibad-duvenstedt
79390323	de.freiburg-i-br
79390411	de.freiburg-lebenswert
79390462	de.freiburg-nachrichten
79390879	de.freiburger-bote
79391680	de.freidenker-galerie
79391942	de.freie-berufe-hamburg
79392260	de.freie-finanzierer
79392394	de.freie-hochschule-stuttgart
79392494	de.freie-infos
79392645	de.freie-landschule
79392647	de.freie-lastenradl
79392865	de.freie-nuetzlinge
79392926	de.freie-presse-augsburg
79393455	de.freie-theater-bayern-forum
79394476	de.freiebuehnemuenchen
79394937	de.freienohler
79395923	de.freies-musikzentrum
79396290	de.freiesradio-nms
79396330	de.freiestheatermuenchen
79396685	de.freiewaehler-main-kinzig
79397028	de.freifalldessau
79398085	de.freigericht
79398423	de.freiham
79399113	de.freiheitsbaeume
79399195	de.freiheitsfoo
79399246	de.freiheitskanzlei
79400142	de.freilandpalmen-forum
79400839	de.freiluftsupermarkt
79402252	de.freiraum-mv
79402445	de.freiraum-viertel
79402767	de.freiraumottensen
79403262	de.freisegler
79403533	de.freisinger-backhaus
79403558	de.freisinger-hof
79405306	de.freiwillig-am-meer
79405369	de.freiwillig-ja
79405694	de.freiwilligen-agentur-bergedorf
79405794	de.freiwilligenagentur-nord
79406029	de.freiwilligennetzwerk-harburg
79406054	de.freiwilligentag-muenchen
79406861	de.freizeit-runter-vom-sofa
79406930	de.freizeit-stuebchen
79406992	de.freizeit-und-camping
79407351	de.freizeitblick
79407361	de.freizeitblog24
79408041	de.freizeitinsider
79408073	de.freizeitkegler-baden
79408645	de.freizeitparkcheck
79408791	de.freizeitparkweb
79409198	de.freizeitstaette-kiste
79410341	de.fremdsprache-deutsch
79412637	de.fresh-inn
79412680	de.fresh-partyband
79412979	de.freshmedia
79413299	de.fressnapf
79413643	de.freude-stiften
79415032	de.freunde-des-lsg
79415157	de.freunde-hausderkunst
79415641	de.freundeskreis-bergstedt
79415950	de.freundeskreis-leon-hamburg
79416112	de.freundeskreis-sahrbachtal
79417588	de.freyundheil
79417594	de.freyung-grafenau
79418142	de.frickenhausen
79418282	de.frida-beratung
79418428	de.fridanitours
79418770	de.fridingen
79419456	de.friedab
79419872	de.friedel-eder-schule
79419966	de.friedemann-pflug
79420214	de.friedensbildung-schule
79420217	de.friedensblick
79420245	de.friedensbuendnis-norddeutschland
79420270	de.friedensdienst
79420409	de.friedensinitiative-altona
79420468	de.friedenskirche-emlichheim
79420560	de.friedenskooperative
79420664	de.friedenspsychologie
79421063	de.friederikekissling
79421349	de.friedhof-hamburg
79421385	de.friedhof-mittweida
79421480	de.friedhofsgaertnerei-alstertal
79421691	de.friedland-mecklenburg
79421721	de.friedle-fenster-ettlingen
79422373	de.friedrich-energie
79422498	de.friedrich-glasenapp
79422632	de.friedrich-hse
79424123	de.friedrichsdorf
79424218	de.friedrichshafen
79424348	de.friedrichshain-kreuzberg-zeitung
79424366	de.friedrichshainblog
79424389	de.friedrichshainkreuzbergaktuell
79424447	de.friedrichskoog-auf-neuen-wegen
79424814	de.friedwald
79427529	de.friese-journal
79428168	de.friesenheim
79428892	de.friesisches-museum
79429453	de.frigga-seniorenbetreuung
79431532	de.frische-medien
79432289	de.frisches-aus-hamburg
79432354	de.frischesaushamburg
79432909	de.frischluft-crew
79433033	de.frischluftzufuhr-muenchen
79433450	de.frise
79436157	de.friseur-mai
79436306	de.friseur-michels
79436415	de.friseur-muenchen-schwabing
79439171	de.friseuribo
79443875	de.fritz-fewo
79444173	de.fritz-koehne-schule
79444787	de.fritz-winter-stiftung
79444939	de.fritzbielmeier
79445679	de.fritziundkarl
79446285	de.fritzschumacher
79446727	de.friz-metallbau
79447306	de.frnd
79447664	de.froebel-gruppe
79448490	de.froehnd
79448670	de.froendenberg
79448790	de.froeschl-elektro
79448823	de.froeschlhof
79448913	de.froettis
79448920	de.froettmaningerschule
79450190	de.frohsinn-kuchen
79450202	de.frohsinn-melodia
79451298	de.fromm-koblenz
79452004	de.fronhausen
79452188	de.front-runner
79454295	de.frosta
79455204	de.frox-it
79455934	de.frs-helgoline
79457477	de.fruebis-hamburg
79458105	de.fruehe-chancen
79458179	de.fruehehilfen
79458186	de.fruehehilfen-hamburg
79458262	de.frueherkennung-gebaermutterhalskrebs
79458796	de.fruehlingserwachen-inselpark
79459487	de.fruendt
79461834	de.fs-bau-muenchen
79461908	de.fs-blog
79462176	de.fs-energieberater
79463303	de.fs-stein-muenchen
79463954	de.fsb-bremen
79464982	de.fsei
79465310	de.fsg-greding
79465851	de.fshk
79467125	de.fsonline
79467287	de.fsp2-hamburg
79467508	de.fsr-gtw
79467565	de.fsr-rechtswissenschaft
79467578	de.fsr-sozialoekonomie
79467685	de.fsrk
79468745	de.fsv-limbach
79469196	de.fsvharburg-roenneburg
79470515	de.ftcam
79470779	de.ftf1900
79470895	de.ftgern
79471310	de.ftliegenschaften
79471337	de.ftm-blumenau
79472752	de.ftz-muenchen
79472828	de.fu-berlin
79475284	de.fuchsedv
79475569	de.fuchsien-friedl
79476152	de.fuchsundmoeller
79476804	de.fuckluckygohappy
79478355	de.fuehrerschein-hund
79478483	de.fuehrerschein-xpress
79478520	de.fuehrerscheine-muenchen
79478865	de.fuehrungen-hamburg
79478923	de.fuehrungs-akademie
79480779	de.fuenf-wichtel
79481754	de.fuer-gruender
79482251	de.fuer-weltentdecker
79483749	de.fuerstenberg-foundation
79483816	de.fuerstenberger-hof
79483858	de.fuerstenfeld
79483877	de.fuerstenfeldbruck-tageblatt
79484038	de.fuerstenried
79484595	de.fuerteventurazeitung
79485347	de.fuest-daemmung-farbe
79485615	de.fufda
79486313	de.fuhrmannsweb
79486794	de.fuldaer-bote
79486875	de.fuldawiki
79487063	de.fulland-vespa-store
79487238	de.fullon
79487290	de.fullservicemarkenschutz
79488374	de.fundbuero-muenchen
79488409	de.fundero
79488582	de.fundraising-akademie
79488655	de.fundraisingtage
79489778	de.funkhaus-schwabylon
79490052	de.funkstreet
79490060	de.funksysteme
79490093	de.funktechanalyse
79490167	de.funktionelle-medizin-hamburg
79490456	de.funkygog
79491781	de.furth-bei-landshut
79491811	de.furtherfestival
79492201	de.fuss-ev
79492447	de.fussball-em-2024
79493402	de.fussballmafia
79493406	de.fussballmanager
79494208	de.fusscomfort-weber
79494367	de.fusshuhn
79494515	de.fusspflege-akkermann
79494549	de.fusspflege-barfuss-halle
79494883	de.fusspflege-pedikuere-berlin
79494912	de.fusspflege-robold
79495273	de.fussverkehrsstrategie
79495388	de.futbolexpress
79496062	de.futur-iii
79496078	de.futur2festival
79496487	de.future-watt
79496671	de.futurefox-greendeal
79497208	de.fux-lichtspiele
79497263	de.fuxlux
79498286	de.fv-rheinbrohl
79498447	de.fv-textil
79498492	de.fv-viktoria
79498608	de.fv1953
79498630	de.fva09
79498684	de.fvbadklosterlausnitz
79499991	de.fw-knappensee
79500733	de.fwd-like-waves
79501431	de.fwhamburg
79501774	de.fwspass
79502063	de.fx-web
79502640	de.fz-schnelsen
79502655	de.fz-stb
79502835	de.fzi
79502929	de.fzs
79502946	de.fzst-boomerang
79502947	de.fzst-neuland
79503369	de.g-haase
79503430	de.g-ing
79504532	de.ga-ga
79504780	de.gab-muenchen
79505217	de.gabi-reinmann
79505306	de.gabidobusch
79505695	de.gabor-partners
79505920	de.gabrielaaufreisen
79506053	de.gabriele-donath
79506266	de.gabriele-obermaier
79506400	de.gabriele-tergit
79506498	de.gabrielefinkstiftung
79507500	de.gaebele
79507642	de.gaengeviertel
79507769	de.gaenssmantel
79508226	de.gaertnerei-eggers
79508538	de.gaertnerei-menzel
79508865	de.gaertnerei-wagner
79509052	de.gaertnermuenchen
79509058	de.gaertnernmachtgluecklich
79509428	de.gaestehaus-arnspitz
79509460	de.gaestehaus-bauer
79509561	de.gaestehaus-budapesterhof
79509785	de.gaestehaus-gamsei
79509809	de.gaestehaus-giesen
79509976	de.gaestehaus-huber-kruen
79510172	de.gaestehaus-landenberger
79510506	de.gaestehaus-riedl
79510710	de.gaestehaus-sonnenstatter
79510917	de.gaestehaus-willibald
79510948	de.gaestehaus-zehmerhof
79511896	de.gai-novacon
79511955	de.gaia-x-hub
79512056	de.gaienhofen
79513169	de.galabau-blog
79514687	de.galabauron
79516941	de.galerie-engelhorn
79517389	de.galerie-karin-guenther
79517399	de.galerie-keim
79517594	de.galerie-maichingen
79517977	de.galerie-ruth-sachse
79518606	de.galeriedervilla
79519206	de.galgomarsch-hamburg
79519233	de.galiaboote
79519449	de.galk
79519593	de.galleria-hamburg
79519998	de.gallus-verlag
79520072	de.galopp-hamburg
79520174	de.galuft
79520754	de.game
79521046	de.gamecity-hamburg
79521814	de.games-catcher
79522020	de.gamesfestival
79522183	de.gamesundbusiness
79523149	de.gandlaubau
79523152	de.gandolfstaubenfreunde
79523790	de.ganter-film
79523828	de.gantermarkt
79523919	de.ganz-berlin
79523935	de.ganz-einfach-energiesparen
79524014	de.ganz-muenchen
79524165	de.ganzgesundsein
79524470	de.ganzheitliche-therapie-muenchen
79524635	de.ganzheitsarzt
79524813	de.ganztaegig-lernen
79524824	de.ganztag-muenchen
79524826	de.ganztag-nrw
79524883	de.ganztagsschulverband
79524947	de.gaokitchen-hamburg
79525051	de.gapa
79525061	de.gapa-tourismus
79525314	de.garage53germering
79525323	de.garage86-muenchen
79525475	de.garagenhandel
79526028	de.garching
79526233	de.gardelegen
79526733	de.gardinenbettzieche
79527541	de.gars-ilf
79527568	de.garstedt
79527750	de.garten-business
79527784	de.garten-der-frauen
79528156	de.garten-landschaft
79528536	de.garten-staudinger
79528585	de.garten-traunstein
79529140	de.gartenbau-diesch
79530057	de.gartenbau-wolf-hdl
79530227	de.gartenbauschulz
79530289	de.gartenbauverein-bw
79530532	de.gartenbauvereine
79530557	de.gartenbauvereine-muenchen
79530664	de.gartenbob
79530982	de.gartendiagnose
79531087	de.gartenfernsehen
79531144	de.gartenfraese-experte
79531166	de.gartenfreunde-am-bornmuehlenweg
79531251	de.gartenfreunde-hh
79531491	de.gartengeraete-bierling
79531541	de.gartengesellschaft
79532078	de.gartenhausfabrik
79532133	de.gartenhistorie
79532458	de.gartenlinksammlung
79532550	de.gartenmessen
79532705	de.gartenora
79532716	de.gartenpanda
79533409	de.gartenservice-schmidt
79533540	de.gartenstadt-hamburg
79533566	de.gartenstadt-wandsbek
79533655	de.gartentechnik
79534265	de.gartenzeile
79534695	de.gasag
79534988	de.gasgrill-holzkohlegrill-elektrogrill
79535320	de.gasprotec
79535459	de.gassi-guide
79535734	de.gastaufdemland
79535770	de.gasteig
79536778	de.gasthaus-maucher
79537652	de.gasthausbiermann
79538298	de.gasthof-graetz
79538495	de.gasthof-kapsner
79538582	de.gasthof-krone-koengen
79538609	de.gasthof-lamprecht
79539046	de.gasthof-schuetzen-villingen
79539079	de.gasthof-sempt
79539223	de.gasthof-waldschaenke
79540187	de.gastro-reparatur-berlin
79540384	de.gastrobetreuung
79540728	de.gastroguide
79540991	de.gastronomie-journal
79542219	de.gaswasserwaerme
79542999	de.gaudiblosn
79543132	de.gauger-steuerberatung
79543224	de.gaul-klamt
79543523	de.gauting
79543536	de.gautinger-tafel
79543651	de.gavesi-catering
79543987	de.gaybayern
79544027	de.gaydating-vergleich
79544277	de.gayze
79544349	de.gazellen-apotheke
79544350	de.gazellen-apotheke-app
79544532	de.gb-hh
79544583	de.gb-mediensysteme
79544913	de.gbf-muenchen
79545041	de.gbi-hamburg
79545044	de.gbi-ingenieure
79545162	de.gbm-labor
79545394	de.gbs-hh
79545430	de.gbs-muc
79545492	de.gbsalteforst
79545600	de.gbv-allach-untermenzing
79545695	de.gbv449hh
79546461	de.gcjz-m
79546681	de.gcriem
79546785	de.gcv-gmbh
79547121	de.gdff
79547252	de.gdi-service
79547642	de.gds-web
79547673	de.gdsu
79547746	de.gdw
79547915	de.ge-li
79548026	de.gea
79548046	de.gea-muc
79548233	de.geb-info
79548250	de.geb-kita-singen
79548533	de.gebaeudeforum
79548746	de.gebaeudereinigung-felsmann
79549205	de.gebaeudereinigung-werthmann
79549534	de.gebas24
79549580	de.gebauer-galabau
79549583	de.gebauer-hilft
79549960	de.gebhard-dachsysteme
79550232	de.geblitzt
79551085	de.gebrauchtwagen-ankauf
79551109	de.gebrauchtwagen-baden
79551344	de.gebrueder-baerz
79551683	de.geburt-einer-mutter
79551729	de.geburtenbuero
79551892	de.geburtshaus-muenchen
79552421	de.gecko-web
79552971	de.gedankensprudler
79553011	de.gedankenteiler
79553143	de.gedenkbuch-augsburg
79553147	de.gedenkbuch-langenhagen
79553153	de.gedenkbuch-wuppertal
79553164	de.gedenken-eimsbuettel
79553168	de.gedenken-hamburg-mitte
79553170	de.gedenken-im-wuermtal
79553325	de.gedenkstaetten-hamburg
79553326	de.gedenkstaetten-in-hamburg
79553330	de.gedenkstaetten-sh
79553337	de.gedenkstaettenforum
79553612	de.gedok-muc
79553628	de.gedokhamburg
79554092	de.geest-verlag
79554118	de.geesthacht
79554210	de.gefa-bochum
79554414	de.gefaesspraxis-koblenz
79554495	de.gefahrgut
79554690	de.gefas-gmbh
79555563	de.gegen-hartz
79555665	de.gegen-vergessen
79555702	de.gegenblick
79555915	de.gegenwart24
79556484	de.geheimatorte
79556491	de.geheimdienst-deutschland
79556674	de.geheimtipphamburg
79556676	de.geheimtippmuenchen
79556872	de.gehlberg-chronik
79557007	de.gehoerlosekinder
79557095	de.gehorsamerhund
79557102	de.gehove
79557141	de.gehrenberg-bodensee
79557240	de.gehringpartner
79557536	de.geider-optik
79557755	de.geigenbau-jaumann
79557893	de.geigenbauer-nicolas
79557900	de.geigenbauernicolas
79557981	de.geigenunterricht-hamburg-erwachsene
79557994	de.geigenunterricht-muenster
79558260	de.geigerzaehlerforum
79558421	de.geilenkirchen
79558563	de.geilsterclubderwelt
79558672	de.geisel-privathotels
79558784	de.geisenhoferklinik
79559268	de.geistes-und-sozialwissenschaften-bmftr
79559547	de.geistundgegenwart
79559998	de.gekuendigt-abfindung
79560035	de.gela-bau
79560465	de.gelb
79560706	de.gelbe-seiten
79562265	de.gelbehand
79562314	de.gelbenseiten
79562402	de.gelbeseiten
79562813	de.geld-fuer-eauto
79563204	de.geld-online-blog
79563965	de.geldanlage-muenchen
79564336	de.geldbildung
79564492	de.geldhauser
79566217	de.geldwaesche-beauftragte
79566769	de.gelenk-klinik
79567472	de.geller-consult
79567500	de.gellersen
79568102	de.gelsenkirchen
79568126	de.gelsenkirchen-news
79568477	de.gem-gruppe
79568568	de.gema-politik
79569491	de.gemeinde-alesheim
79569521	de.gemeinde-altona-ost
79569575	de.gemeinde-auufer
79569577	de.gemeinde-baar
79569642	de.gemeinde-berg
79569687	de.gemeinde-bisingen
79569731	de.gemeinde-borgstedt
79569756	de.gemeinde-breitenberg
79569758	de.gemeinde-breitenburg
79569870	de.gemeinde-daldorf
79569968	de.gemeinde-egmating
79569989	de.gemeinde-elsdorf
79570033	de.gemeinde-eschenburg
79570302	de.gemeinde-handewitt
79570323	de.gemeinde-hasel
79570334	de.gemeinde-hattenhofen
79570621	de.gemeinde-koenigsheim
79570637	de.gemeinde-kollmoor
79570668	de.gemeinde-kronsmoor
79570717	de.gemeinde-latendorf
79570719	de.gemeinde-laudenbach
79570736	de.gemeinde-lehmen
79570920	de.gemeinde-moordiek
79570944	de.gemeinde-muensterdorf
79571013	de.gemeinde-niederaichbach
79571280	de.gemeinde-rickling
79571314	de.gemeinde-rohrdorf
79571335	de.gemeinde-rudelzhausen
79571372	de.gemeinde-sasbachwalden
79571383	de.gemeinde-scharnebeck
79571429	de.gemeinde-schoenbeck
79571437	de.gemeinde-schoenenberg
79571612	de.gemeinde-suelfeld
79571631	de.gemeinde-tannheim
79571691	de.gemeinde-tunau
79571776	de.gemeinde-waldburg
79571833	de.gemeinde-westermoor
79571861	de.gemeinde-wittenbergen
79571869	de.gemeinde-woerthsee
79571911	de.gemeindeahorn
79572083	de.gemeindefeuerwehr-grossenkneten
79572108	de.gemeindeglonn
79572213	de.gemeindelinsburg
79572269	de.gemeindepsychologie
79572380	de.gemeindeverzeichnis
79572482	de.gemeindex
79572484	de.gemeindezeitung
79572610	de.gemeinsam-fuer-afrika
79572641	de.gemeinsam-fuer-hamburg
79572854	de.gemeinsam-klasse-sein
79572896	de.gemeinsam-mit-afrika
79572898	de.gemeinsam-mit-gefluechteten
79572985	de.gemeinsam-unterstuetzen
79573163	de.gemeinsamfuertiere
79573198	de.gemeinsamgutessen
79573246	de.gemeinsamonline
79573280	de.gemeinsamwachsen-kapaun
79573297	de.gemeinsamzukunftmachen
79573457	de.gemeinschaftliches-wohnen
79574503	de.gemmrigheim
79574573	de.gempp-gartendesign
79574895	de.gemuesegarten-meyer
79575105	de.gemworldmunich
79575343	de.gender-blog
79575544	de.genderqualifizierungsoffensive
79575599	de.gendertreff
79575617	de.genderwiki
79576512	de.generali
79577937	de.generationenimdialog
79578811	de.genety
79579387	de.geniusloci-ev
79579972	de.gensicke-sozialforschung
79579984	de.gensleiten
79580901	de.genussfreak
79581044	de.genusslotsin
79581413	de.genz-hamburg
79581414	de.genz-immobilien
79581638	de.geo-pur
79581799	de.geobasis-bb
79581876	de.geobyte
79582025	de.geocapture
79582089	de.geocontent
79582148	de.geodatenservice-muenchen
79582170	de.geodienstleistungen
79582179	de.geodok
79582351	de.geographie-muenchen
79582409	de.geohorizon
79582418	de.geoin
79582422	de.geoinfo-muenchen
79582465	de.geokartieranleitung
79582532	de.geolitico
79582549	de.geologenlauf
79582808	de.geonord
79582820	de.geoobserver
79582965	de.geoport-lk-mse
79583006	de.geoportal-hamburg
79583025	de.geoportal-muenchen
79583187	de.georg-behrmann-stiftung
79583260	de.georg-elser-arbeitskreis
79583423	de.georg-kronawitter
79583789	de.george-michael-studio
79583881	de.georgensgmuend
79584227	de.georgleiste
79584267	de.georgnieder
79584483	de.georgundpaul
79584803	de.geothermie
79584866	de.geotis
79584919	de.geoval
79585324	de.geqo
79585398	de.gera
79585695	de.gerald-feind
79585833	de.geraldlanger
79586006	de.gerati
79586013	de.geratskirchen
79586215	de.gerbitz-gartenbau
79586596	de.gerda-janssen
79586656	de.gerdamartha
79586695	de.gerdaus-welt
79586819	de.gerdhammers
79587098	de.gerechte-geburt
79587456	de.gerhard-hirsch
79587680	de.gerhard-vogt
79587881	de.gerhardschmidt
79587982	de.gerhardweigel
79588242	de.gerichtsprozessanwalt
79588265	de.gerichtsuebersetzerverzeichnis
79588290	de.gerichtundmediation
79588884	de.gerlingen
79589169	de.german-course-germany
79589474	de.german-limousines
79589874	de.germanabendbrot
79589935	de.germanblogs
79590086	de.germanearlyeducation
79590137	de.germaneyecare
79590311	de.germania-business
79590398	de.germania-inkasso
79590890	de.germanpages
79591306	de.germany-ticket
79591456	de.germanzero-hamburg
79591519	de.germering
79591664	de.gerndesign
79591816	de.gernot-gruber
79591909	de.gernsbach
79592065	de.gerold-dreyer
79592567	de.gerschlauer
79592608	de.gersheim
79593127	de.gertrud-hilft
79593261	de.gertz-qualitymanagement
79593492	de.geruestbau-hamburg
79593662	de.geruestbau-rb
79595413	de.geschaeftsreise-top10
79596288	de.geschepiening
79596345	de.geschichte-bk-sh
79596721	de.geschichtenstaerken
79596753	de.geschichtomat
79596759	de.geschichts-kontor
79596856	de.geschichtslehrerverbandhessen
79596892	de.geschichtspuls
79596932	de.geschichtsverein-aschau
79597123	de.geschichtswerkstaetten-hamburg
79597136	de.geschichtswerkstatt-billstedt
79597154	de.geschichtswerkstatt-eppendorf
79597168	de.geschichtswerkstatt-horn
79597182	de.geschichtswerkstatt-neuhausen
79597191	de.geschichtswerkstatt-suederelbe
79597411	de.geschlossene-unterbringung
79597560	de.geschnorrmassivhaus
79597596	de.geschwender
79597669	de.geschwister-scholl-preis
79597920	de.gesellschaft-hamburger-juristen
79598083	de.gesellschaftsrechthannover
79598160	de.gesetze-ganz-einfach
79598259	de.gesetzlichekrankenkassen
79598361	de.gesichter-musiktheater
79598499	de.gesierich
79598713	de.gesonord
79598855	de.gespraechsmelodie
79599008	de.gest-hamburg
79599085	de.gestalt-therapie-hamburg
79599258	de.gestaltmusiktherapie
79599336	de.gestalttherapie-hamburg
79599660	de.gesternistjetzt
79600177	de.gesuche
79600247	de.gesund-aktiv-aelter-werden
79600289	de.gesund-bleiben-eimsbuettel
79600467	de.gesund-in-muenchen
79600802	de.gesundatwork
79600895	de.gesunde-erde-gesunde-kinder
79600925	de.gesunde-haut-hannover
79600970	de.gesunde-lehrer
79601030	de.gesunde-staedte-netzwerk
79601313	de.gesundes-hanau
79601479	de.gesundesbeiarmin
79601483	de.gesundeschule-fs
79601495	de.gesundesessenfuerkinder
79601560	de.gesundeswohnen-wolfenbuettel
79601586	de.gesundezwerge
79601640	de.gesundheit-adhoc
79601647	de.gesundheit-aktuell
79601962	de.gesundheit-nds-hb
79602009	de.gesundheit-psychologie
79602131	de.gesundheit-vorsorge-praevention
79602166	de.gesundheit2000-cottbus
79602237	de.gesundheitlokal
79602293	de.gesundheits-fakten
79602340	de.gesundheits-schnack
79602358	de.gesundheits-und-pflegeberatung
79602389	de.gesundheitsaemter-deutschland
79602474	de.gesundheitsbeirat-muenchen
79602576	de.gesundheitsberufe
79602871	de.gesundheitsgut-badvilbel
79603045	de.gesundheitskongresse
79603202	de.gesundheitsnachweis24
79603343	de.gesundheitspiraten
79603392	de.gesundheitspraxis-altona
79603611	de.gesundheitspraxis-schwarz
79604082	de.gesundheitsverzeichnis24
79604696	de.gesundheitvonabisz
79604802	de.gesundmachtschule
79605006	de.gesundzentrum
79605186	de.get-in-engineering
79605250	de.get-mira
79605262	de.get-nord
79605519	de.getbadnews
79605844	de.gethomepage
79606206	de.getraenke-basar
79606985	de.getraenke-schlueter
79608045	de.getthekick
79608413	de.gev-versicherung
79608417	de.geva-institut
79608602	de.gew-ferien
79608614	de.gew-hamburg
79608662	de.gew-nrw
79608816	de.gewaesser-bewertung
79609060	de.gewaltistuntragbar
79609077	de.gewaltpraevention-hamburg
79609099	de.gewaltschutz-gu
79609493	de.gewerbeamt-muenchen
79609495	de.gewerbeanmeldung
79609635	de.gewerbegebiete
79609749	de.gewerbeimmobilien24
79609806	de.gewerbemietportal
79609844	de.gewerbepark-breisgau-erhalten
79609856	de.gewerbepark-ebbendorf
79609989	de.gewerbepass
79610191	de.gewerbeverein-babenhausen
79610219	de.gewerbeverein-birkenau
79610326	de.gewerbeverein-gotha
79610432	de.gewerbeverein-mamming
79610632	de.gewerbeverein-waltershausen
79610886	de.gewicht-schnell-abnehmen-hamburg
79611299	de.gewinnspiele-in-deutschland
79611568	de.gewohnt-mobil
79611911	de.geyermk
79611954	de.gez-boykott
79612171	de.gf-franken
79612295	de.gfa-group
79612316	de.gfa-news
79612464	de.gfbm
79612479	de.gfbw-online
79613150	de.gfm-nachrichten
79613250	de.gfo-web
79613455	de.gfs-steuerfachschule
79613471	de.gfsa-muenchen
79613591	de.gfu-community
79613885	de.gg-immobilien
79614253	de.ggg-web
79614312	de.gghhev
79614328	de.ggi-hamburg
79615105	de.ggsd
79615288	de.ggv-tempelhof-schoeneberg
79615395	de.gh-fichtl
79615574	de.gha-info
79615679	de.gharingermany
79615753	de.ghb-online
79615783	de.ghc-medical
79616030	de.ghgh
79616140	de.ghk-tax
79617049	de.ghs-group
79617254	de.ghst
79617792	de.gianni-hochzeitsvideo
79617993	de.giasing-international
79618064	de.gib-immobilien
79618138	de.gibbins
79618418	de.gida
79618459	de.gidiondesign
79618486	de.gidvgamburge
79618818	de.gierschmagazin
79618941	de.giese-immobilien
79619115	de.giesinger-bahnhof
79619128	de.giesinger-maedchen-treff
79619204	de.giessen-achter
79619219	de.giessen-entdecken
79619523	de.gif-bilder
79619993	de.gigabitbuero
79620397	de.giglinger
79620478	de.gih
79620695	de.gilching-news
79621359	de.gima-muenchen
79621543	de.gimpl-pension
79621568	de.gimuenchen
79622322	de.ginie
79622683	de.ginkobaumschule
79623876	de.gip-intensivpflege
79623977	de.gipfel-glueck
79625003	de.giraffe13
79625258	de.girls-in-town
79625432	de.giro-di-monaco
79625598	de.girotondo
79625661	de.gis-akademie
79625713	de.gis-leitfaden
79625730	de.gis-plan-service
79626308	de.gispoint
79626312	de.gisre
79626313	de.giss-ev
79626334	de.gissler-pass
79626403	de.git-sicherheit
79626586	de.gitarrehamburg
79627283	de.gitler
79627353	de.gittabarthel
79627524	de.gittnergarten
79627721	de.give40
79627906	de.givt
79627908	de.givt-video
79627964	de.giz
79628003	de.gizbonn
79628286	de.gjm
79628351	de.gjws
79628520	de.gk-photography
79628926	de.gkm-therapieforschung
79629634	de.gl-erlangen
79630012	de.gladigau-pflegevermittlung
79630053	de.gladrags
79630419	de.glamoresse
79630591	de.glamshine
79631541	de.glas-muehlenberend
79631909	de.glasartgmbh
79632075	de.glasbautechnik-stieber
79632308	de.glaser-immobilienberatung
79632705	de.glaserei-kropp
79632720	de.glaserei-laatzen
79632740	de.glaserei-lompa
79632805	de.glaserei-nuernberg
79633041	de.glaserei-zacher
79633063	de.glasereibeutel
79633077	de.glasereigoethe
79633674	de.glasholz-barth
79634045	de.glasmann-design-service
79634077	de.glasmeyer
79634511	de.glasseibel
79634663	de.glasteam-gmbh
79634818	de.glasvordach
79634840	de.glaswelt
79635165	de.glaubensapp
79635252	de.glaubenundwissen
79635642	de.gleichberechtigung-schuetzt-vor-gewalt
79635695	de.gleichgewicht4you
79635772	de.gleichstellung-sh
79635796	de.gleichstellungsbericht
79635805	de.gleichstellungsministerkonferenz
79636030	de.gleismann
79636826	de.glinde
79637116	de.glitza
79637250	de.gll-kaufungen
79637723	de.global-stories
79638022	de.globales-lernen-hamburg
79638023	de.globales-lernen-harburg
79638035	de.globaleslernen
79638750	de.globesurfer
79638807	de.globetrotter-wanderclub
79638959	de.globus
79639263	de.glockenhof-studtmann
79639303	de.glockenspieler
79639552	de.glolog
79639564	de.glombik-fotografie
79640072	de.glotz
79640109	de.gloveboxinfo
79640209	de.glowconsortium
79640315	de.glowstaff
79640494	de.gls-sprachenzentrum
79640909	de.glueckauf-engel
79641574	de.glueckskaeferchen-filderstadt
79641953	de.gluecksspiel-behoerde
79642079	de.glueckstadt
79642087	de.glueckstadt-tourismus
79642524	de.glutenfrei-frollein
79643274	de.gmbh-gf
79643368	de.gmc-consulting
79643508	de.gmeinders-landhaus
79643578	de.gmf-bayern
79643653	de.gmg-online
79643695	de.gmh-hamburg
79643799	de.gmk-net
79643818	de.gmkonline
79644124	de.gmp
79645497	de.gmu
79648007	de.gnomad
79648060	de.gnoom
79648187	de.gnu-energy
79649048	de.go-vote
79649183	de.go2njemacka
79649342	de.go7seas-kreuzfahrten
79649888	de.gobs-schreinerei
79650085	de.gocmuenchen
79650089	de.gocoach
79650539	de.godot-hamburg
79651004	de.goedartpalm
79651341	de.goelektrik
79651585	de.goeppingen
79651925	de.goerlitzer-kreisbahn
79651972	de.goerne-apotheke
79652060	de.goertz-fotografie
79652096	de.goerwihl
79652236	de.goethe
79652347	de.goethe-gymnasium-hamburg
79652845	de.goettingen-tourismus
79653069	de.goetz-apotheke
79653070	de.goetz-arbeitsrecht
79653461	de.goetzwiese
79653860	de.gogolmaex
79654066	de.goi-anwaelte
79654087	de.goikelbraeu
79654167	de.goinnovative
79654514	de.gold
79654786	de.gold-platin-silber
79655166	de.goldankauf-plus
79655443	de.goldbekhaus
79655691	de.golddoktor
79658172	de.goldmandeln
79658495	de.goldpreis
79658560	de.goldrauschen-blog
79658582	de.goldreporter
79659001	de.goldschmiede-gottschalk-halle
79659970	de.goldstube-goldankauf-muenchen
79660064	de.goldtrans
79660332	de.golehm
79660338	de.golem
79660519	de.golf-eisenach
79661144	de.golfcenter-ismaning
79661149	de.golfchamp
79661526	de.golfclubabenberg
79662432	de.golfsportmagazin
79662537	de.golfurlaub-bayern
79662553	de.golfvalley
79662661	de.goliathwatch
79662730	de.goliusgenolius
79662738	de.goliving
79662755	de.goll-schracke
79662974	de.golocal
79662993	de.golong-sushi
79663233	de.gomedus-pflege
79663647	de.gonschior
79663912	de.good-tidings
79664457	de.goodnews-magazin
79664745	de.goodwin
79664832	de.google
79664934	de.googlewatchblog
79665069	de.gooseberrypictures
79665278	de.gopus
79665368	de.gorch-fock-schule
79665450	de.gordon-gehrmann-architektur
79665591	de.gorenflos-architekten
79665936	de.gorod
79666013	de.goruma
79666050	de.gos-gsom
79666241	de.gosingchoir
79668179	de.gottmann-gestalttherapie
79668385	de.gottwald-strassenbau
79668452	de.gotzmannschule
79668511	de.goumzug-sued
79668697	de.gourmet-safran
79669034	de.gov
79669342	de.goyellow
79669382	de.gozlemix-restaurant
79669944	de.gpi-stenn
79670050	de.gpm-ipma
79670114	de.gpoh
79670981	de.gr-m
79671173	de.grabau-vermessung
79671236	de.graben-neudorf
79671247	de.grabenfleck
79671533	de.grabmale-hellstern
79671849	de.grabpflege-brumm
79671868	de.grabpflege-held
79671888	de.grabpflege-moers
79671988	de.grabstein-steinmetz
79672078	de.grabungsfirma-bayern
79672210	de.grachtenhaus-apotheke-hamburg
79673542	de.grafex
79674701	de.grafing-ferienwohnung
79674753	de.grafische-visualisierung
79674908	de.grafs-bio-seiten
79674922	de.grafschaft-bentheim
79675412	de.gramberg-steuerberater
79675445	de.gramer-transport
79675837	de.grand-apricot
79676250	de.grandlschule
79676421	de.grandvisions
79676839	de.granzin-rechtsanwaelte
79676903	de.grapes-weinbar
79677392	de.grasbrook
79677394	de.grasbrunn-aktuell
79677574	de.graslutscher
79677855	de.gratec-gmbh
79678221	de.gratisdinge
79678688	de.grauesrathaus
79678872	de.grauvoegel
79679861	de.greatime
79680475	de.green-energy-scout
79680678	de.green-lion-computer
79680776	de.green-planet-energy
79680925	de.green-urban-lifestyle
79681245	de.greenbydefault
79681274	de.greencare-baumkontrolle
79681275	de.greencare-baumpflege
79681316	de.greencity
79681324	de.greencity-hamburg
79681337	de.greencitysolutions
79682049	de.greenleaf
79682173	de.greenlivingbambus
79682188	de.greenlovers
79682378	de.greenpeace
79682394	de.greenpeace-hamburg
79682403	de.greenpeace-muenchen
79682673	de.greensolar
79682707	de.greenspotting
79682762	de.greensylt
79682837	de.greentechrealestate
79682852	de.greentext
79683044	de.greenya
79683544	de.gregors-hamburg
79683757	de.greifenberg-ammersee
79683820	de.greifenwirt
79684233	de.greiterweb
79684810	de.grenzensindrelativ
79684825	de.grenzerlebnisse
79684945	de.grenzhus
79685041	de.grenzlandgruen
79685183	de.grenztuerme-erleben
79685257	de.gres-partner
79685484	de.gretel-bergmann-schule
79685607	de.greundiek
79685687	de.greven
79685782	de.grevesgarten
79685791	de.grevet
79686248	de.gridtalk
79686501	de.griechische-gemeinde-hh
79687153	de.grigorieva
79688041	de.grillsportverein
79688498	de.grimme-online-award
79688739	de.grinberg-praktiker-muenchen
79689213	de.grit
79689534	de.grnsn
79689818	de.groebmair-immobilien
79689852	de.groeg
79689889	de.groegerkarsten
79689911	de.groehn-gartengestaltung
79689931	de.groemitz
79690131	de.groeninger-hof
79690710	de.gronau-anzeiger
79690778	de.grone
79690781	de.grone-geso
79690791	de.grone-wirtschaftsakademie
79690901	de.groolfs
79690975	de.grootmoor
79691015	de.groove-department
79691054	de.groove-sistaz
79691893	de.grossborstel
79692187	de.grosse-wilde-bonn
79692285	de.grosselfingen
79692290	de.grosseltern
79692702	de.grosshaendleradressen
79692968	de.grosskummerfeld
79692991	de.grosslohekids
79693017	de.grossmann-berger
79693076	de.grossmann-stuehmeier
79693121	de.grossmarkt-hamburg
79693127	de.grossmarkt-mitgestalten
79693175	de.grossneumarkt-fleetinsel
79693282	de.grossraumtaxi-hamtax
79693340	de.grossschoenebeck
79693350	de.grosssee
79693395	de.grossstadtgeschwister
79693447	de.grosstadt-mission
79693458	de.grosstagespflege-zauberheide
79693495	de.grosstueck-logopaedie
79693792	de.grothe-medienberatung
79693838	de.grothschneider
79693851	de.grotjahn
79694073	de.groupage-service
79694361	de.growandmove
79694506	de.growing-finance
79694688	de.growth-pilots
79695182	de.gruber-immobilien
79695496	de.gruen-digital
79695558	de.gruen-in-der-stadt
79695585	de.gruen-macht-schule
79695595	de.gruen-michel
79695767	de.gruen4hd
79696036	de.gruenden-muenchen
79696123	de.gruender-piloten
79696215	de.gruenderfreunde
79696247	de.gruenderhomepage
79696286	de.gruenderland
79696293	de.gruenderlexikon
79696674	de.gruendungswoche
79696744	de.gruene-altona
79696776	de.gruene-arbeitswelt
79696812	de.gruene-ba9
79696816	de.gruene-bad-aibling
79696908	de.gruene-bayern
79696927	de.gruene-bergamlaim-trudering-riem
79696928	de.gruene-bergedorf
79697063	de.gruene-bubenreuth
79697064	de.gruene-buchholz
79697069	de.gruene-buechen
79697175	de.gruene-duesseldorf
79697182	de.gruene-ebersberg
79697211	de.gruene-eimsbuettel
79697227	de.gruene-elmshorn
79697339	de.gruene-fraktion-augsburg
79697341	de.gruene-fraktion-bayern
79697344	de.gruene-fraktion-bremen
79697355	de.gruene-fraktion-halle
79697364	de.gruene-fraktion-koblenz
79697368	de.gruene-fraktion-leipzig
79697379	de.gruene-fraktion-muenchen
79697380	de.gruene-fraktion-mv
79697390	de.gruene-fraktion-pankow
79697397	de.gruene-fraktion-reinickendorf
79697400	de.gruene-fraktion-rlp
79697505	de.gruene-germering
79697520	de.gruene-gilching
79697537	de.gruene-goerlitz
79697587	de.gruene-haar
79697606	de.gruene-hamburg
79697618	de.gruene-harburg
79697632	de.gruene-hattersheim
79697647	de.gruene-heidelberg
79697953	de.gruene-kranzberg
79698071	de.gruene-lauenburg
79698125	de.gruene-linke
79698149	de.gruene-liste-praevention
79698169	de.gruene-lotte
79698282	de.gruene-ml
79698314	de.gruene-muenchen
79698327	de.gruene-muenster
79698387	de.gruene-neuried
79698421	de.gruene-nord
79698485	de.gruene-obernburg
79698512	de.gruene-ohv
79698554	de.gruene-owl
79698596	de.gruene-planegg
79698619	de.gruene-putzbrunn
79698639	de.gruene-ratingen
79698656	de.gruene-regensburg
79698778	de.gruene-saar
79698858	de.gruene-schwaben
79698970	de.gruene-stadt-der-zukunft
79698973	de.gruene-stadt-muehldorf
79699191	de.gruene-wandsbek
79699208	de.gruene-wedel
79699219	de.gruene-weilheim-schongau
79699220	de.gruene-weimar
79699295	de.gruene-woehr
79699359	de.gruenealte
79699360	de.gruenealternative
79699527	de.gruenejugend-sh
79699529	de.gruenejugendhamburg
79699573	de.grueneliga
79699806	de.gruener-jaeger-stpauli
79699895	de.gruener-steuerberatung
79700008	de.gruenerbaumallersberg
79700075	de.gruenerinnenhof-laim
79700142	de.gruenert-mz
79700161	de.gruenerwallring-200
79700177	de.gruenes-archiv
79700179	de.gruenes-bamberg
79700248	de.gruenes-kompetenzzentrum-hamburg
79700515	de.gruenexxpur
79700783	de.gruenkraut
79700839	de.gruenlink
79701329	de.gruenzugnetzwerk
79701878	de.grundbuchauszug24
79701883	de.grundbuchblog
79701914	de.grundeigentuemerverein-bergedorf
79701917	de.grundeinkommen
79701937	de.grundeinkommen-hamburg
79702057	de.grundgesetzverstehen
79702154	de.grundlagen-computer
79702282	de.grundradar
79702345	de.grundriss-butler
79702486	de.grundschule-aktuell
79702513	de.grundschule-alte-weiden
79702690	de.grundschule-an-der-haake
79703246	de.grundschule-eckerkoppel
79703614	de.grundschule-grossflottbek
79703855	de.grundschule-hochbrueck
79704003	de.grundschule-isestrasse
79704025	de.grundschule-johannisland
79704039	de.grundschule-kaisersesch
79704420	de.grundschule-marschweg
79704451	de.grundschule-mendelssohnstrasse
79704541	de.grundschule-muemmelmannsberg
79704550	de.grundschule-muessenredder
79704605	de.grundschule-neugraben
79704780	de.grundschule-osterbrook
79705086	de.grundschule-sachsenweg
79705106	de.grundschule-sankt-antonius
79705115	de.grundschule-schaeferwiese
79705116	de.grundschule-schaeftlarn
79705427	de.grundschule-thadenstrasse
79705469	de.grundschule-tuerkenstrasse
79705504	de.grundschule-unterbiberg
79706058	de.grundschuleniedervellmar
79706173	de.grundschulservice
79706267	de.grundstein-thieme
79706287	de.grundsteuer-digital
79706293	de.grundsteuer-hamburg
79706304	de.grundsteuer-ratgeber
79706346	de.grundstueck-bewerten
79706433	de.grundsucher
79706466	de.grundvermoegen
79706779	de.grup-hh
79706908	de.gruppe-gme
79706955	de.gruppe-provita
79707099	de.gruppenangebote
79707226	de.gruppenrausch
79707503	de.gruss-hygiene
79707574	de.grusskartenportal
79707865	de.gs-am-anger
79708278	de.gs-cn
79708444	de.gs-eimbeckhausen
79708515	de.gs-ernst-reuter
79708594	de.gs-flurstrasse
79708619	de.gs-freiham
79708823	de.gs-gustl
79708872	de.gs-harlingerstrasse
79709182	de.gs-kirchenstrasse
79709225	de.gs-koelln-reisiek
79709908	de.gs-rechtsanwaelte
79710925	de.gsb-geruestbau
79710960	de.gsb-trier
79711022	de.gsblutenburg
79711089	de.gsc-gmbh
79711100	de.gsc-muenchen
79711259	de.gschwendtnerhof-chiemsee
79711328	de.gsd-karlsruhe
79711349	de.gsd-sicherheit
79711485	de.gseppendorf
79711512	de.gsf-immo
79711882	de.gshn-hamburg
79711924	de.gsi
79712203	de.gslaubenheim
79712763	de.gsr-nt
79712996	de.gssr
79713056	de.gst-muenchen
79713486	de.gsvmuenchen
79713665	de.gsxrforum
79713698	de.gt-autoglas
79714088	de.gtai-exportguide
79717220	de.gtw
79717600	de.guardini90
79717752	de.gubitz-partner
79717822	de.guck-nach
79717872	de.gucknach
79717961	de.guddas-utech
79718410	de.gudrunschittek
79718440	de.gudrunwoje
79718472	de.gueba
79718728	de.guelseren-demirel
79718969	de.guenstig-umzugsunternehmen
79719342	de.guenstigschlafen24
79719369	de.guenter-baechle
79719478	de.guenter-klotz
79719577	de.guenter-schierholz
79720297	de.guerillagastronom
79720878	de.guettis-fakten-blog
79720895	de.guetzkow
79721388	de.guide-muenchen
79721485	de.guidenex
79721842	de.guidopenz
79721934	de.guidowehrle
79722254	de.guitars-come-together
79723474	de.gundieshomeno15
79723671	de.gungoryilmaz
79723828	de.gunnarherrmann
79724303	de.gunwalt
79724868	de.gussbau
79725021	de.gustav-dinger
79725705	de.gut-essen-in-muenchen
79726032	de.gut-karlshoehe
79726243	de.gut-partner
79726605	de.gut-wulksfelde
79726683	de.gutach
79726694	de.gutachten-afa
79727070	de.gutachter-binder
79727089	de.gutachter-borgs
79727096	de.gutachter-brode
79727253	de.gutachter-immobilien-hamburg
79727501	de.gutachter-selzer
79727546	de.gutachter-topic
79727652	de.gutachterausschuss-hamburg
79727659	de.gutachterausschuss-muenchen
79727708	de.gutachtergruppe-nord
79727728	de.gutachterix
79727953	de.gutdesign
79728164	de.gute-inklusion
79728312	de.gute-reise-tipps
79728358	de.gute-tat
79728434	de.gutebeteiligung
79728616	de.guteleudefabrik
79728649	de.guten-morgen-kaffee
79728964	de.guter-rat
79729350	de.gutesrecht
79729540	de.gutglut
79729555	de.gutgrosssiemen
79729630	de.gutheidefeld
79729687	de.guthohenhain
79729929	de.gutmoor
79729989	de.gutrans
79730209	de.gutschein-zeitung
79731153	de.guttempler
79731329	de.gutzeit-steuerberatung
79731426	de.guv-hude
79731990	de.gvahamburg
79732056	de.gvd-immo
79732178	de.gvgnet
79732262	de.gvl
79732290	de.gvm-gross
79732370	de.gvov
79732577	de.gvvschoenau
79732841	de.gw-stgeorg
79732949	de.gwa-stpauli
79733109	de.gwdg
79733144	de.gweimsbuettel
79733462	de.gwharburg
79733488	de.gwi-boell
79733558	de.gwk-bonn
79733607	de.gwl-gmbh
79733621	de.gwlb
79733920	de.gwshop24
79734429	de.gyle
79734617	de.gym-ufg
79734630	de.gym-werdau
79734686	de.gymall
79734690	de.gymaltona
79734953	de.gymei
79734977	de.gymfi
79735207	de.gymnasium-alstertal
79735224	de.gymnasium-aschheim
79735256	de.gymnasium-blankenese
79735262	de.gymnasium-bondenwald
79735268	de.gymnasium-bornbrook
79735293	de.gymnasium-corveystrasse
79735321	de.gymnasium-eppendorf
79735336	de.gymnasium-farmsen
79735353	de.gymnasium-fuerstenried
79735392	de.gymnasium-heidberg
79735409	de.gymnasium-hochrad
79735422	de.gymnasium-hummelsbuettel
79735462	de.gymnasium-langenberg
79735485	de.gymnasium-lohbruegge
79735530	de.gymnasium-muenchen-moosach
79735543	de.gymnasium-neufreimann
79735544	de.gymnasium-neugraben
79735567	de.gymnasium-oberalster
79735582	de.gymnasium-ohmoor
79735589	de.gymnasium-otterndorf
79735591	de.gymnasium-ottobrunn
79735612	de.gymnasium-putzbrunn
79735615	de.gymnasium-rahlstedt
79735712	de.gymnasium-suederelbe
79735729	de.gymnasium-trudering
79735848	de.gymnasiummarkneukirchen
79736130	de.gymriem
79736138	de.gymsas
79737191	de.gyn-praxisklinik-harburg
79737289	de.gyn-sievekingsallee
79738246	de.gynschwabing
79738474	de.gyvename
79738488	de.gyya
79738763	de.gzimi
79739252	de.h-da
79739812	de.h-oppenheim
79740083	de.h-td
79740085	de.h-team-ev
79740149	de.h-uni
79740263	de.h-zelte
79740404	de.h2
79740451	de.h2-hh
79740462	de.h2-ingenieure
79740488	de.h2-non
79740541	de.h24hotels-beratung
79740693	de.h2non
79740750	de.h2o-protec
79740835	de.h2qsystems
79741273	de.ha-ru
79741275	de.ha-schneider
79741453	de.haag-kanzlei
79741479	de.haag-stb
79741616	de.haakefuechse
79742174	de.haard-camping
79742895	de.haarkonzept-toben-bremerhaven
79744773	de.haarwerkstatt-scheininger
79745305	de.haasen-hochzeit
79745664	de.habbel
79746335	de.habenschaden
79749071	de.hachenburger-frischlinge
79749174	de.hachinger-bach
79749185	de.hachinger-hof
79749256	de.hachmann-hausverwaltung
79750310	de.hacker-festzelt
79750432	de.hacker-school
79750514	de.hackerott
79750929	de.hadag
79750941	de.hadamitzky
79751317	de.haeberlstrasse-17
79752101	de.haendlerbund
79752291	de.haensel-gretel
79752294	de.haensel-gretel-kiga
79752468	de.haerlein
79752868	de.haeusl-hv
79753045	de.haewa
79753174	de.hafen-hamburg
79753236	de.hafen-rundfahrten
79753404	de.hafencity
79753414	de.hafencity-kanzlei
79753513	de.hafengeburtstag
79753636	de.hafenmaedchen
79753697	de.hafenpraxis-hamburg
79753888	de.hafenzeitung
79753927	de.haferkamp-immobilien
79753939	de.haferklang
79754220	de.hafn
79754318	de.hafo
79754517	de.hag-gesundheit
79754923	de.hagel-it
79755095	de.hagemann-tierbedarf
79755114	de.hagemeier
79755185	de.hagen-frey
79755315	de.hagen-triebsch
79755505	de.hagenhagen
79755712	de.hagerhof-chiemsee
79755823	de.hagk
79756073	de.hahn-apotheke-app
79756086	de.hahn-bad
79756455	de.hahnemann-beratung
79756651	de.hahnsinn
79756909	de.haidhausenfueralle
79756933	de.haidlanden586
79757223	de.haimhausen
79757234	de.haimikids
79757851	de.hair-queens-kings
79759159	de.hairstylistin-ayseipek
79759615	de.hajospringmann
79761402	de.halbeportion-hamburg
79762717	de.haldensleben
79763095	de.haleo
79764055	de.hall-of-fame-der-polizeihunde
79764195	de.halle
79764625	de.halle-saalekreis-netzwerk
79765613	de.hallertauer-hopfenerlebnishof
79765649	de.hallesche
79765708	de.hallespektrum
79766421	de.hallo-frau
79766717	de.hallo-manfred
79767422	de.hallobundestag
79767782	de.halloheinsberg
79767849	de.halloluise
79769511	de.halstenbek
79769547	de.halt
79769745	de.halteverbot-beantragen
79769791	de.halteverbotsschilder-mieten
79769879	de.haltungsturnen
79770463	de.hambruecken
79770482	de.hamburg
79770501	de.hamburg-airport
79770531	de.hamburg-arbeitsrecht
79770550	de.hamburg-auskenner
79770551	de.hamburg-auto-ankauf
79770557	de.hamburg-aviation
79770561	de.hamburg-badminton
79770563	de.hamburg-ballindamm
79770571	de.hamburg-basket
79770633	de.hamburg-buswerbung
79770639	de.hamburg-care
79770656	de.hamburg-city-webguide
79770661	de.hamburg-classic-rock
79770679	de.hamburg-dance-academy
79770680	de.hamburg-daressalaam
79770696	de.hamburg-diabetes
79770700	de.hamburg-digital-dabei
79770709	de.hamburg-dom-aktuell
79770752	de.hamburg-eyewear
79770757	de.hamburg-falsch-getankt
79770766	de.hamburg-ferienwohnungen-apartments
79770796	de.hamburg-frauenbiografien
79770802	de.hamburg-fuer-die-elbe
79770813	de.hamburg-gefahrgut
79770819	de.hamburg-gestaltet-inklusion
79770833	de.hamburg-greeter
79770847	de.hamburg-gymnastics
79770855	de.hamburg-hafenlauf
79770857	de.hamburg-halbmarathon
79770864	de.hamburg-harbour-event
79770910	de.hamburg-hotel-finden
79770918	de.hamburg-hram
79770924	de.hamburg-hypnosepraxis
79770935	de.hamburg-impft
79770955	de.hamburg-interkulturell
79770960	de.hamburg-internet
79770974	de.hamburg-judo
79770999	de.hamburg-klempner
79771016	de.hamburg-kurse
79771032	de.hamburg-leuchtfeuer
79771051	de.hamburg-lodge
79771056	de.hamburg-lotse
79771061	de.hamburg-maerkte
79771062	de.hamburg-magazin
79771087	de.hamburg-messe
79771096	de.hamburg-mitte
79771120	de.hamburg-nadine
79771122	de.hamburg-naturheilpraxis
79771138	de.hamburg-ns-dabeigewesene
79771143	de.hamburg-ol
79771151	de.hamburg-open
79771162	de.hamburg-pensionen
79771187	de.hamburg-port-authority
79771191	de.hamburg-postkolonial
79771195	de.hamburg-pride
79771196	de.hamburg-privatpraxis
79771204	de.hamburg-queer
79771208	de.hamburg-rahlstedt-online
79771231	de.hamburg-reporter
79771242	de.hamburg-rugby
79771276	de.hamburg-schulungen
79771332	de.hamburg-strassennamen
79771345	de.hamburg-szene
79771363	de.hamburg-testet-grundeinkommen
79771370	de.hamburg-tigers
79771373	de.hamburg-tischtennis
79771378	de.hamburg-tourism
79771431	de.hamburg-web
79771433	de.hamburg-webcams
79771450	de.hamburg-woman
79771478	de.hamburg2go
79771492	de.hamburgallstars
79771499	de.hamburgarbitrationdays
79771503	de.hamburgarts
79771507	de.hamburgasyl
79771530	de.hamburgbilder
79771536	de.hamburgboats
79771569	de.hamburgcruisedays
79771601	de.hamburger-allgemeine
79771609	de.hamburger-angler
79771619	de.hamburger-arbeit
79771620	de.hamburger-arbeitsassistenz
79771649	de.hamburger-bc
79771695	de.hamburger-computerservice
79771699	de.hamburger-containerdienst
79771720	de.hamburger-dom
79771738	de.hamburger-energietisch
79771741	de.hamburger-euthanasie-opfer
79771756	de.hamburger-finanztage
79771760	de.hamburger-fischmarkt
79771768	de.hamburger-fotofreaks
79771771	de.hamburger-fotospots
79771773	de.hamburger-fototage
79771787	de.hamburger-fuersorgeverein
79771811	de.hamburger-gesundheitsmanagement
79771837	de.hamburger-hafengeburtstag
79771869	de.hamburger-hospiz
79771882	de.hamburger-imker
79771884	de.hamburger-immobilien
79771927	de.hamburger-kammerspiele
79771944	de.hamburger-klimaschutzstiftung
79771952	de.hamburger-konservatorium
79771962	de.hamburger-kulturschluessel
79771967	de.hamburger-kunsthalle
79771968	de.hamburger-kurs
79772026	de.hamburger-motorsport-club
79772032	de.hamburger-musikum
79772059	de.hamburger-persoenlichkeiten
79772067	de.hamburger-platt
79772070	de.hamburger-polo-club
79772106	de.hamburger-sammelsurium
79772116	de.hamburger-schornsteinfeger
79772120	de.hamburger-schuelerkonzerte
79772133	de.hamburger-segel-club
79772149	de.hamburger-software
79772158	de.hamburger-spielhaeuser
79772161	de.hamburger-sportbund
79772164	de.hamburger-sportjugend
79772177	de.hamburger-stadtteile
79772180	de.hamburger-starthilfe
79772182	de.hamburger-steuerberater
79772187	de.hamburger-stiftungen
79772216	de.hamburger-tierschutzverein
79772223	de.hamburger-touri
79772243	de.hamburger-vergabetag
79772256	de.hamburger-wahlbeobachter
79772277	de.hamburger-wirtschaft
79772280	de.hamburger-wochenmaerkte
79772281	de.hamburger-wochenmarkt
79772283	de.hamburger-wohnstifte
79772313	de.hamburgerballschule
79772331	de.hamburgercomedypokal
79772340	de.hamburgerdjs
79772341	de.hamburgerdom
79772358	de.hamburgerfrauenhaeuser
79772364	de.hamburgergitarrenforum
79772398	de.hamburgerhv
79772407	de.hamburgerjobs
79772419	de.hamburgerkind
79772428	de.hamburgerkultur
79772435	de.hamburgerlebnis
79772463	de.hamburgerpersoenlichkeiten
79772473	de.hamburgerpuppentheater
79772493	de.hamburgersingles
79772499	de.hamburgersporttalent
79772502	de.hamburgerstadtpark
79772512	de.hamburgertaxenverband
79772526	de.hamburgerumzugsunternehmen
79772528	de.hamburgerunterwelten
79772545	de.hamburgerwohnen
79772556	de.hamburgfiets
79772579	de.hamburgguides
79772581	de.hamburghaber
79772584	de.hamburghandelt
79772609	de.hamburgi-magyarok-ev
79772618	de.hamburginnovation
79772628	de.hamburgische-buergerschaft
79772629	de.hamburgische-geschichten
79772637	de.hamburgischer-richterverein
79772638	de.hamburgisches-verfassungsgericht
79772667	de.hamburgliest
79772668	de.hamburgliestdraussen
79772687	de.hamburgmission
79772702	de.hamburgnotizen
79772725	de.hamburgportal
79772750	de.hamburgru
79772769	de.hamburgs-immobilienmakler
79772785	de.hamburgs-zauberer
79772791	de.hamburgsbester
79772797	de.hamburgsgaerten
79772812	de.hamburgsolar
79772822	de.hamburgsstundenull
79772838	de.hamburgteam
79772852	de.hamburgtowers
79772880	de.hamburgwaehlt
79772884	de.hamburgwasser
79772901	de.hamburgwissen-digital
79772910	de.hamburgzuzweit
79773123	de.hameyer-systemberatung
79773186	de.hamilton-musical
79773234	de.hamlet-ambarzumjan
79773383	de.hamm-wir-alles
79773401	de.hammabowl
79773449	de.hammans-kevelaer
79773882	de.hammerhardt
79774243	de.hammonia-hoermalnbetento
79774253	de.hammoniataxi
79774537	de.hamss
79774746	de.han-bestatter
79774780	de.han-yang
79774820	de.hanackundpartner
79774898	de.hanau
79775132	de.hand-ball-herz
79775675	de.handball-herdecke
79775780	de.handball-luchse
79775879	de.handball-sauerlach
79776280	de.handbuch-deutschland
79776301	de.handbuch-inge
79776307	de.handbuch-klimakrise
79776590	de.handelregister
79776813	de.handelskammer-hamburg
79776925	de.handelsregisterauszug
79776927	de.handelsregisterauszug-kostenlos
79776928	de.handelsregisterauszug-online
79777004	de.handelsvertreter-blog
79777356	de.handicap-bazar
79777404	de.handicap-unterricht
79777788	de.handmade-community
79778129	de.handrick-verlag
79778327	de.handsgallery
79778626	de.handundwerk-verein
79778834	de.handwerk-hsk
79778897	de.handwerk-macht-schule
79779064	de.handwerk-vermittlung
79779231	de.handwerker-heimwerker
79779825	de.handwerksblatt
79780576	de.handy-verloren
79781094	de.handyparken-muenchen
79781537	de.handyvertragvergleicher
79782082	de.hanfparade
79782189	de.hanfverband
79782520	de.haniel-stiftung
79782539	de.hanikabau
79782554	de.hanisauland
79782971	de.hanna-m-schilling
79783208	de.hannah-stiftung
79783506	de.hannalinnwiegel
79783780	de.hannekum-partner
79783818	de.hannelore-huebener
79783960	de.hannes-camper
79784064	de.hannes-roessler
79784122	de.hannesberressem
79784435	de.hanning-kahl
79784629	de.hannover
79784841	de.hannover-ip
79784846	de.hannover-jobanzeiger
79785006	de.hannover-stadt
79785346	de.hannoverservice
79785495	de.hanoi-bamberg
79785725	de.hans-bredow-institut
79785834	de.hans-ehm
79786006	de.hans-hesse
79786039	de.hans-huber-psychotherapie
79786048	de.hans-im-glueck
79786116	de.hans-josef-fell
79786846	de.hansa-gymnasium
79787060	de.hansafriesoythe
79787466	de.hanse-carport
79787602	de.hanse-innovation-campus
79787689	de.hanse-office
79787726	de.hanse-repair
79787870	de.hanseat-hamburg
79787880	de.hanseata
79788000	de.hanseaticbank
79788037	de.hanseatische
79788188	de.hansebubeforum
79788275	de.hansefeger
79788393	de.hansehund
79788439	de.hansekontor-wismar
79788527	de.hansemerkur
79788560	de.hansemoot
79788758	de.hansenanotec
79788979	de.hanserouten
79789028	de.hansesolartechnik
79789057	de.hansestadt-uelzen
79789108	de.hansetherm
79789111	de.hansetisch
79789144	de.hansevair
79789145	de.hansevalley
79789180	de.hansewerkstatt
79789207	de.hansfinner
79789406	de.hansimusic
79789481	de.hansjoerg-schmidt
79789608	de.hanslbauer-kruen
79789850	de.hanssauerstiftung
79790445	de.hapede
79790519	de.hapke
79790656	de.happen-motorsport
79791067	de.happy-haus-bau
79791137	de.happy-immo
79792108	de.happyhunde
79792478	de.happyshooting
79792793	de.haptografie
79792846	de.harabau
79792965	de.harald-heinze
79793630	de.harbuch
79793631	de.harburg
79793633	de.harburg-aktuell
79793671	de.harburg21
79793676	de.harburger-binnenhafen
79793686	de.harburger-hafenfest
79793703	de.harburger-theater
79793707	de.harburger-weihnachtsmarkt
79793836	de.hardal
79794788	de.hardyfunk
79794913	de.harenberg-kalender
79795083	de.hargenwieser-hof
79795628	de.harmes
79795657	de.harmonia-immobilien
79795982	de.harmonievon1865
79796507	de.haro-gruppe
79796653	de.harput-immobilien
79797123	de.harrykleinclub
79797415	de.hart-brasilientexte
79797497	de.harte--zeiten
79797524	de.harteck-judo
79797712	de.hartheim
79797935	de.hartlieb
79798809	de.hartnick
79798982	de.hartwich-iso
79799130	de.hartz4antrag
79799147	de.hartz4widerspruch
79799608	de.harzbahn-forum
79800025	de.harzinfo
79800114	de.harzletter
79800766	de.hasenapotheke
79801089	de.hasford
79801255	de.hashtagstyle
79801344	de.hasko03
79801351	de.haslach
79801457	de.haspa
79801470	de.haspa-hamburg-stiftung
79801474	de.haspa-insider
79801477	de.haspa-marathon-hamburg
79801518	de.haspo-bayreuth
79801590	de.hassberge
79801682	de.hasselbergerhof
79801696	de.hasselburg
79802116	de.hastrast
79802153	de.hasys
79803067	de.hattingen
79803258	de.hatv
79803312	de.hatzak
79803862	de.haubner-stb
79804009	de.hauchler
79804275	de.haufe
79805553	de.hauptanalyse
79805579	de.hauptblick
79805639	de.hauptjournal
79805648	de.hauptkirche-stnikolai
79805694	de.hauptmeldung
79805727	de.hauptreport
79805883	de.hauptschuetzen
79806068	de.hauptstadt-news
79806126	de.hauptstadtdetektei
79806523	de.haus-am-bauernsee
79806613	de.haus-am-hang
79806788	de.haus-am-see-hohenhorst
79806986	de.haus-anna-elbe
79807186	de.haus-bayerland
79807205	de.haus-bellavista
79807472	de.haus-carla-buesum
79807964	de.haus-design
79808032	de.haus-drei
79809578	de.haus-hensel
79810593	de.haus-katrin
79811214	de.haus-leer
79811259	de.haus-lenzen
79811648	de.haus-marianne-inzell
79813187	de.haus-rosenwirth
79814711	de.haus-und-grund-muenchen
79815218	de.haus-zauberberg
79815328	de.haus313
79816290	de.hausanker
79816408	de.hausarzt-am-schlosspark
79816834	de.hausarzt-forum-winterhude
79817001	de.hausarzt-hemmoor
79817347	de.hausarzt-marienplatz
79818092	de.hausarztharlaching
79818217	de.hausarztpraxis-am-romanplatz
79818847	de.hausarztpraxis-isartor
79819566	de.hausarztpraxis-untergiesing
79819654	de.hausarztpraxis-wetzel
79819709	de.hausarztpraxis116
79819893	de.hausarztzentrum-kemnade
79820070	de.hausbau
79820220	de.hausbau-trends
79820238	de.hausbauanleitung
79820266	de.hausbauhelden
79820302	de.hausbautipps24
79820373	de.hausbesitzer-news
79820505	de.hausboot-jonathan
79820515	de.hausboot-lu
79820868	de.hausderfamilie
79820982	de.hausderkunst
79821022	de.hausderpressefreiheit
79821037	de.hausderschueler
79821187	de.hausdienstleistung-wieth-dresden
79821234	de.hausduvenstedt
79821306	de.hausen-im-wiesental
79821338	de.hausenergieforum
79821342	de.hausengel
79821438	de.hauser-puchheim
79821505	de.hausernhof
79821706	de.hausfuerkinder-hl-engel
79821824	de.hausgemacht-muenchen
79822147	de.haushacks
79822257	de.haushalts-magazin
79822512	de.haushaltsbibel
79822714	de.haushaltsliebling
79822779	de.haushaltssteuerung
79823136	de.hauskarinamsee
79823537	de.hausmann-hausverwaltung
79824107	de.hausmeisterei-eisenreich
79824177	de.hausmeisterservice-bauhof
79824184	de.hausmeisterservice-benz
79824407	de.hausmeisterservice-lechner
79824533	de.hausmeisterservice-schoenherr
79824664	de.hausmeisterservicesykora
79824855	de.hausnotruf-ratgeber
79824908	de.hausnummervier
79825633	de.haustec
79825978	de.haustechnik-heidrich
79826084	de.haustechnik-karasch
79826712	de.haustechnikdialog
79826962	de.haustiere-heute
79827316	de.hausundgrund
79827593	de.hausundwerk
79827729	de.hausverwalterscout
79827829	de.hausverwaltung-buelow
79828096	de.hausverwaltung-keyser
79828201	de.hausverwaltung-marcomueller
79828391	de.hausverwaltung-schober
79828587	de.hausverwaltungdiedenhofen
79828746	de.hauswaldt-partner
79828906	de.hauswirtschaftliche-beratung
79829623	de.hautarzt-johannis
79830072	de.hautarztpraxis-bergedorf
79830528	de.hautkrebs-netzwerk
79831090	de.hautzentrum-karlsruhe
79831174	de.hav
79831267	de.havanadiner
79831795	de.havelland24
79831828	de.havelnarren
79832041	de.havereport
79832159	de.havn-copenhagen-streetfood
79832212	de.haw-hamburg
79832398	de.haweko-group
79832435	de.hawepro
79832497	de.hawk
79832694	de.hay26
79833566	de.hbc-hanau
79833682	de.hbfhh
79833862	de.hbk-bs
79833873	de.hbk-hh
79834026	de.hboeck
79834131	de.hbrt
79834259	de.hbs-wp
79834311	de.hbt
79834369	de.hbup
79834421	de.hbv-umzug
79834504	de.hbz-nord
79834610	de.hc-gonsenheim
79834845	de.hcatplus
79834926	de.hccr
79835447	de.hcu-hamburg
79835629	de.hd-faekal
79835644	de.hd-filmtransfer
79836104	de.hdbg
79836460	de.hdi
79836528	de.hdj-hohenhorst
79836539	de.hdj-niendorf
79836713	de.hdm-transfer
79836958	de.hds-hamburg
79836979	de.hds-muenchen
79837036	de.hdshamburg
79837048	de.hdsmusic
79837293	de.hdz-trockenbau-bad-salzuflen
79837536	de.head2mind
79839376	de.health4you-muenchen
79839441	de.healthcare-bayern
79840159	de.heartbeat-fotografie
79841595	de.heavensgate-muc
79842082	de.hebamme-barleben
79842554	de.hebamme-hawley
79842956	de.hebamme-kuestenkind
79843025	de.hebamme-leonie-fernandez
79843662	de.hebamme-sohnius
79843844	de.hebamme-viktoria
79843981	de.hebammebergedorf
79844161	de.hebammen-amandastrasse
79844171	de.hebammen-bauchgefuehl
79844509	de.hebammenfuerdeutschland
79844555	de.hebammenherz
79844558	de.hebammenhilfe-fuer-fluechtlinge
79844917	de.hebammenpraxis-linden
79845140	de.hebammenpraxis-winterhude
79845274	de.hebammenverband-hamburg
79845760	de.hebertshausen
79846644	de.heckler-steuerkanzlei
79846746	de.heckschen-salomon
79847359	de.heeder
79847479	de.heeme-fehlste
79847495	de.heenemann
79847627	de.heerlein-zindler-stiftung
79847645	de.heero-motors
79847739	de.heeslingen
79847773	de.heey
79848568	de.hegger-immobilien
79848950	de.heid-immobilienbewertung
79848951	de.heid-immobilienmakler
79848976	de.heidari-anklam
79849037	de.heide-apotheke-hamburg-app
79849103	de.heide-express
79849240	de.heide-podologie
79849443	de.heidefarmen
79849561	de.heidehof-radenbeck
79849653	de.heidekreis
79850524	de.heidenheim
79850656	de.heidepark-muenchen
79850679	de.heidepodologie
79850810	de.heideruh
79850908	de.heidetor
79851232	de.heidi-toolbox
79851514	de.heidivomlande
79851565	de.heidkrug
79851611	de.heidmuehlen
79852260	de.heike-kirsch
79852812	de.heikekraemer
79853168	de.heikeweisser
79853732	de.heikotel
79854033	de.heilberufe-projekt
79854403	de.heilendestadt
79854726	de.heilig-geist-evangelisch
79854803	de.heilig-kreuz-volksdorf
79855278	de.heilkraeuter-infos
79855376	de.heilkunde-samani
79855402	de.heilkundezentrum-midgard
79855448	de.heilkurorte
79855734	de.heilpflanzen-welt
79855837	de.heilpraktiker-ab
79855884	de.heilpraktiker-arno-kreuer
79855893	de.heilpraktiker-aus-kiel
79855980	de.heilpraktiker-boettner
79856214	de.heilpraktiker-gratzl
79856380	de.heilpraktiker-in-wandsbek
79856402	de.heilpraktiker-jg
79856664	de.heilpraktiker-niemann2008
79856784	de.heilpraktiker-psychotherapie-ausbildung-hug
79856965	de.heilpraktiker-schwabing-muenchen
79857244	de.heilpraktikerfunke
79857600	de.heilpraktikerin-helms
79857953	de.heilpraktikerin-prokopp
79857977	de.heilpraktikerin-puttkammer
79858108	de.heilpraktikerin-sonja-langrock
79858517	de.heilpraktikerskripte
79858533	de.heilpraktikerverband
79858923	de.heilpraxis-goettmann
79859007	de.heilpraxis-heinrich
79859052	de.heilpraxis-horn
79859078	de.heilpraxis-in-potsdam
79859529	de.heilpraxis-schenkel
79859681	de.heilpraxis-toelstede
79859723	de.heilpraxis-violettafreissle
79859735	de.heilpraxis-vonahn
79860082	de.heilsarmee
79860426	de.heilwig
79860541	de.heim-handwerk
79860648	de.heim-watt
79860666	de.heimaat
79860783	de.heimat
79860809	de.heimat-bayern
79860856	de.heimat-fanpage
79860980	de.heimat-nachrichten
79860989	de.heimat-niederbayern
79861123	de.heimat123
79861257	de.heimatbund-lm
79861284	de.heimatbund-stormarn
79861331	de.heimatecho
79861405	de.heimatforschung-elbe-heide
79861642	de.heimathafen-pflege
79862825	de.heimatverein-frielingen
79862838	de.heimatverein-garching
79863221	de.heimatverein-moelkau
79863400	de.heimatverein-reichenberg
79863526	de.heimatverein-selm
79863909	de.heimatwurzel
79863926	de.heimaufsicht-muenchen
79864008	de.heimberlin
79864298	de.heimhelden
79864453	de.heimkinofan
79864577	de.heimo-bucerius
79864636	de.heimrevolte
79864643	de.heimrichten
79864676	de.heimseiten
79864682	de.heimserv
79865106	de.heimwerker
79865143	de.heimwerker-news
79865542	de.heine-mattern
79865544	de.heine-meins
79865627	de.heinegym
79865699	de.heinemann-hampel
79865975	de.heinerbike
79866052	de.heinermetzger
79866054	de.heinermonheim
79866137	de.heinfiete
79866664	de.heinrich-hertz-schule-hamburg
79866763	de.heinrich-mann-gesellschaft
79867227	de.heinrichsimmobilien
79867284	de.heins-farchant
79867305	de.heinsberg-heute
79867369	de.heinsohn-partner
79867499	de.heinz-bosl-stiftung
79868701	de.heiratsantragsring
79868710	de.heiratsinsider
79868828	de.heise-homepages
79868863	de.heise-regioconcept
79868864	de.heise-regiolisting
79868880	de.heise-webseiten
79868908	de.heiselatlas
79868985	de.heisiba
79869014	de.heisingen-zahnarzt
79869702	de.heitmannix
79869707	de.heitmannsgasthof
79870007	de.heizkassette365
79870040	de.heizkoerper-wissen
79870516	de.heizung
79871064	de.heizung-sanitaer-freitag
79871474	de.heizung-wuerz
79871588	de.heizungs-sanitaertechnik-bielefeld
79871679	de.heizungsbau-engelmann
79871956	de.heizungsbetrieb
79871990	de.heizungsfinder
79871991	de.heizungsfirma
79872043	de.heizungsmaenner
79872234	de.heizwerk-gmbh
79873286	de.heldenlauf
79873324	de.heldenrat-gmbh
79874144	de.helfen-muenchen
79874365	de.helferkreis-asyl-kirchheim
79874595	de.helga-elstner
79874628	de.helga-huegenell
79874629	de.helga-ingo
79874708	de.helga-stoedter-stiftung
79874760	de.helgacup
79874970	de.helge-wolanska
79875029	de.helgemasch
79875473	de.helin-grill-lieferservice
79875592	de.helios-gesundheit
79875735	de.helipictures
79875848	de.heliumshop
79875851	de.heliumversand
79876059	de.hellabrunn
79876086	de.hellas-apotheke
79876552	de.heller-partner
79876620	de.hellerich
79877046	de.hellmuth-michaelis
79877076	de.hello-arbeitswelt
79877131	de.hello-hund
79877444	de.hellomonday
79877849	de.hellwegradio
79877885	de.hellwig-immobilien
79878205	de.helmholtz
79878227	de.helmholtz-helena
79878238	de.helmholtz-hzi
79878250	de.helmholtz-nachhaltigkeit
79878396	de.helmreich-gruppe
79878406	de.helms
79878459	de.helmstadt-bargen
79878540	de.helmut-barz
79878591	de.helmut-ecker-stiftung
79878639	de.helmut-groetschel
79878848	de.helmut-schmidt
79878896	de.helmut-swoboda
79879035	de.helmutheim
79879170	de.helmutschmidtgymnasium
79879353	de.help-line
79879537	de.helpfully
79879633	de.helpline-online
79879638	de.helpling
79879694	de.helpstore
79879786	de.helsut
79879789	de.helta
79880094	de.hemby
79880195	de.hemer
79880820	de.hemsing-partner
79881189	de.hendrikhamel
79881609	de.henico
79881739	de.henked
79882447	de.hennig-sanitaer-heizungsbau
79882693	de.henning-von-riegen
79882768	de.henningerarchitekt
79882803	de.henninghomeier
79882891	de.henningschuerig
79883391	de.henrike-ortwein
79883570	de.henry-dohrn
79883591	de.henry-john
79883815	de.henrytown
79883832	de.hensche
79884115	de.hentak
79884224	de.henw-kommunalenergie
79884225	de.henw-mobil
79884248	de.henze-dachdeckermeister
79884337	de.heos
79884508	de.hephephurra
79884596	de.heppenheimerbach
79884820	de.heraeus-bildungsstiftung
79885209	de.herberge-fuer-menschen
79885899	de.herborn
79885965	de.herbrechtingen
79886017	de.herbst-bedachungen
79886451	de.herceg-gmbh
79887159	de.hereon
79887294	de.herford-elektro
79889230	de.herlindekoelbl
79889426	de.hermann-arzt
79889665	de.hermann-lenz-stiftung
79890168	de.hermannsreuth
79890467	de.hermeskeil
79890605	de.hermoney
79890734	de.hernelokal
79891277	de.heroesintown
79891487	de.heroinstudie
79896079	de.herrieden
79896407	de.herrkules
79896438	de.herrlarbig
79897064	de.herrmann-hno-wilkau
79897847	de.herrmess
79897869	de.herrmix
79897888	de.herrmuellerfotografiert
79897979	de.herrnhut
79898364	de.herrschinger-spiegel
79898511	de.herrwig
79898569	de.herschdurfer-karneval
79898623	de.hersfelder-kirchenmusik
79899313	de.hertha-dampfer
79899869	de.hertz
79899944	de.hertz-selck
79901858	de.herz-und-schnauze
79901962	de.herzapotheken-hamburg-rahlstedt
79902254	de.herzbluttigerevents
79902731	de.herzenimlicht
79903171	de.herzensgesang
79904006	de.herzenswuensche-ol
79904415	de.herzfrohlocken
79905457	de.herzkissen-muenchen
79906344	de.herzmedizin
79906508	de.herzog-biendarra
79906835	de.herzogtum-direkt
79906843	de.herzogtum-lauenburg
79907216	de.herzraum-ktp
79907315	de.herzretter
79910110	de.hesse-museum-gaienhofen
79910524	de.hessen
79912535	de.hessisch4fashion
79912851	de.hessisches-krebsregister
79913760	de.hettenbohne
79914313	de.heubach
79914574	de.heudorfer-apotheke
79914790	de.heuking
79915667	de.heusenstamm
79915820	de.heuser-webentwicklung
79916125	de.heute-erlebt
79916526	de.heuteinhamburg
79917194	de.hevi-grill
79920382	de.heydekamp
79921533	de.heylead
79921763	de.heymann-friends
79922021	de.heymwerker
79923372	de.hf-penny
79923554	de.hf294-maltzahn
79923708	de.hfbk
79923710	de.hfbk-hamburg
79923729	de.hfc-bremen
79923924	de.hff-muc
79923925	de.hff-muenchen
79924342	de.hfk-hh
79924345	de.hfk-koenigin-des-friedens
79924518	de.hfmt-hamburg
79924519	de.hfmt-koeln
79924692	de.hfp-steuer
79924811	de.hfri
79925195	de.hfv
79925577	de.hg-hh
79926145	de.hg1316
79926359	de.hgb-leipzig
79927273	de.hgkoethen
79928289	de.hgsv
79928729	de.hgv-messstetten
79928732	de.hgv-moeglingen
79928954	de.hgvg
79928955	de.hgvg-mbh
79929222	de.hh
79929352	de.hh-bestattungen
79929507	de.hh-elbtherapie
79929631	de.hh-hamm
79929662	de.hh-heute
79929738	de.hh-inside
79930210	de.hh-taxi
79930226	de.hh-tierarzt
79930230	de.hh-tipps
79931205	de.hhg-muenchen
79931246	de.hhguide
79931560	de.hhl
79931594	de.hhla
79931660	de.hhlv
79931744	de.hhmusicalcompany
79931783	de.hhnd
79931919	de.hhopcast
79932183	de.hhs-schaedlingsbekaempfung-bremen
79932184	de.hhs-schaedlingsbekaempfung-oldenburg
79932292	de.hhsps
79932400	de.hhtrifftbgl
79932546	de.hhws
79932744	de.hi-deutschland-projekte
79933432	de.hi-tidev
79933638	de.hiah
79934614	de.hiconline
79934740	de.hida4
79934755	de.hidalgofestival
79934956	de.hidden-places
79936295	de.hieper
79936315	de.hier-aktuell
79936532	de.hier-im-netz
79936735	de.hier-luebeck
79937899	de.hierunda
79938170	de.hiess-verwaltungsrecht
79938443	de.hifi-concept
79938901	de.hifi-tv-rack
79939054	de.hificoncept
79939497	de.higero
79940175	de.high-mobile
79940456	de.high-society
79940891	de.highclassescortwerden
79941522	de.highest-darmstadt
79941624	de.highfish-fin
79941744	de.highfood
79942115	de.highlandgames-hamburg
79944212	de.hightech-und-blech
79945132	de.hiig
79945395	de.hikb
79945736	de.hiko-berlin
79946920	de.hildegard-frosch
79947669	de.hildundk
79947786	de.hilfe-bei-burnout
79947959	de.hilfe-fuer-maedchen
79948028	de.hilfe-heidelberg
79948116	de.hilfe-portal-missbrauch
79948142	de.hilfe-ua
79948176	de.hilfe-zuhause
79948231	de.hilfedaheim
79948509	de.hilfenetzwerke
79948636	de.hilfetelefon
79949256	de.hilfsmittelverlag
79949366	de.hilfssheriff
79950288	de.hillbrecht
79951043	de.hillmann-uebersetzungen
79951098	de.hillmer-malereibetrieb
79951883	de.hilpert-energie
79951915	de.hilpoltstein
79951950	de.hilscher
79952020	de.hiltensperger-apotheke-muenchen
79952692	de.himalaya-mannheim
79953715	de.himmelende
79955164	de.himo
79955267	de.hin
79956012	de.hinkelbein
79956307	de.hinnerwisch-verlag
79956697	de.hinsch
79957441	de.hintergrund
79959097	de.hinzundkunzt
79959584	de.hiphop
79959751	de.hiphopacademy-hamburg
79960801	de.hippocampus-kita
79960806	de.hippocampus-restaurant
79961584	de.hiqff
79961655	de.hira-bedachung
79962225	de.hirnbloggade
79962249	de.hirnerundriehl
79962316	de.hirnrinde
79962361	de.hirntumor
79962395	de.hiro
79963490	de.hirschgarten
79963495	de.hirschgarten-online
79964753	de.his-he
79964807	de.his-online
79965200	de.hispanorama
79965202	de.hispanovision
79965207	de.hispedia
79965759	de.histomich
79966084	de.historigations
79966108	de.historiker-stefan-winckler
79966117	de.historikergenossenschaft
79966131	de.historikertag
79966869	de.historischegaerten
79967352	de.historisches-lexikon-bayerns
79967554	de.historischeszentrum-duisburg
79967716	de.historyluebeck
79968084	de.hit-forschung
79968649	de.hitec-hamburg
79968702	de.hitech-campus
79968746	de.hitechhelden
79970192	de.hitzacker-elbe-bellevue
79970456	de.hitzeservice
79970755	de.hiv-sti-fortbildung
79970817	de.hivandmore
79971287	de.hiwt
79971376	de.hiyo-golf
79972815	de.hk-brandschutz
79973109	de.hk-handinhand
79973278	de.hk-kunststofftechnik
79974091	de.hkbis
79974132	de.hkc-online
79974711	de.hkk-landschaftsarchitektur
79976747	de.hl-hydraulik
79977836	de.hlg-hamburg
79978129	de.hlkv
79978414	de.hlrn
79978418	de.hlrs
79979197	de.hm-automobilservice
79979331	de.hm-infinity
79979470	de.hm-middendorf
79982733	de.hms-thoemmes
79983157	de.hmtm
79983158	de.hmtm-hannover
79983267	de.hmv-hamburg
79983710	de.hn-praxis
79984284	de.hnf
79984342	de.hng-wob
79984689	de.hno-ahmadi-hannover
79984770	de.hno-am-lister-platz
79986305	de.hno-lehel
79986885	de.hno-praxis-duisburg
79987110	de.hno-praxis-westkreuz
79987295	de.hno-rotkreuz
79988984	de.hntonline
79989057	de.hnw-fulda
79989310	de.hoabergmusi
79989926	de.hobbie
79989932	de.hobbie-rhodo
79990127	de.hobby-barfuss-renaissance-forum
79990737	de.hobby-spotter
79991938	de.hobbyschneiderin
79992381	de.hobdee
79992809	de.hobytes
79993130	de.hoch-sprung
79993141	de.hoch-terrassen-stand
79993390	de.hochbahn
79995212	de.hochhausstop
79995792	de.hochschule-bochum
79995848	de.hochschule-stralsund
79995929	de.hochschulkompass
79996029	de.hochschulstart
79996063	de.hochschulverband
79998021	de.hochwertiger-content
79999180	de.hochzeit-karikaturist
80001032	de.hochzeitsfarben
80001701	de.hochzeitsfotograf-hoffmann
80001742	de.hochzeitsfotograf-in-nrw
80002166	de.hochzeitsfotograf-videograf
80002480	de.hochzeitsfotografie-hamburg
80002586	de.hochzeitsfotografie-nordheide
80005087	de.hochzeitsplanung-katharina-winkelmann
80005221	de.hochzeitsprofis-hannover
80005330	de.hochzeitsredner-freie-trauung
80005735	de.hochzeitsscout24
80005943	de.hochzeitstreff
80006123	de.hock-partner
80006220	de.hockenheim
80006346	de.hockey
80006498	de.hockey-pasing
80007531	de.hoderhof
80007553	de.hodey
80007583	de.hodgkinlymphom
80008326	de.hoed-digital
80011360	de.hoeltigbaum
80011551	de.hoelzerbraeu
80012700	de.hoer-doch-mal-zu
80012856	de.hoer-von-knoop
80013447	de.hoerber-hetzner
80014299	de.hoerenz-orthopaedie
80014309	de.hoerer-helfen-kindern
80015518	de.hoergeraete-moeckel
80015715	de.hoergeraete-seifert
80016414	de.hoerkids
80016437	de.hoerkomm
80016452	de.hoerkonzepte
80016482	de.hoerl-hartmann
80017812	de.hoerspielkritik
80017924	de.hoerstel-aktuell
80017930	de.hoerstel-immobilien
80020536	de.hof-eggers-in-der-ohe
80020537	de.hof-eggerstedt
80020814	de.hof-gayenberg
80021127	de.hof-heisterbusch
80021971	de.hof-medewege
80021999	de.hof-menzinger
80022149	de.hof-news
80023298	de.hof-warnecke
80023369	de.hof-woermbke
80023588	de.hofbauer-immobilien
80023729	de.hofbrandt
80025425	de.hoffmann-metallhandel
80027156	de.hoffnungsorte-hamburg
80028471	de.hofkulturblog
80029763	de.hofmann-energien
80030469	de.hofmann-vers
80030598	de.hofmannchemie
80030849	de.hofmannundzeiher
80031664	de.hofroehl
80032061	de.hofstetten-hagenheim
80032703	de.hog-jarek
80032909	de.hoga-presse
80033271	de.hoge-uebler
80033454	de.hogn
80034222	de.hohenberg-gmbh
80034407	de.hohenfels
80034527	de.hohenhorst-handball
80034968	de.hohenpriessnitzerheimatfreunde
80035775	de.hohlweg
80036524	de.hoitlingen
80038126	de.holder-si
80039111	de.holger-buhr
80039801	de.holger-lueders
80041077	de.holgerhelper
80041281	de.holgerkoch
80041340	de.holgerkrupp
80042587	de.holiday-pics
80042808	de.holidaycoaching
80044804	de.holisticfitness
80048952	de.holmelin
80048987	de.holmer-stahncke
80049473	de.holocaustliteratur
80050305	de.holsatia-gmbh
80050439	de.holst-sozialdemokrat
80050627	de.holstein-stoerche-forum
80051493	de.holtermann-shop
80056187	de.holz-und-hobby
80056800	de.holzapfel-reha
80056975	de.holzart-hamburg
80057651	de.holzbau-dawen
80058852	de.holzbau-netzwerk-nord
80064424	de.holzheim-eifeldorf
80064463	de.holzheizer-forum
80065160	de.holzkollektiv
80066311	de.holzmuehlen-apotheke
80066368	de.holznamensschild
80066937	de.holzpelletseinkauf-nordhessen
80068403	de.holzspalter-tests
80068989	de.holztechnik-bernickel
80070162	de.holzvomfach
80070673	de.holzwerken
80070844	de.holzwerkstatt-helmeke
80071112	de.holzwirt-ascholding
80071969	de.homberg
80073440	de.home-messe
80074396	de.home2home-umzug
80074589	de.homeandsmart
80074765	de.homeback
80076225	de.homegeparkt
80076629	de.homeinstead
80077046	de.homelifegarden
80078597	de.homeofwellbeing
80079109	de.homepage-hund
80079865	de.homepagemodules
80081063	de.homesharer
80081954	de.homesupport-hamburg
80084380	de.homoeopathiehamburg
80084565	de.homoeopathischer-notdienst
80084964	de.homowiki
80086145	de.honestdog
80086911	de.hong-an
80086935	de.hongdangdesign
80088265	de.hooksiel-life
80088473	de.hoou
80088528	de.hopa
80088891	de.hopfenberg-restaurant-erfurt
80089692	de.hor-muenchen
80090032	de.horibo
80090271	de.horizonte-gegen-depression
80090308	de.horizonteentdecken
80090927	de.hornerfreiheit
80091366	de.horoskopmuenchen
80092142	de.horst-busch
80092343	de.horst-mueller
80092573	de.horstgibtgas
80092952	de.hort-tigerente
80093035	de.hortica
80093054	de.hortigate
80093244	de.horvath-gesellschaft
80094030	de.hospiz-palliativ-bw
80094032	de.hospiz-palliativ-nds
80094151	de.hospiz-verlag
80094428	de.hospizgruppe-deizisau-altbach
80095090	de.hostel-nanina
80095274	de.hosting-agency
80095405	de.hostingkunde
80096217	de.hotel-adlerbraeu
80096222	de.hotel-admiral
80096287	de.hotel-alfa
80096506	de.hotel-am-elbufer
80096631	de.hotel-am-moosfeld
80096816	de.hotel-ambiente-muenchen
80096993	de.hotel-ars-vivendi
80097076	de.hotel-aufkirchen
80097211	de.hotel-bauer-keller
80097317	de.hotel-berggeist
80097409	de.hotel-biederstein
80097468	de.hotel-blauer-karpfen
80097806	de.hotel-carmen
80097926	de.hotel-commodore
80098034	de.hotel-demas
80098263	de.hotel-eder
80098372	de.hotel-engel-hamburg
80098405	de.hotel-erb
80098406	de.hotel-erber
80098467	de.hotel-europa
80098877	de.hotel-garni-gutenbach
80098941	de.hotel-gasthaus-haase
80099078	de.hotel-gio
80099320	de.hotel-hafen-hamburg
80099321	de.hotel-hafen-hitzacker-elbe
80099402	de.hotel-hanseport
80099797	de.hotel-horb
80100008	de.hotel-inspektor
80100028	de.hotel-isartaler-hof
80100029	de.hotel-isartor
80100293	de.hotel-kloevensteen
80100392	de.hotel-konradp
80100402	de.hotel-kornspeicher
80100450	de.hotel-kreuzer
80100649	de.hotel-landhausambiente
80100703	de.hotel-lechnerhof
80100814	de.hotel-lindenhof-heist
80101032	de.hotel-mariahilf
80101074	de.hotel-maske
80101347	de.hotel-mutz
80101405	de.hotel-neugrabener-hof
80101423	de.hotel-neuwirt
80101472	de.hotel-norderstedt
80101508	de.hotel-nummerhof
80101563	de.hotel-ohlenhoff
80101573	de.hotel-olympic
80101578	de.hotel-opera
80101604	de.hotel-ostler
80101622	de.hotel-ovelgoenner-hof
80101936	de.hotel-post-grainau
80101972	de.hotel-praesident
80102569	de.hotel-rothof
80102600	de.hotel-ruhpoldinger-hof
80102688	de.hotel-sauerlacher-post
80102761	de.hotel-schiller
80102781	de.hotel-schlicker
80103085	de.hotel-sellhorn
80103124	de.hotel-silber
80103300	de.hotel-stachus
80103392	de.hotel-stadtpark-buxtehude
80103402	de.hotel-stangl
80103452	de.hotel-sterff
80103651	de.hotel-thalmair
80103654	de.hotel-the-k
80103747	de.hotel-traumschmiede
80103785	de.hotel-uhland
80103911	de.hotel-villa-rosa
80104004	de.hotel-waldcafe
80104945	de.hotelambeatlesplatz
80105097	de.hotelanderoper
80105373	de.hotelbuchenhain
80105376	de.hotelbucht
80105383	de.hotelbudapesterhof
80105834	de.hotelgarnidemmel
80105939	de.hotelguide
80106073	de.hotelier
80106104	de.hotelinfodienst
80106226	de.hotelkoeppeleck
80106286	de.hotellaimerhof
80106304	de.hotellerie
80106432	de.hotelmetropol
80106439	de.hotelmirabell
80106480	de.hotelmuenchen-ritzi
80106500	de.hotelnest
80106580	de.hotelparadiese
80106612	de.hotelpension-heidelberg
80106676	de.hotelpost-aschheim
80107334	de.hotelspecials
80107650	de.hotelweilheim
80107686	de.hotelwiese
80107775	de.hotelzumforst
80107988	de.hoti-entruempelung
80108004	de.hoting-zahnarztpraxis
80108423	de.hotspots-hamburg
80108429	de.hotspotsofart
80109422	de.houseoftravel
80109676	de.hovawarte-hamburg
80109777	de.hovawarte-vom-teckenhahn
80110020	de.how-to-almanya
80110045	de.how-to-wordpress
80110057	de.how2dubai
80110395	de.hoxha-malerbetrieb
80110403	de.hoxhaj-service
80110966	de.hp-hoescheler
80111325	de.hp-psycho-logisch
80111537	de.hp-tischlerei-berlin
80111813	de.hpd
80112103	de.hpk-polizei
80112120	de.hpkj-ev
80112336	de.hpn-muenchen
80112366	de.hpo-berlin
80112455	de.hpp-praxis
80112530	de.hppsychotherapie-holthaus
80112548	de.hpr-hamburg
80113085	de.hqic
80113669	de.hra-hamburg
80113887	de.hreiser
80114046	de.hrk
80114097	de.hrm
80114196	de.hro1
80114289	de.hrrf
80114406	de.hrsm
80114447	de.hrtalk
80114649	de.hs-ansbach
80114669	de.hs-augsburg
80114727	de.hs-bremen
80114902	de.hs-fulda
80114974	de.hs-harz
80115181	de.hs-merseburg
80115217	de.hs-nb
80115246	de.hs-offenburg
80115256	de.hs-osnabrueck
80115746	de.hsba
80116539	de.hsg-melle
80116603	de.hsg-pohlheim
80116727	de.hsg-wohnen
80116845	de.hsgroemerwall
80116905	de.hsh-hamburg
80117081	de.hsjb
80117212	de.hsk1830
80117387	de.hsm-oc
80117395	de.hsm-rohrreinigungsservice
80117426	de.hsma
80118059	de.hsu-hh
80118060	de.hsu-hh-alumni
80118086	de.hsv
80118280	de.hsv-groebenzell
80118655	de.hsva
80118847	de.hswt
80118894	de.hszg
80119152	de.ht16
80119251	de.htb62-leichtathletik
80119694	de.htmh
80120062	de.htsb-ev
80120113	de.htta
80120286	de.htw-berlin
80120289	de.htw-dresden
80120331	de.htwg-konstanz
80120384	de.hu-berlin
80120478	de.hu30
80120978	de.huber-kollegen
80121343	de.hubert-consulting
80121484	de.hubert-wegemund
80121587	de.huberts-futter
80121658	de.hubertus-apotheke-hamburg
80121882	de.hubertus-reitimwinkl
80121915	de.hubertus-schwartz-soest
80122387	de.hubspot
80122619	de.huckerwirt
80122640	de.huckingen
80122728	de.hude-hamburg
80122802	de.hudo-auf-reisen
80123193	de.hueckelhoven-heute
80123645	de.hueller-medienwerkstatt
80123892	de.huemmer-kommunikation
80123909	de.huemmler
80123964	de.hueneckes
80123976	de.huenemohr
80124508	de.huesede
80124607	de.huetchenspieler
80124815	de.huettener-versicherungsverein
80124957	de.huettig-rompf
80125041	de.huewa-laermschutz
80125558	de.hufschmidt-norderstedt
80125745	de.hug-beratung
80125857	de.hug-landschaftsplanung
80125907	de.hug-rahlstedt
80126074	de.huget-dirks
80126241	de.hugo-josten
80126879	de.huklink
80127289	de.human-magazin
80127717	de.humanistische-union
80127719	de.humanistische-vereinigung
80127895	de.humanops
80128140	de.humboldt-apotheke-hamburg
80128432	de.hummel-baudekoration
80128533	de.hummel-systemhaus
80128561	de.hummelbergkeramik
80128606	de.hummelhunde
80129211	de.hund-katze-heimtier-kleintier
80129322	de.hund-und-halter
80130014	de.hunde-wolf
80130020	de.hunde-zauberland
80130039	de.hunde2
80130188	de.hundebetreuung-im-olympiapark
80130375	de.hundecoaching-du-und-ich
80130383	de.hundecollege-hamburg
80130477	de.hundefachwissen
80130955	de.hundefuehrerschein24
80131140	de.hundehaftpflichtversicherungen-vergleich
80131294	de.hundehotel-neu-ulm
80131423	de.hundeklick
80131602	de.hundelobby
80131690	de.hundenachrichten
80131938	de.hundepension-neu-ulm
80132563	de.hunderosa
80133458	de.hundeschule-am-schwanheimer-wald
80133652	de.hundeschule-citydogs
80133884	de.hundeschule-gesa
80134316	de.hundeschule-melanie-eder
80134844	de.hundeschule-und-tierpflege
80135884	de.hundetrainer-planer
80135907	de.hundetrainerausbildung
80135947	de.hundetraining-alstertal
80136238	de.hundetraumland
80136462	de.hundeversicherung-blog
80136479	de.hundeversitaet
80136571	de.hundewerkstatt
80136622	de.hundexpert
80137176	de.hundsgefluester
80137405	de.hundzahm
80138505	de.hurra-draussen
80139200	de.hussenliebe
80139382	de.husum-zahnarzt
80140035	de.hutzenbossen
80140106	de.huus-un-hoff
80140391	de.hv-bayern
80140746	de.hv-oberbayern
80140781	de.hv-pressmar
80140787	de.hv-ramspeck
80141272	de.hvgv
80141360	de.hvj
80141501	de.hvnord
80141576	de.hvonstorch
80141776	de.hvv
80141861	de.hvv-schulprojekte
80141869	de.hvv-switch
80142103	de.hw-leasing
80142227	de.hwa-online
80142543	de.hwh-service
80142633	de.hwk-aurich
80142672	de.hwk-hamburg
80142700	de.hwk-luebeck
80142949	de.hwp-planung
80143060	de.hws-hentschel
80143141	de.hwsg1973
80143823	de.hybrilog
80144436	de.hydrogenbar
80144488	de.hydrohub
80144510	de.hydrokultur-design
80144554	de.hydrometeo
80144853	de.hygge-psychotherapie
80144982	de.hygiene-gmi
80145007	de.hygiene-medizinprodukte
80145208	de.hygienetag
80146578	de.hypnose-hp
80146733	de.hypnose-muenchen-praxis
80147607	de.hypnovita
80147652	de.hypochart
80147744	de.hypoport
80147983	de.hysolutions
80148211	de.hz
80148318	de.hza-seminare
80148390	de.hzhg
80148626	de.i-bahmueller
80148696	de.i-camp
80148848	de.i-dufner
80149290	de.i-motel
80149610	de.i-sme
80149653	de.i-sysberatung
80149654	de.i-syssystemhaus
80151093	de.iaaeu
80151108	de.iab
80151514	de.iam-berlin
80151609	de.iamexpat
80151722	de.iamstudent
80152526	de.ib-doersing
80153018	de.ib-kitas
80153255	de.ib-marien
80153318	de.ib-mitte
80153384	de.ib-nord
80153491	de.ib-probst
80153670	de.ib-schiessl
80153694	de.ib-schoenenberg
80153856	de.ib-sued
80153918	de.ib-trans
80153923	de.ib-trost
80154161	de.iba-hamburg
80154182	de.iba-m
80154288	de.ibak
80154466	de.ibb-d
80154734	de.ibbw-bw
80154748	de.ibc-blog
80155033	de.ibel
80155549	de.ibhausladen
80155572	de.ibhev
80155930	de.ibk-museum
80156142	de.iblogging
80156495	de.ibp-kanzlei
80156501	de.ibp-magazin
80156660	de.ibrahimevsan
80156850	de.ibs-hlk
80156966	de.ibs-stiftung
80157035	de.ibschwietering
80157057	de.ibsg
80157497	de.ibwhh
80157565	de.ibz-muenchen
80157883	de.icanw
80158111	de.iccura-care
80158312	de.ice-treff
80159279	de.ich-glaube-es-hackt
80159379	de.ich-kannwas
80159941	de.ichbindannmalimgarten
80160114	de.ichbinstolzeindeutscherzusein
80160144	de.ichblick
80160145	de.ichblickdurch
80160262	de.ichgehangeln
80160557	de.ichmachdannmalsport
80160724	de.ichsowirso
80160731	de.ichspringimdreieck
80160753	de.ichthyol
80160785	de.ichtuwasichkann
80160846	de.ichwags
80160975	de.ichwolltemeer
80161347	de.icom-deutschland
80162109	de.icxchange
80162359	de.id-systec
80162420	de.id3p
80162467	de.ida-ehre-kulturverein
80162481	de.ida-hd
80162543	de.idaehregesamtschule
80162544	de.idaehreschule
80162553	de.idaforst
80162554	de.idag
80162795	de.iddd
80163224	de.idealo
80163670	de.ideen-im-team
80164102	de.ideenreich-kreativundgesund
80164135	de.ideenreise-blog
80164515	de.identica
80164713	de.identitaetenlotto
80164943	de.idg-rlp
80165150	de.idiv
80165466	de.idos-research
80165539	de.idr-ev
80165701	de.idschaza-hamburg
80165929	de.idw
80166009	de.idz-jena
80166262	de.ieklimaschule
80166340	de.iep-berlin
80166441	de.iet-hamburg
80166817	de.ifaf-berlin
80167006	de.ifb-grants
80167088	de.ifbhh
80167105	de.ifbq-portal
80167286	de.ifdem
80167330	de.ife-hamburg
80167451	de.iff-hamburg
80167501	de.iffezheim
80167678	de.ifhkoeln
80167730	de.ifib
80168267	de.ifr-ev
80168423	de.ifse
80168438	de.ifsh
80168482	de.ift-ambulanz
80168562	de.iftra
80168636	de.ifuma-marktforschung
80168668	de.ifv-koeln
80168771	de.ifz-muenchen
80169057	de.ig-fussballembleme
80169094	de.ig-gmh
80169285	de.ig-listenhunde-owl
80169810	de.igaltenessen
80169940	de.igbay
80170069	de.igbk
80170121	de.igcamunich
80170157	de.igdj-hh
80170316	de.igel-marketing
80170322	de.igel-muc
80170335	de.igel-regensburg
80170604	de.igersheim
80170612	de.iges-mobility
80170679	de.igfh
80171197	de.igmetall
80172204	de.igshk
80172474	de.igvau
80172856	de.iheartdigitallife
80173006	de.ihjo
80173007	de.ihk
80173240	de.ihk-muenchen
80173459	de.ihkmagazin
80173480	de.ihks-fachjournal
80173611	de.ihm
80173673	de.ihmtistein
80173674	de.ihmtstein
80173808	de.ihr-anwalt-hamburg
80173873	de.ihr-badewannendoktor
80174203	de.ihr-fussboden-profi
80174364	de.ihr-hoergeraet
80174448	de.ihr-kfz-gutachter-in-hamburg
80174747	de.ihr-ratgeber-recht
80174912	de.ihr-steuerberater-karlsruhe
80175153	de.ihr-zahnarzt-stuttgart
80175187	de.ihralltagsnavigator
80175196	de.ihranzeiger
80175668	de.ihre-ofenbauer
80175899	de.ihre-vorsorge
80176198	de.ihreservicenummer
80176372	de.ihrhelden
80176402	de.ihringen
80176844	de.ihvo
80177186	de.iit-berlin
80177207	de.iitr
80177265	de.ijab
80177279	de.ijb
80177312	de.ijgd
80177367	de.ijosblog
80177372	de.ijoxi
80177468	de.ik-fluglaerm
80177476	de.ik-h
80177626	de.ikalo-jobs
80177632	de.ikamibe
80177782	de.ikbaunrw
80177790	de.ikbev
80177942	de.ikem
80178019	de.ikfmuenchen
80178038	de.ikfzdigitalzulassung
80178054	de.ikg-hamburg-billstedt
80178065	de.ikg-m
80178224	de.ikk-classic
80178331	de.ikm-hamburg
80178633	de.ikosom
80178676	de.ikr-le
80178746	de.iks-hamburg
80178850	de.ikt
80179306	de.il-melograno-osteria
80179734	de.ilcolosseo-koep
80180350	de.iliou-melathron
80180539	de.ilkagroenewold
80181025	de.illtal-makler
80181151	de.illumus-design
80181181	de.illusion-factory
80182105	de.ilovegraffiti
80182334	de.ilpastaro
80182438	de.ils-ed
80182484	de.ils-ts
80182605	de.ilsehuettner
80183016	de.im-auftrag-der-gesellschaft
80183029	de.im-auto
80183428	de.im-nds-ev
80183429	de.im-ned
80183449	de.im-obstgarten
80184106	de.imagebox
80184219	de.imagekonkret
80184473	de.imagine-hamburg
80184537	de.imagingschool
80184956	de.imb-ev
80185627	de.imdrive
80185923	de.imf-ferienimmobilien
80186032	de.img-ilmenau
80186110	de.imgesellschaft
80186243	de.imheute
80186340	de.imi-online
80186999	de.imkerei-finck
80188028	de.imkerverein-ismaning
80188107	de.imkerverein-lochhausen
80188331	de.imkerverein-uetersen
80188532	de.iml-lenhard
80188647	de.imma
80188711	de.immanuel-kant-gymnasium
80188728	de.immanuel-nazareth-kirche
80188749	de.immanuelalbertinen
80188904	de.immendingen
80189001	de.immer-artig-sein
80189002	de.immer-auf-reisen
80189556	de.immo-altersvorsorge
80189767	de.immo-drscholl
80189977	de.immo-home-pro
80189982	de.immo-huettermann
80190212	de.immo-muenchen
80191085	de.immobilie-verkauf-hamburg
80191128	de.immobilien--gutachter
80191450	de.immobilien-bot
80191659	de.immobilien-ebel
80191718	de.immobilien-erfahrung
80191912	de.immobilien-giere
80191923	de.immobilien-go
80192004	de.immobilien-hagl
80192306	de.immobilien-journal
80192459	de.immobilien-korte
80192996	de.immobilien-preetz
80193136	de.immobilien-rostock-mv
80193188	de.immobilien-schacht
80193231	de.immobilien-schmidt-muenchen
80193552	de.immobilien-und-hausbau
80193751	de.immobilien-wissen
80193967	de.immobilienbaur
80193986	de.immobilienberatung-hamburg
80194003	de.immobilienberatungmuenchen
80194053	de.immobilienbewertung-blog
80194134	de.immobilienbewertung-krause
80194139	de.immobilienbewertung-kumpmann
80194164	de.immobilienbewertung-nickel
80194166	de.immobilienbewertung-nitsch
80194268	de.immobilienblogger
80194347	de.immobiliencenter-schwab
80194405	de.immobiliendiskussion
80194504	de.immobilienforum-schwerin
80194624	de.immobiliengutachter-boesl-muenchen
80194784	de.immobilienkanzlei-heller
80195148	de.immobilienmakler-michael-buchholz
80195569	de.immobilienpool
80195771	de.immobiliensachverstaendiger-boesl
80195809	de.immobilienscout24
80195854	de.immobilienservice-elsbach
80196632	de.immodatabase
80196699	de.immoeinfach
80196746	de.immofachwelt
80197069	de.immogutachter-muenchen
80197167	de.immojects
80197270	de.immokv
80197309	de.immolina
80197486	de.immonika
80197541	de.immopartner-24
80197543	de.immopartner-ffb
80197573	de.immopflege-24muenchen
80197581	de.immopilot
80197660	de.immoprentice
80197918	de.immoservice-eder
80198271	de.immoverkauf24
80198378	de.immowelt
80198455	de.immowert-maier
80198458	de.immowert-muenchen
80198502	de.immowerthessen
80198538	de.immowot
80198562	de.immoxxl-katalog-leipzig
80198563	de.immoxxl-katalog-muenchen
80198564	de.immoxxl-katalog-solingen
80199047	de.imove-germany
80199066	de.imowell
80199475	de.imperiaimmobilien
80199542	de.imperialcrimes
80200349	de.implantcast
80200413	de.implantologie-heute
80200773	de.impp
80201031	de.impro-macht-schule
80201170	de.improprojekt
80201255	de.improvember
80201569	de.impuls-reha
80201709	de.impulse
80201744	de.impulse-fuer-bestatter
80201802	de.impulse-pro-kanal
80202306	de.imsalon
80202589	de.imug-rating
80202634	de.imv
80202770	de.imweber
80202824	de.imxplatform
80202977	de.in-berlin
80203122	de.in-der-helle
80203626	de.in-muenchen
80203628	de.in-muenchen-studieren
80203955	de.in-touch-with-health
80205120	de.inbehandlung
80206010	de.incycle
80206026	de.inda-apotheke
80206134	de.indecogardinen
80206400	de.indernaehebleiben
80206753	de.indian-cave-munich
80207389	de.indienaktuell
80207412	de.indienhilfe-herrsching
80207893	de.indiskretionehrensache
80207908	de.indisposables
80208095	de.individuell-fraesen
80208730	de.indra-zahner
80208984	de.indus-service
80209206	de.industrie-fachwissen
80209250	de.industrie-kletterer-hamburg
80209494	de.industriebelaege-muenchen
80209680	de.industrieindex
80210127	de.industriestandort-billbrook
80210344	de.induux
80210748	de.ines-stade
80210919	de.inespfalzgraf
80210999	de.ineswestermann
80211061	de.inetbib
80211213	de.inf-schule
80211304	de.infanterix
80211414	de.infektiologie-muenchen
80211417	de.infektiologie-schwabing
80211458	de.infektiopod
80211696	de.infetch
80213800	de.infleet
80213957	de.info-altenpflege
80214119	de.info-eu-berufskraftfahrer
80214211	de.info-haseluenne
80214264	de.info-kai
80214400	de.info-obermenzing
80214531	de.info-sozial
80214573	de.info-travemuende
80214684	de.info4alien
80214773	de.infoboerse-neue-drogen
80214941	de.infodesignerin
80215267	de.infomaxnet
80215448	de.infopoint-europa
80215520	de.infoportal-hautkrebs
80215730	de.infoquell
80215778	de.inforand
80216857	de.information-architects
80216937	de.information-harz
80217872	de.informationstechnik-bamberg
80218026	de.informationszentrum-mobilfunk
80218660	de.infos-und-news
80219106	de.infosoft
80219736	de.infovictims
80220339	de.infrabeuys
80220564	de.infrarotheizung-kaufen
80220880	de.infusionbar
80220914	de.ing
80221153	de.ing-drews
80221320	de.ing-kehl
80221490	de.ing-saam
80221848	de.inganashop
80221899	de.ingasommer
80221919	de.ingavonbredow
80222167	de.inge-hannemann
80222283	de.ingeborg-gross-stiftung
80222513	de.ingenieur
80222769	de.ingenieurbuero-feldwisch
80223033	de.ingenieurbuero-ploetner
80223327	de.ingenieurkammer-mv
80223564	de.inges-reiseblog
80224051	de.ingo-tessmann
80224329	de.ingolstadt-lokal
80224434	de.ingoostwald
80225155	de.ingsparks
80225175	de.ingthews
80225206	de.ingvarsson
80225218	de.ingvogt
80225293	de.inhaber-coaching
80225354	de.inhaltsangabe
80225599	de.inidia
80225605	de.inifes
80225647	de.inims
80225695	de.init
80225844	de.initiative-bodenrecht
80225906	de.initiative-eichenallee
80226177	de.initiative-nachhaltige-praxis
80226203	de.initiative-niendorf
80226240	de.initiative-pro-arbeit
80226368	de.initiative-wahlstedt
80226436	de.initiativeausstellungsverguetung
80226449	de.initiativefamilien
80226489	de.initiativepraxispfad
80226510	de.initiativgruppe
80226555	de.initium-baden
80227560	de.inklusion-braucht-aktion
80227599	de.inklusion-in-hamburg
80227825	de.inklusive-didaktik
80227827	de.inklusive-familienboerse-muenchen
80227839	de.inklusive-medienarbeit
80228100	de.inkovema
80228167	de.inkstudiomanager
80228256	de.inlaenderstammtisch
80228281	de.inlandstourismus
80228547	de.inlingua-muenchen
80228587	de.inlocon
80228595	de.inloox
80228647	de.inm-online
80228683	de.inmaris
80228865	de.inmuto
80229755	de.innenreisen
80229819	de.innenstadt-rotenburg
80230308	de.innerlich-gestaerkt
80230416	de.innerwalk
80230620	de.inno-non
80230661	de.inno-vet
80230977	de.innoki
80231916	de.innovations-intelligenz
80231935	de.innovations-report
80231954	de.innovationsatlas-steinburg
80232187	de.innovationsschmiede-ffr
80232313	de.innovative-cad-cam-solutions
80232332	de.innovative-frauen
80232791	de.innspire-hotel-muenchen
80233063	de.inobhutnahme-muenchen
80233142	de.inoio
80233149	de.inol-energie
80233275	de.inotec-licht
80233612	de.inperco
80233700	de.inposition-hh
80233925	de.inqa
80234179	de.ins-bremen
80234213	de.ins-netz-gehen
80234251	de.insa-music
80234290	de.insahaertel
80235304	de.inselfabrik
80235501	de.inselkiez
80235585	de.inselmassagestudio
80235645	de.inselobstbau
80235968	de.insenio
80236163	de.inside-frankenthal
80236280	de.inside-sim
80236360	de.insidecologne
80236547	de.insidermarketing
80237061	de.insolvenz-portal
80237063	de.insolvenz-radar
80237389	de.inspektour
80237995	de.installateur-john
80237997	de.installateur-karlsfeld
80238011	de.installateur-oberschleissheim
80238026	de.installateur-untermenzing
80238027	de.installateur-unterschleissheim
80238211	de.instant-thinking
80238328	de.instart
80238385	de.instep-online
80238405	de.instikom
80238487	de.institut-aser
80238843	de.institut-iepg
80239036	de.institut-neues-lernen
80239156	de.institut-skoellner
80239166	de.institut-sozialwirtschaft
80239336	de.institutfrancais
80240055	de.intagus
80240217	de.intax
80240416	de.integplan
80240851	de.integration-muehlacker
80240932	de.integrationsbuendnis13
80241247	de.integreat-app
80241323	de.integro-ev
80241846	de.intenseo
80241938	de.intensivfahrschule-hanse
80241957	de.intensivkurs-neuroanatomie
80242155	de.inter
80242382	de.inter3
80242398	de.interact-club
80242429	de.interactiva-englisch-lernen-muenchen
80242439	de.interactiva-italienisch-lernen-muenchen
80242440	de.interactiva-italienischkurs-frankfurt
80242445	de.interactiva-portugiesisch-lernen-muenchen
80242456	de.interactiva-spanischkurs-muenchen
80242603	de.interaktiv-muc
80242968	de.interconceptmedien
80243011	de.intercultur
80243281	de.interface-society
80243332	de.interfilm-akademie
80243394	de.interfriendship
80243807	de.interkanalw
80243866	de.interkrim
80243984	de.interkulturelles-forum-hamburg
80244704	de.internationale-bauausstellung-hamburg
80244705	de.internationale-bauausstellungen
80244716	de.internationale-elbefahrt
80244778	de.internationale-markenanmeldung
80244893	de.internationaler-bund
80245039	de.internationales-verkehrswesen
80245201	de.internet-abc
80245350	de.internet-datenbanken
80245441	de.internet-fuer-architekten
80245528	de.internet-intelligenz
80245563	de.internet-law
80245583	de.internet-manual
80245719	de.internet-per-steckdose
80245737	de.internet-pr-beratung
80246105	de.internetanbieter-orte
80246172	de.internetblogger
80246646	de.internetrecht-rostock
80246943	de.internetzkidz
80248224	de.interswop
80248345	de.interval-berlin
80248476	de.intervox-pr
80248744	de.intim
80249020	de.intolight
80249166	de.intpg
80249278	de.intrag
80249411	de.intraplan
80249480	de.intrax
80250502	de.invest-swm
80250671	de.investinlatvia
80250891	de.investmentplattformchina
80250978	de.investorbit
80251005	de.investoreninfo
80251014	de.investorenplattform
80251135	de.invia-hamburg
80251147	de.invia-muenchen
80251358	de.invision-news
80251446	de.invitrojobs
80251504	de.invoice-portal
80251562	de.inw
80251667	de.inwo
80252001	de.ioco
80252304	de.ionos
80252327	de.ionto
80252373	de.ioq-dresden
80252503	de.iot-mesh
80252638	de.iow
80252710	de.ip-blogger
80252774	de.ip-graefelfing
80252813	de.ip-kanzlei
80252995	de.ip45g
80253566	de.ipde
80253947	de.iphone-reparatur-germering
80253981	de.iphone-ticker
80253985	de.iphone-tricks
80254124	de.ipicape
80254170	de.ipk-bonn
80254307	de.iplusplus
80254545	de.ipopupbanner
80254611	de.ipp-muenchen
80254746	de.iprecht
80255488	de.ipzf
80255905	de.iq-nrw-west
80256125	de.iqb
80256422	de.iquh
80256459	de.iqzukunft
80256496	de.ir-immobilien-hv
80256509	de.ir-markenanmeldung
80256995	de.irees
80257469	de.irgendwasmitrecht
80257628	de.irina-albrecht
80258555	de.irishdog
80259197	de.irmela-schautz
80259199	de.irmelafeige
80259316	de.irmgardrosina
80259737	de.ironjohn
80259994	de.irremenschlich
80260123	de.irrtum-elektroauto
80260292	de.irus-gmbh
80260300	de.irv-interroh
80260301	de.irv-loehne
80260399	de.irz
80260419	de.is-argebau
80260592	de.is-vogelsang
80260679	de.isa-guide
80260944	de.isabelbogdan
80261046	de.isabell-huber
80261749	de.isar-floss-event
80261769	de.isar-kinder
80261785	de.isar-mami
80261802	de.isar-philharmonie
80261817	de.isar-schlauchboot
80261832	de.isar-tintenklecks
80261923	de.isarey-document-attestation
80261937	de.isarflossteam
80261945	de.isarfunk
80261984	de.isaria-hv
80262002	de.isarkids
80262006	de.isarkindl
80262022	de.isarleben
80262044	de.isarnetz
80262048	de.isarnixen
80262089	de.isarrettung
80262113	de.isarsparer
80262195	de.isartor-apotheke-app
80262213	de.isarweiss
80262360	de.isb-hahne
80262390	de.isb-neuengamme
80262744	de.isd-hamburg
80262846	de.isdonline
80262931	de.isebek-initiative
80263109	de.isenburg-city
80263234	de.iserbrook
80263338	de.iserv
80263555	de.isg-institut
80263618	de.isgestaltung
80265582	de.iska-nuernberg
80265895	de.isl-ev
80266159	de.islam-muenchen
80267857	de.ismaning
80267977	de.isn-nef
80268145	de.iso-institut
80268787	de.isolde-richter
80269210	de.isoliertechnik-greif
80270016	de.isostar24
80271004	de.isp-industrie
80271204	de.ispa-consult
80272158	de.israelogie
80272453	de.iss-hamburg
80273609	de.isteinereisewert
80274052	de.isw-muenchen
80274242	de.it-administrator
80274292	de.it-anwalt-kanzlei
80274349	de.it-backbone
80274368	de.it-baumbach
80275189	de.it-jj
80275363	de.it-learning
80275711	de.it-planungsrat
80275830	de.it-recht-kanzlei
80276411	de.it-solutions-goehring
80276518	de.it-support-hamburg-24x7
80277486	de.italien-inside
80278143	de.itanker
80278323	de.itb-net
80279648	de.itech-bs14
80279785	de.itemsnet
80279854	de.ites-werkstatt
80279930	de.itfach
80280076	de.itgirls
80280679	de.itmr-legal
80280783	de.itochu
80281175	de.its-bavaria
80281281	de.its-johannsen
80281330	de.its-mobility
80281538	de.itsb-deutschland
80282034	de.itstartedwithafight
80282331	de.ituv-software
80282334	de.itv-altlasten
80282391	de.itvsh
80282589	de.itzehoe-lokal
80282621	de.itzehoer-wasser-wanderer
80282886	de.iundi-baugesellschaft
80282956	de.iurratio
80283236	de.iva
80283283	de.ivah
80283349	de.ivanastefancic
80283889	de.ivhh
80284257	de.ivonne-schmal
80284587	de.ivu-umwelt
80284994	de.iwap-muenchen
80285155	de.iwdr
80285298	de.iwgr-harburg-suederelbe
80285809	de.iwwb
80285825	de.iwwit
80286072	de.ixtenso
80286339	de.iz-zukunft
80286497	de.izgmf
80286586	de.izmir-juwelier
80288528	de.jack-news
80289217	de.jacky-smith
80289258	de.jackysblog
80289355	de.jacob-partner
80289509	de.jacobin
80289637	de.jacobsactorslounge
80290077	de.jade-hs
80290345	de.jadwiga-online
80290846	de.jaegergruppe-altona-blankenese
80291032	de.jaegermagazin
80291251	de.jaegerundsammlerblog
80291420	de.jaenicke-service
80292249	de.jagdhundepraxis
80293595	de.jagdverband
80294023	de.jagermo
80297845	de.jakob-friedl
80297945	de.jakob-medientechnik
80298096	de.jakobbader
80298228	de.jakobi-pflegedienst
80298246	de.jakobikreuz
80298565	de.jakobswegfreun
80298914	de.jalea-immobilien
80298941	de.jalilah
80299025	de.jalousien
80299175	de.jam-security-services
80299819	de.jamoin
80299850	de.jampatsedroen
80300348	de.jan-lehmann
80301126	de.janagunstheimer
80301225	de.janakuderna
80301911	de.janeemussja
80302382	de.janhimself
80302808	de.janinatotzauer
80303216	de.janjahn
80303393	de.jankoltze
80303407	de.jankosyk
80303459	de.jankuck
80303688	de.jannawichert
80303929	de.janning-picker
80304305	de.janprahm
80304324	de.janreichenbach
80304648	de.jansen-systeme
80305723	de.japan-work-and-travel
80305765	de.japandigest
80305802	de.japanfestivalhamburg
80305854	de.japanische-akupunktur
80306185	de.jaqq
80306532	de.jarrestadt-archiv
80306533	de.jarrestadt-hamburg
80307426	de.jasper
80307664	de.jat-wasser
80308142	de.javori-galabau
80308864	de.jazz-moves
80308889	de.jazz-orange
80309069	de.jazzband-live
80309119	de.jazzbuero-hamburg
80309212	de.jazzclub-leipzig
80309713	de.jazzpages
80309992	de.jazzzeitung
80310110	de.jb-haustechnik
80310318	de.jba-hamburg
80310482	de.jbengler
80310541	de.jbg-portal
80310867	de.jbs-first
80311060	de.jc-container
80311270	de.jcb-beschlaege
80311473	de.jcmeister
80311584	de.jcsh
80311797	de.jdav
80311917	de.jdg-online
80312158	de.je-reisemobile
80312998	de.jeck-op-future
80313087	de.jeckyl
80313262	de.jeder-weg-ist-anders
80313556	de.jeep-community
80313561	de.jeep-forum
80313679	de.jef-bayern
80313683	de.jef-hamburg
80314269	de.jemah
80314398	de.jena
80314805	de.jendyk-schnellhardt-mbb
80314837	de.jenfeld-haus
80314898	de.jenischparkverein
80315573	de.jenny-geruestbau
80315689	de.jennybeyer
80317490	de.jensweinreich
80317551	de.jentjensgartenpark
80317572	de.jentsch-pflanzen
80318596	de.jessi-koebele-musik
80319179	de.jessypaetsch
80319340	de.jesus
80319505	de.jesuscenter
80319565	de.jesusfriends
80319687	de.jet
80320002	de.jetojmene
80320077	de.jetset-media
80320432	de.jetzt-klimaneutral
80320968	de.jewelblog
80321061	de.jewishstudies
80321160	de.jf-alsterdorf
80321308	de.jf-hamburg
80321378	de.jf-lindewitt
80321413	de.jf-muenchen
80321921	de.jff
80321958	de.jffh
80322623	de.jfmediendesign
80323983	de.jg-personal
80324232	de.jga-buddies
80324326	de.jga-schaerpen
80324350	de.jga-tipps-und-ideen-in-koeln
80324810	de.jgh-himmelreich
80324845	de.jghh
80324863	de.jghv
80325261	de.jgs-rof
80326037	de.jhj-hamburg
80326455	de.jibb-muenchen
80326861	de.jimev
80327389	de.jis-muenchen
80327603	de.jiyounghan
80327608	de.jiz
80327708	de.jj-sustainability
80328039	de.jk-druckshop
80328100	de.jk-haustechnik-gmbh-shk
80330021	de.jks-leiterplatten
80330186	de.jksteuerberatung
80331116	de.jlihh
80331142	de.jll
80331151	de.jlmedia-agentur
80331345	de.jm-festival
80331488	de.jm-versicherungen
80331530	de.jmarek
80331578	de.jmberlin
80332132	de.jmwiarda
80332312	de.jnp
80332625	de.joachim-breitner
80332705	de.joachim-herz-stiftung
80333289	de.joanita-missoh
80333480	de.job-cafe-billstedt
80333647	de.job-mentoring-muenchen
80333938	de.jobarteh-kunda
80334115	de.jobcafe-billstedt
80334305	de.jobcenter-muenchen
80335007	de.jobmessen
80335038	de.jobnavigation
80335053	de.jobnext24
80335340	de.jobriver
80335439	de.jobs-beim-staat
80336308	de.jobsoluto
80336429	de.jobsuche-leichtgemacht
80336446	de.jobsuite
80336563	de.jobvector
80336718	de.jocelyne-lopez
80336769	de.jochen-birk
80336908	de.jochen-metzger
80337491	de.jockisch
80337576	de.jodblockade
80337602	de.jodelnbeimwirt
80337916	de.joehnke-reichow
80338112	de.joeran
80338181	de.joerg-beleites
80338645	de.joerg-stauvermann
80339096	de.joergnitzsche
80339555	de.joernsimonsen
80339570	de.joernvonlucke
80339889	de.joggel-online
80340114	de.johan-grasshoff
80340362	de.johann-steuerberater
80340379	de.johann-vielberth
80340893	de.johannapareigis
80340947	de.johannaschmidtfotografie
80341293	de.johannes-hakes
80341752	de.johannes-wobus
80341814	de.johannesberg
80341866	de.johannesburg
80342001	de.johanneshampel-online
80342138	de.johanneskirche-erlangen
80342563	de.johanneszeiske
80342575	de.johanneum-hamburg
80342639	de.johannis-apotheke-blankenese
80342862	de.johanniter-portfolio
80343368	de.john-umzuege
80343548	de.johnkluever
80343695	de.johnnyrelease
80344457	de.joker-clean
80344663	de.joki-kinderbetreuung
80345702	de.jonas-renovierung
80346386	de.jonathansage
80346616	de.jonglierkurs
80346625	de.jonglierschule
80348473	de.josef-tours-muenchen
80348555	de.joseffelder
80348681	de.josefkeuffer
80349362	de.josieloves
80349542	de.jost-hp
80349910	de.jottge
80350151	de.journalexpert
80350175	de.journalismus-buecher-pfundtner
80350267	de.journalistenpreise
80350308	de.journalistikon
80350451	de.jouwthema
80350554	de.joviva
80350739	de.joy-of-learning
80351007	de.joyn
80351486	de.jpberlin
80351534	de.jpdg
80351584	de.jpfonts
80351788	de.jpnext
80351792	de.jpnord
80351796	de.jpo-aktuell
80352346	de.jrg-wedel
80352353	de.jrh-kindermusik
80352579	de.jrk-stuttgart
80352776	de.jruder
80352796	de.jrwoehlke
80352884	de.js-elektrotechnik
80353065	de.js-schanze
80353306	de.jschuessler
80355688	de.jubilaeumswiesn
80355981	de.juden-in-oehringen
80356516	de.judithseverloh
80356845	de.judo-muenchen
80357395	de.juedische-allgemeine
80357447	de.juedische-pflegegeschichte
80357451	de.juedische-sammlungen
80357457	de.juedische-spuren-muenchen-west
80357520	de.juedisches-hamburg-archiv
80357536	de.juedisches-leben-in-ingenheim
80357561	de.juedisches-museum-emmendingen
80357563	de.juedisches-museum-muenchen
80357598	de.juedischeunion
80359083	de.juergenwulff
80359450	de.jugend-bremerhaven
80359470	de.jugend-debattiert-hamburg
80359505	de.jugend-erzbistum-hamburg
80359795	de.jugend-oberbayern
80359948	de.jugend-und-religion
80360231	de.jugendberatung-apostelkirche
80360326	de.jugendbildung-hamburg
80360441	de.jugendcafe-hochaecker
80360640	de.jugenddialog
80360679	de.jugenderholungswerk
80361131	de.jugendfilm-ev
80361219	de.jugendforum-niendorf
80361257	de.jugendfreizeitloungeneugraben
80361547	de.jugendhaus-schwabing
80361644	de.jugendherberge
80361866	de.jugendhilfe-inklusiv
80361872	de.jugendhilfe-justm
80361906	de.jugendhilfe-muc-obb
80362016	de.jugendhilfeportal
80362090	de.jugendinfo-muenchen
80362539	de.jugendnetz-zollernalbkreis
80362926	de.jugendschuldnerberatung
80362996	de.jugendserver-hamburg
80362998	de.jugendserver-niedersachsen
80363002	de.jugendserver-sh
80363448	de.jugendundwohnen
80363457	de.jugendverbraucherdialog
80363484	de.jugendvonheute
80363494	de.jugendwahlen
80363516	de.jugendweihe-bfh
80363666	de.jugendwohnen-muenchen
80363830	de.jugendzentrum-neuperlach
80364042	de.jugru-hamburg
80364689	de.jukeboys
80364715	de.juki-festival
80364726	de.juki-online
80364896	de.jul-kita
80365173	de.jules-kleine-freuden
80365312	de.julfcb
80365337	de.juli-forum
80365670	de.julia-kalder
80366043	de.julia-verlinden
80366087	de.julia-worch
80366102	de.juliaadler
80366244	de.juliacortis
80367002	de.julian-opitz
80367388	de.julianehehl
80367513	de.julianetopka
80367786	de.julianschaefer-tiefbau
80367852	de.julianundmarie
80368570	de.juliefeelsgood
80369180	de.julius-kuehn
80369300	de.juliusguertler
80369782	de.jumiko
80370222	de.juna-music
80370405	de.jung-bass
80370613	de.jung-ps
80370995	de.junge-erwachsene-muenchen
80371107	de.junge-kunst-trier
80371402	de.jungefreiheit
80371502	de.jungemedienwerkstatt
80371532	de.jungenarbeit-hessen
80371570	de.jungenleseliste
80371970	de.jungeverlagsmenschen
80372086	de.junggesellenabschiedmuenchen
80372686	de.jungundnaiv
80372820	de.junien
80373052	de.juniorenwahl
80373136	de.juniorwahl
80373137	de.juniorwahl-kids
80373253	de.junius-verlag
80373553	de.junski-transporte
80374053	de.jura-ratio
80374105	de.jura-winsen
80374116	de.juraarchiv
80374250	de.jurakarriere
80374451	de.jurawerk
80374452	de.jurawiki
80374469	de.jurbutler
80374663	de.jurinsight
80374668	de.jurios
80374670	de.juris
80374734	de.juristenkoffer
80374805	de.juristischer-gedankensalat
80374912	de.jurpc
80375089	de.juslink
80375143	de.jusora
80375186	de.jusos-bw
80375791	de.just-fotos
80375895	de.just-mats
80375901	de.just-metallbau
80376099	de.just-zarges
80376131	de.just4fun-aktiv
80376829	de.justiz
80376836	de.justiz-bw
80376841	de.justiz-dolmetscher
80376901	de.justizministerkonferenz
80377106	de.justnonstop
80377561	de.juteo
80378451	de.juwel-am-deich
80379818	de.juweliermere
80379949	de.juwiss
80381037	de.jwrg
80382400	de.k-electronic-shop
80384282	de.k3
80384297	de.k3-hamburg
80384628	de.k8a
80385077	de.kaaloon
80385568	de.kabarett-news
80385707	de.kabdvmuenchen
80385793	de.kabel-blog
80387792	de.kachelofen-center
80388342	de.kadirkatran
80388550	de.kaefer-die-zeitung
80388798	de.kaehler-und-partner
80389175	de.kaeltenetz-hamburg
80389200	de.kaelteschwengel
80389553	de.kaeptn-hamburg
80389861	de.kaese-traum
80391533	de.kaffeepioniere
80391706	de.kaffeeservicegoetze
80392055	de.kafka2024
80392171	de.kagebau
80392191	de.kagelmann-patent
80392209	de.kagerer-architekten
80392255	de.kagu-media
80392558	de.kahlsdorf
80392717	de.kahsa
80393456	de.kaikutzki
80393567	de.kaimug-group
80393598	de.kaindl-therapie
80393672	de.kaipahl
80393975	de.kaiser-apotheke-muenchen
80397290	de.kajakralf
80397489	de.kajuto
80397499	de.kakadu
80397627	de.kaki-radler
80397642	de.kakilambe
80397659	de.kaknaladoni
80398176	de.kalavryta-hoerspiel
80398427	de.kaleidos
80398537	de.kalender-2016
80398585	de.kalender-plus
80398613	de.kalender2017
80398672	de.kalenderpedia
80399511	de.kalkbrennerhof
80399763	de.kalle-beratungsstelle
80399987	de.kalliauer
80400094	de.kallis-shipworld
80402925	de.kam-klima
80403837	de.kamb-fenster
80404533	de.kamen
80406005	de.kami-ev
80406118	de.kamil-hamburg
80406124	de.kamila-fortbildungen
80406369	de.kaminbau-world
80406472	de.kamineinsatz-bundesweit
80406741	de.kaminkassette-gronau
80406742	de.kaminkassette-ruhrgebiet
80406856	de.kaminkehrerinnung-oberbayern
80407255	de.kamm-gmbh
80407503	de.kammerchor-vivavoce
80407526	de.kammerdacapo
80408260	de.kammerkunst
80408303	de.kammermusik-pasing
80408983	de.kampfkunst-ehrenkirchen
80409707	de.kampnagel
80409782	de.kamptokormie-rucksack
80410266	de.kanaldeckelfotos
80410360	de.kanalmuseen
80410480	de.kanalsanierung-eching
80410562	de.kanaltechnik-fluegge
80412090	de.kang-center
80414278	de.kant-apotheke-muenchen
80414756	de.kantenwein
80414936	de.kantine-zukunft
80414998	de.kantner-partner
80415684	de.kanu-regattaverein-muenchen
80416467	de.kanusport-harburg
80416724	de.kanuvereinstade
80417235	de.kanzlei-am-jungfernstieg
80417402	de.kanzlei-augsten
80417538	de.kanzlei-beeck
80417576	de.kanzlei-bennek
80417678	de.kanzlei-birguel
80417687	de.kanzlei-bischoff-hamburg
80417725	de.kanzlei-blp
80417866	de.kanzlei-breuning
80417982	de.kanzlei-cakmakli
80418074	de.kanzlei-dagefoerde
80418158	de.kanzlei-diekhof
80418204	de.kanzlei-doehmer
80418278	de.kanzlei-dr-kern
80418621	de.kanzlei-fahn
80418731	de.kanzlei-format
80418995	de.kanzlei-gms
80419243	de.kanzlei-hasselbach
80419272	de.kanzlei-hecht
80419470	de.kanzlei-hoebelt
80419583	de.kanzlei-hsp
80419630	de.kanzlei-hws
80419769	de.kanzlei-job
80419969	de.kanzlei-kerner
80420543	de.kanzlei-lob
80420576	de.kanzlei-louis
80420616	de.kanzlei-lurup
80420974	de.kanzlei-mww
80421026	de.kanzlei-neuendorff
80421575	de.kanzlei-reiff-halle
80421717	de.kanzlei-rohring
80421888	de.kanzlei-sbeaucamp
80422026	de.kanzlei-schmuck
80422211	de.kanzlei-seiten
80422246	de.kanzlei-sgb
80422281	de.kanzlei-sieling
80422454	de.kanzlei-steinwachs
80422483	de.kanzlei-stk
80422927	de.kanzlei-voigt
80423132	de.kanzlei-werner-rechtsanwalt
80423153	de.kanzlei-westendorp
80423543	de.kanzleiboettcher
80423796	de.kanzleikompa
80423973	de.kanzleireinbek
80424154	de.kanzleiwernerundko
80424267	de.kaoba
80424369	de.kap-forum
80424397	de.kap-recht
80424542	de.kapell-steuerberater
80424568	de.kapelle-gailenberg
80425416	de.kappel-grafenhausen
80425864	de.kapudo
80426415	de.karaoke-hamburg
80426658	de.karate-breitensport
80426932	de.karate-hamburg
80426966	de.karate-hochschulsport-hamburg
80427025	de.karate-kampfkunst
80427445	de.karateacademy
80427575	de.karateoberhaching
80427916	de.kardia
80428198	de.kardiologie-amtiergarten
80429039	de.karenleonhardt
80429062	de.karenontour
80429191	de.karg-magazin
80429839	de.karin-kelle-herfurth
80430275	de.karinaroepcke
80430773	de.karinsommer
80431060	de.karl-daumer
80431126	de.karl-foerster-stiftung
80431312	de.karl-hupe-stiftung
80431401	de.karl-landherr
80431402	de.karl-lang
80431494	de.karl-may-magazin
80431860	de.karla-letterman
80431884	de.karla51
80431914	de.karlanders
80432165	de.karlheinz-hug
80432659	de.karlshorst
80432718	de.karlsruhe
80432732	de.karlsruhe-blumen
80432769	de.karlsruhe-insider
80432947	de.karlsruher-liste
80433116	de.karlundp
80433315	de.karmakorb
80433487	de.karminrot-blog
80433530	de.karner-ing
80433533	de.karner-transporte
80433778	de.karneval-wegeleben
80434191	de.karo-service
80435174	de.karostar
80435387	de.karpfenundmeer
80435838	de.karriere-elbekliniken
80435970	de.karriere-guru
80435977	de.karriere-hamburg
80436122	de.karriere-jura
80436410	de.karriere-papier-verpackung
80436862	de.karriereakademie
80436966	de.karrierefaktor
80436996	de.karrierehelden
80437049	de.karrieremail
80437105	de.karrierepropeller
80437145	de.karrieresprung
80437150	de.karrierestart-bauingenieure
80437216	de.karrierezeitung
80438056	de.kartei-der-not
80438939	de.kartoffelkunst
80439026	de.kartogiraffe
80439512	de.karwendel-urlaub
80439648	de.kas
80439661	de.kas-bmu
80439799	de.kasaia
80440056	de.kasendorf
80440370	de.kasinobonuses
80440888	de.kaspers-welt
80440973	de.kassandra21
80441688	de.kassia-l-hill
80441866	de.kastanienhof-erding
80441985	de.kastelburg54
80441986	de.kastelburg56
80442069	de.kastenfisch
80442339	de.kasur
80442649	de.katalyn-huehnerfeld
80442756	de.katapult-mv
80442878	de.katastrophen-kerl
80443292	de.kath-akademie-bayern
80443550	de.kath-kiga-arche-noah
80444000	de.kath-schule-wandsbek
80444178	de.katharina-beck
80444487	de.katharina-mauder
80444493	de.katharina-menzel
80444623	de.katharina-schulze
80444626	de.katharina-schweissguth
80444695	de.katharina-von-siena-schule
80444924	de.katharinaheckendorf
80445067	de.katharinamariakagel
80445384	de.katharinen-hamburg
80445930	de.katholisch
80445982	de.katholisch-im-hamburger-westen
80446486	de.katholische-kitas-hamburg
80446536	de.katholische-schule-hammer-kirche
80446537	de.katholische-schule-hochallee
80446547	de.katholische-sophienschule
80446620	de.katholischer-schulverband-hamburg
80446663	de.katholischeschuleharburg
80446770	de.kathrin-essmann
80447130	de.kathringibtdirrecht
80447399	de.kathrinvoss
80447431	de.kathrynsky
80447464	de.kathy-lindner
80447589	de.katiakelm
80447931	de.katja-diehl
80448342	de.katjacoser
80448534	de.katjalieber
80448941	de.katler
80449113	de.katrin-denker
80449722	de.katrinklemm
80449918	de.katrinsagener
80449960	de.katrinschuster
80450225	de.kattendorf
80450354	de.katwarn
80450402	de.katytrick
80450539	de.katzen-album
80451969	de.kauernet
80452117	de.kaufbeuren-magazin
80452623	de.kaufland-apotheke-bergedorf-app
80452858	de.kaufmanns
80454681	de.kayhude
80454914	de.kaysokolowsky
80455290	de.kb-mg
80455555	de.kbdfinanz
80455585	de.kbeckmann
80455694	de.kbi-dachau
80455802	de.kbld
80455924	de.kbo-spz
80455968	de.kbr-arbeitsrecht
80456214	de.kbthalkirchen
80456899	de.kcgeriatrie
80457504	de.kda-bayern
80457512	de.kda-nordkirche
80457540	de.kdb-agentur
80457623	de.kdf-consult
80457834	de.kdm-hamburg
80457835	de.kdm-haus-am-waldrand
80458323	de.kea-bw
80459105	de.keenco3
80459142	de.keep-energieagentur
80459930	de.kehl
80461123	de.keine-gentechnik
80461681	de.keinzahnkatzen
80461873	de.kek-spk
80462000	de.kekseundkoffer
80462133	de.kelch-gaerten
80462313	de.kellendorfer
80462548	de.keller-pueschel
80463101	de.kellerwerftcommunity
80463142	de.kellinghusen
80463799	de.kemalsu
80464503	de.kempten-ua
80464716	de.kendler-holzhaus
80465166	de.kennstdueinen
80465258	de.kennzeichen-auto
80465264	de.kennzeichen-deutschlandweit
80465293	de.kennzeichen-teufel
80465308	de.kennzeichendienst
80465330	de.kennzeichenheld
80465333	de.kennzeichenking
80465364	de.kennzeichenwiki
80465412	de.kenomedien
80465516	de.kenstone
80465555	de.kentclub
80465997	de.ker-so
80466008	de.ker51
80466242	de.keramik-hirt
80466657	de.keramiko
80467327	de.kermit-hamburg
80467559	de.kern-ux
80467589	de.kernatlas
80467881	de.kernindex
80468206	de.kerresinhio
80468450	de.kersti
80469016	de.kerstinbittner
80469200	de.kerstinhof
80469372	de.kerstinroehricht
80469525	de.kerstinthieler
80470742	de.kestner
80471557	de.kettwiger-triebwerk
80471936	de.kevin-leiser
80472522	de.keyblog
80472526	de.keyboard-klavier-grum
80472587	de.keyboardunterricht-muenster
80472780	de.keyna
80473029	de.keytobavaria
80473276	de.kez-zschopau
80473418	de.kf-company
80474034	de.kfb-innung
80474412	de.kfh-urlaub
80474488	de.kfki
80474568	de.kfn
80475072	de.kfo-klimas
80475154	de.kfo-magdeburg
80475445	de.kfo-starnberg
80476440	de.kfz-ankauf-zentrale
80477209	de.kfz-gutachten-berlin
80477221	de.kfz-gutachten-bremen
80477379	de.kfz-gutachter-blum
80477510	de.kfz-gutachter-leoni
80477581	de.kfz-gutachter-sawalha-muenchen
80477787	de.kfz-hh
80478714	de.kfz-pfandkredithaus
80479445	de.kfz-schule
80479753	de.kfz-sofort-gutachten
80480198	de.kfz-thiel-leipzig
80480464	de.kfz-werkstatt-brand
80480772	de.kfz-zulassungsdienst-service-hamburg
80481140	de.kfzgutachter-woellenweber
80481162	de.kfzgutachterhh
80481747	de.kfzup
80481859	de.kfzwirtschaft
80481864	de.kfzzulassung-muenchen
80482048	de.kg-entlackungen
80483107	de.kgkirchspiel-lohn
80483231	de.kgnw
80483236	de.kgo-online
80483422	de.kgs-hamburg
80483790	de.kgv-am-gerastrand
80483889	de.kgv-auweilerweg
80483993	de.kgv-diekmoor401
80484511	de.kgv-nw63
80484887	de.kgv411
80485047	de.kgw08
80485564	de.khajjam
80487621	de.khoa-nguyen
80488033	de.khp-sachverstaendige
80488242	de.khs-bayreuth
80488256	de.khs-coburg
80488343	de.khs-kulmbach
80488385	de.khs-oberfranken-mitte
80489094	de.ki-deutschland
80489236	de.ki-hh
80489278	de.ki-in-der-schule
80489311	de.ki-kanzlei
80489664	de.ki-syndikat
80490595	de.kibelino
80490810	de.kic-immobilien
80491042	de.kickboxcenter-hamburg
80491605	de.kiclub
80492403	de.kidsauftour
80492533	de.kidsgo
80492545	de.kidshamburg
80492658	de.kidspace-hamburg
80492726	de.kidstime-netzwerk
80492834	de.kidz-podcast
80493231	de.kieferchirurgie-muc
80493582	de.kieferorthopaedie-feige
80494056	de.kiek-mal-hier
80494128	de.kiel
80494258	de.kiel-lokal
80494259	de.kiel-magazin
80494307	de.kiel-sailing-city
80494337	de.kiel-szene
80494421	de.kieler-allgemeine
80494516	de.kieler-linuxtage
80494532	de.kieler-ostufer
80495316	de.kiesel-homes
80495719	de.kiever
80495828	de.kiez-tauchgang
80495987	de.kiezkick
80495988	de.kiezkicker
80496501	de.kiga-frieden-christi
80496585	de.kiga-im-alten-schulhaus
80496750	de.kiga-peter-und-paul-trudering
80496869	de.kiga-st-andreas-oberlauterbach
80496907	de.kiga-st-johannes-evangelist
80496927	de.kiga-st-martin-moosach
80496931	de.kiga-st-matthaeus
80496932	de.kiga-st-mauritius
80496946	de.kiga-st-raphael-wolnzach
80497163	de.kigaroo
80497172	de.kigasco
80497253	de.kigq
80497254	de.kigq-news
80497715	de.kikaka
80497936	de.kiko-familienberatung-eilbek
80498010	de.kiks-muenchen
80498025	de.kiku-hh
80498113	de.kila-pirateninsel
80498126	de.kila-vierjahreszeiten
80498548	de.kilimanschanzo
80498806	de.killetsoft
80498831	de.killig
80499104	de.kim-bewertung
80499267	de.kim-todzi
80499330	de.kimapa
80499555	de.kimiaei
80500011	de.kimula
80500081	de.kinact
80500323	de.kindaling
80500599	de.kinder-fegn
80500852	de.kinder-jugendbuch-verlage
80500871	de.kinder-jugendhilfe
80500884	de.kinder-jugendlichenpsychotherapeut-muenchen
80500910	de.kinder-kalender
80500970	de.kinder-kultur-radweg
80500985	de.kinder-laufen-fuer-kinder
80501012	de.kinder-luftballons
80501331	de.kinder-theater
80501506	de.kinder-vom-bullenhuser-damm
80501637	de.kinderaerzte-bad-honnef
80501720	de.kinderaerzte-im-netz
80501773	de.kinderaerzte-muenchen-sued
80501912	de.kinderaerztin-hamburg-neuwiedenthal
80501976	de.kinderaerztinnen-im-westend
80502284	de.kinderarzt-elbvororte
80502643	de.kinderarzt-obk
80502709	de.kinderarzt-reinickendorf
80502797	de.kinderarzt-soulis
80502961	de.kinderarztpraxis-am-grindelberg
80503007	de.kinderarztpraxis-blankenese
80503334	de.kinderarztpraxis-schnelsen
80503539	de.kinderballettschule-4elemente
80503733	de.kinderbetreuung-oberursel-taunus
80503765	de.kinderbetreuung-staatsbibliothek
80503955	de.kinderbuchhaus
80504050	de.kindercampus-hamburg
80504071	de.kinderchiropraxis
80504103	de.kinderchirurgie-kronshagen
80504443	de.kinderfan
80504605	de.kinderforum-hamburg
80504628	de.kinderfotopreis
80504750	de.kindergarten-14-nothelfer
80504826	de.kindergarten-baobab
80504993	de.kindergarten-eschelbach
80505036	de.kindergarten-franz-joseph-strasse
80505199	de.kindergarten-hort-sankt-benno
80505265	de.kindergarten-kinderkette
80505297	de.kindergarten-kolibri
80505375	de.kindergarten-maienweg
80505380	de.kindergarten-maja
80505407	de.kindergarten-matrjoschka
80505603	de.kindergarten-rissen
80505611	de.kindergarten-rolfincken
80505658	de.kindergarten-schaukelpferd
80505663	de.kindergarten-schlaufuechse
80505905	de.kindergarten-unizwerge
80506125	de.kindergartenpaedagogik
80506159	de.kindergartenstjosef
80506181	de.kindergartenwandsbek
80506245	de.kindergeburtstag-planen
80506330	de.kindergesundheit
80506417	de.kindergruppe-gaensebluemchen
80506449	de.kindergruppe-panama
80506469	de.kindergruppehaidhausen
80506582	de.kinderhaus-cosima
80506713	de.kinderhaus-knickweg
80506751	de.kinderhaus-lummerland
80506757	de.kinderhaus-margareten
80506775	de.kinderhaus-muenchen
80506875	de.kinderhaus-spervogelstrasse
80506903	de.kinderhaus-stenvort
80507513	de.kinderhut
80507574	de.kinderinseln
80507751	de.kinderkirchenlieder
80507896	de.kinderkompass-hamburg
80508044	de.kinderkreisel
80508047	de.kinderkreisel-ev
80508141	de.kinderkrippe-soyerhof
80508160	de.kinderkrippe-wolkennest
80508222	de.kinderkulturkarawane
80508341	de.kinderladen-himmelstrasse
80508352	de.kinderladen-karolinenviertel
80508372	de.kinderladen-lollypopp
80508378	de.kinderladen-marienkaefer
80508508	de.kinderland-hamburg
80508524	de.kinderland-kubus
80508535	de.kinderland-moorburg
80508592	de.kinderlandfederleicht
80509236	de.kinderorte-franken
80509251	de.kinderosteopath-hamburg
80509284	de.kinderoutdoor
80509489	de.kinderpraxen-semperstrasse
80509547	de.kinderpropeller
80509570	de.kinderpsychiatrie-berlin
80509686	de.kinderrechte
80510042	de.kinderschutz
80510054	de.kinderschutz-hamburg
80510105	de.kinderschutzbund
80510234	de.kinderschutzbund-hamburg
80510516	de.kinderschutzzentrum-hh
80510836	de.kinderstadt-kitas
80510869	de.kinderstiftung
80510947	de.kinderstube-sendling
80510959	de.kinderstubesethweg
80511325	de.kindertagespflege-laleluci
80512023	de.kindertreff-neuhausen
80512129	de.kinderundjugendmedien
80512193	de.kinderuni-hannover
80512200	de.kinderuni-muenchen
80512446	de.kinderwelt-hamburg
80512745	de.kinderwunschzentrum-hamburg
80513086	de.kinderzirkus-aron
80513141	de.kindesraub
80513210	de.kindheitsblog
80513220	de.kindheitstrauma-aufarbeiten
80513239	de.kindimmittelpunkt
80513344	de.kindlstories
80513358	de.kindness-for-kids
80513447	de.kindundjugendpraxis
80514871	de.kingshotels
80515124	de.kini-korean
80515368	de.kinnertied-duvenstedt
80515404	de.kino-achteinhalb
80515856	de.kinoasyl
80515949	de.kinofenster
80516155	de.kinoplanung
80516487	de.kinzel-bode
80517093	de.kipperkarten-tageskarte
80517419	de.kirbach-design
80517572	de.kirchberg-iller
80517575	de.kirchberg-murr
80517654	de.kirchditmold
80517845	de.kirche-aue
80517935	de.kirche-bautzen-kamenz
80518062	de.kirche-bornaer-land
80518165	de.kirche-claussnitz
80518262	de.kirche-dresden
80518642	de.kirche-hamburg
80518668	de.kirche-hartenstein
80518732	de.kirche-hergershausen
80519281	de.kirche-lnr
80519552	de.kirche-oberfrohna-russdorf
80519787	de.kirche-riesa
80519960	de.kirche-sickenhofen
80520039	de.kirche-stollberg
80520083	de.kirche-thafoe
80520115	de.kirche-treuen
80520197	de.kirche-veddel
80520287	de.kirche-werdau
80520855	de.kirchenaustritt
80520913	de.kirchenbezirk-chemnitz
80520935	de.kirchenbezirk-leisnig-oschatz
80520937	de.kirchenbezirk-loebau-zittau
80520969	de.kirchenbezirk-zwickau
80521158	de.kirchenchorwerk-sachsen
80521671	de.kirchengemeindelexikon
80521847	de.kirchenkreis-hhsh
80522272	de.kirchenmusik-sachsen
80522434	de.kirchenrecht-ekvw
80522446	de.kirchenrecht-nek
80522447	de.kirchenrecht-nordkirche
80522455	de.kirchenrecht-westfalen
80522615	de.kirchenvorstand-sachsen
80522681	de.kirchepulsplus
80522725	de.kircheschnelsen
80522734	de.kirchetauraclaussnitz
80522804	de.kirchgemeinde-brandis-beucha
80522861	de.kirchgemeinde-mittweidaer-land
80522897	de.kirchgemeinde-zeithain
80522952	de.kirchheim-heimstetten
80523007	de.kirchheimer-salzoase
80523303	de.kirchner-immobilienbewertung
80523396	de.kirchnerx
80523404	de.kirchplatz-giesing
80523509	de.kirchspiel-olbernhau
80523575	de.kirchtimke
80524001	de.kirmesecke
80524007	de.kirmesforum
80524064	de.kirmesmagazin
80524460	de.kirschbaumkindergarten
80524581	de.kirschgrafik
80524772	de.kirsi-schreibt
80524839	de.kirsten-brugger
80524996	de.kirsten-von-sydow
80525030	de.kirstenbrodde
80525152	de.kirstenschuemann
80525186	de.kirstgen-partner
80525192	de.kirstin-abel
80525719	de.kiss-karikatur
80525784	de.kiss-the-cook-munich
80526006	de.kissing
80526129	de.kissnews
80526502	de.kita
80526536	de.kita-aktiv
80526578	de.kita-am-daenenstein
80526599	de.kita-am-tannenhof
80526633	de.kita-apfelbaum
80526634	de.kita-apfelbluete
80526662	de.kita-arcoiris
80526676	de.kita-aubing
80526680	de.kita-auenstrasse
80526772	de.kita-biberbau
80526790	de.kita-billwerder-strasse
80526801	de.kita-blankenese
80526959	de.kita-cocori
80526986	de.kita-denickestrasse
80527002	de.kita-die-helden
80527005	de.kita-die-muetze
80527007	de.kita-die-strolche
80527046	de.kita-donbosco
80527111	de.kita-einstieg-hamburg
80527118	de.kita-elbzwerge
80527167	de.kita-erzbistum-hamburg
80527203	de.kita-feldmoching
80527210	de.kita-feuerwache
80527353	de.kita-glockenbachwerkstatt
80527472	de.kita-hasselbrook
80527488	de.kita-haynspark
80527516	de.kita-heilig-kreuz-giesing
80527534	de.kita-heimathafen
80527539	de.kita-heldstrasse
80527582	de.kita-heussweg
80527658	de.kita-huulkamp
80527666	de.kita-ifflandstrasse
80527694	de.kita-inselpark
80527729	de.kita-joki
80527732	de.kita-jonni-birckholtz
80527822	de.kita-kinderperspektiven
80527832	de.kita-kinderzimmer
80527860	de.kita-kleine-entdecker
80527867	de.kita-kleine-nordlichter
80528034	de.kita-lemsahl
80528104	de.kita-lokstedt
80528130	de.kita-luna
80528215	de.kita-marzipanfabrik
80528251	de.kita-messestadtwest
80528294	de.kita-moorwisch
80528300	de.kita-morgenroete
80528307	de.kita-mottenkiste
80528471	de.kita-pasinghimmel
80528533	de.kita-planer
80528622	de.kita-rathausspatzen
80528627	de.kita-rauda
80528781	de.kita-sandkamp
80528809	de.kita-sanktmichael
80528850	de.kita-schnelsen
80528902	de.kita-seminare-hamburg
80528977	de.kita-sparkling-diamonds
80529485	de.kita-stadtinsel
80529535	de.kita-stephanuskinderland
80529612	de.kita-stoltenstrasse
80529649	de.kita-sunshine
80529709	de.kita-treetops
80529715	de.kita-trompitas
80529737	de.kita-umweltpreis
80529831	de.kita-vogelhuettenberg
80529834	de.kita-volksdorf
80529864	de.kita-waldwaechter
80529872	de.kita-wandsewichte
80529899	de.kita-weissenberge
80529998	de.kita-wiwawuschel
80530003	de.kita-woi
80530009	de.kita-wonderland
80530079	de.kita-zweitkraft
80530106	de.kita1833
80530150	de.kitabewertungen
80530176	de.kitabunt
80530203	de.kitaelbvororte
80530215	de.kitaeste
80530222	de.kitafanten
80530280	de.kitagesellschaft-md
80530296	de.kitagrossborstel
80530302	de.kitaharmsstrasse
80530318	de.kitahimmelblau
80530405	de.kitakurzundklein
80530439	de.kitamag
80530475	de.kitamuc
80530493	de.kitaneunmalklug
80530537	de.kitapiloten
80530605	de.kitarechtler
80530725	de.kitas-pfennigparade
80530727	de.kitas-puchheim
80530790	de.kitaschatzkinder
80530838	de.kitaspielpilot
80530946	de.kitaverbund-muenchen-nord
80530947	de.kitaverbund-muenchen-sued-west
80530985	de.kitawandsbek
80530999	de.kitawerk-hhsh
80531194	de.kitchennerds
80531342	de.kitea-kids
80531396	de.kitedream
80531679	de.kito-roller
80532054	de.kitz-magazin
80532107	de.kitzerow-keramik
80532126	de.kitzingen-kanns
80532153	de.kitzinmuenchen
80532354	de.kivbf
80532726	de.kiwifinanz
80533092	de.kj
80533431	de.kjf-muenchen
80534168	de.kjp-ausbildung
80534198	de.kjp-bramfeld
80534231	de.kjp-dittrich
80534302	de.kjp-hoheluft
80534443	de.kjp-petrenz
80534534	de.kjp-rahlstedt
80534636	de.kjp-volksdorf
80534641	de.kjp-warming
80534692	de.kjplenz
80534710	de.kjpp-georgii
80534805	de.kjr-dachau
80534845	de.kjr-hof
80535480	de.kk-mafalda
80535666	de.kk4you
80535954	de.kkh
80536016	de.kkh-wilhelmstift
80536346	de.kkpeters
80536501	de.kks-hofgeismar
80536733	de.kkt-muenchen
80536787	de.kkv-bund
80537281	de.klabauter-theater
80537837	de.klamm
80538178	de.klang-legere
80538439	de.klangdeslichts
80539110	de.klangsache
80539147	de.klangschalen-worms
80539273	de.klangstrolche
80539861	de.klappschott
80540147	de.klararester
80540306	de.klaresbuntesglas
80540766	de.klartext-jura
80540768	de.klartext-kommunikation
80540810	de.klartext-sg
80540827	de.klartext-zentrum
80541303	de.klassenfahrt-klassenfahrten
80541333	de.klassenfahrten-kluehspies
80541402	de.klassenreise-muenchen
80541526	de.klassik-am-odeonsplatz
80541539	de.klassik-begeistert
80541770	de.klassikfavori
80541826	de.klassikradio
80543985	de.klausriepe
80543991	de.klausroggel
80543993	de.klausrohwer
80545734	de.klebigundnagel
80546774	de.kleigafo
80546870	de.klein-borstel
80546871	de.klein-borstel-hilft
80547064	de.klein-klein-verlag
80547223	de.klein-schwarz-wohlers
80547275	de.klein-umzugsservice-hamburg
80547378	de.kleinanzeigen
80547750	de.kleine-auszeit-schaalsee
80547993	de.kleine-glocke
80548367	de.kleine-schritte
80548531	de.kleine-wiesnzelte
80548747	de.kleinefuechse
80549011	de.kleinenordzeit
80549053	de.kleineprise
80549210	de.kleiner-michel
80549533	de.kleinertod
80549886	de.kleineskraftwerk
80549926	de.kleinesspiel
80550104	de.kleinfairlage
80550362	de.kleingarten-im-gefilde
80550476	de.kleingartenanlage-zamdorf
80550535	de.kleingartenverband-muenchen
80550546	de.kleingartenverein-am-olympiaturm-nw30
80550857	de.kleinhuis-hotels
80550859	de.kleinhuis-restaurantschiff
80551331	de.kleinostheim
80551665	de.kleinstein-rundfunk
80551959	de.kleintierpraxis-alfter
80552914	de.kleintierzentrum-harsefeld
80553171	de.kleinurl
80553292	de.kleinwuchs
80553443	de.klemen-homecare
80553868	de.klempnerei-gen
80554317	de.klett
80555582	de.kliada
80555752	de.klick-nach-rechts
80555891	de.klickfieber
80556030	de.klicksafe
80556109	de.klickywelt
80556152	de.kliehm
80556280	de.klifovet
80556373	de.klima-aus-bildung
80556552	de.klima-mensch-gesundheit
80556668	de.klima-und-demokratie
80556694	de.klima-wissen
80556817	de.klimaanpassung-selbstgemacht
80556914	de.klimabuendnis-halstenbek
80556965	de.klimacampus-hamburg
80557016	de.klimadialoge
80557092	de.klimafakten
80557139	de.klimaforum-bau
80557161	de.klimafreundliche-nutzfahrzeuge
80557248	de.klimahochdrei
80557373	de.klimaleitfaden-thueringen
80557423	de.klimamediathek
80557451	de.klimanachrichten
80557482	de.klimaneutral2035
80557550	de.klimapakt-lippe
80557608	de.klimapositivestadt
80557618	de.klimaprojekt
80557650	de.klimaready
80557660	de.klimareporter
80557753	de.klimaschutz-goeppingen
80557797	de.klimaschutz-kommune
80557805	de.klimaschutz-landkreis-neumarkt
80557838	de.klimaschutz-nuertingen
80557869	de.klimaschutz-scharnebeck
80557894	de.klimaschutz-wirtschaft
80557997	de.klimascout
80558272	de.klimawandel-hanstedt-aktiv
80558306	de.klimaweg-geraberg
80558330	de.klimawerkstatt-oberhaching
80558343	de.klimawoche
80558344	de.klimawoche-bielefeld
80558436	de.klimke-cdu
80559271	de.klinik-bergedorf
80559290	de.klinik-chiemseewinkel
80560034	de.klinikum-lueneburg
80560463	de.klinkrade
80560601	de.klippermondesir
80560687	de.klischee-frei
80560785	de.klivatec
80560913	de.kljb-failnbach
80561573	de.kloenschnack
80561630	de.kloeppel-versicherungsmakler
80561790	de.kloevensteenreiter
80561932	de.kloos-kaffeesysteme
80562173	de.kloseversichert
80562356	de.kloster-ettal
80562412	de.kloster-hornbach
80563278	de.klosterschule-hamburg
80563440	de.klotz-baeder
80563442	de.klotz-bestattungen
80563646	de.klrplus
80563839	de.klubfaktor
80564080	de.kluethseecamp
80564158	de.klug-entschuldet
80564291	de.kluge-konsorten
80564766	de.kluxen-co
80565010	de.km-f
80565126	de.km-onlinemarketing
80565154	de.km-reklame
80565319	de.kmathf
80565503	de.kmdnd
80565640	de.kmfv
80565852	de.kmk-zentralratderjuden
80565856	de.kmkbuecholdt
80566064	de.kmr-info
80566490	de.kmu-sicherheit
80566828	de.kn-online
80566883	de.knaack-krane-hamburg
80567249	de.knallt-am-dollsten
80567764	de.knaus-wohnmobil-probleme
80567840	de.knbv
80568062	de.kneip-daute
80568800	de.kneussel
80569096	de.kniesche
80569097	de.kniesche-ot
80569386	de.knip
80569473	de.knipsakademie
80569510	de.knipserle
80570494	de.knoll-elektroinstallation
80570514	de.knoll-it
80570539	de.knoll-pr
80571123	de.knoten-muenchen
80571419	de.knowledger
80571841	de.knuffingen
80571995	de.knusprig-fein
80572369	de.ko-ev
80572518	de.koala-hamburg
80572560	de.koalahilfe
80572981	de.kobl-wilhelmsburg
80573449	de.koc-koeln
80573656	de.koch-essen
80574000	de.koch-umzugslogistik
80574475	de.kochenkunstundketchup
80574661	de.kochgehilfin
80575186	de.kochsternstunden
80575931	de.koebberlingkaltwasser
80576061	de.koechemitgeschmack
80576304	de.koehlbrandbrueckenlauf
80576811	de.koehrer
80576990	de.koellerundpartner
80577070	de.koeln
80577986	de.koelner-starthilfe
80578098	de.koelnerbranchen
80578415	de.koelnmuelheim
80578532	de.koelper
80578766	de.koempf24
80578959	de.koenig-doener-arnstadt
80579004	de.koenig-fliesenverlegung
80579040	de.koenig-haunstetten
80579414	de.koenigin-charlene
80579597	de.koenigrestaurierung
80579661	de.koenigs-wusterhausen
80579872	de.koenigshappen
80579904	de.koenigshof-hamburg
80579974	de.koenigsknirpse
80580222	de.koenigswinter
80580234	de.koenigswinter-rundschau
80580459	de.koepferl
80580633	de.koerbchen-aschersleben
80580679	de.koerber-oberflaechen
80580689	de.koerber-stiftung
80580697	de.koerberhaus
80580768	de.koermer-fahrschule
80581186	de.koerpereinheit-tz
80581416	de.koerpernah-berlin
80581838	de.koert-ing
80582059	de.koester-stiftung
80582301	de.koetter-steuerberatung-frankfurt
80582420	de.kofa
80583823	de.kohs
80584129	de.koinnovationsplatz
80584289	de.kojehostel
80584996	de.kolano-webdesign
80585263	de.kolberblog
80585392	de.koldewey-gesellschaft
80585547	de.kolibri-schule
80585553	de.kolibri-stiftung
80585787	de.kollagenose
80586400	de.kollossa-immobilien
80586742	de.kolping
80587667	de.kolpingmuenchen
80587856	de.koltrast
80587949	de.kolumne-hamburg
80587992	de.kom
80588123	de.komandor-essen
80588605	de.komet-pirmasens
80588917	de.komm-auf-kreuzfahrt
80589009	de.komm-mach-mint
80589247	de.kommapps
80589271	de.kommbio
80589395	de.kommig
80589680	de.kommunal
80589695	de.kommunal-kann
80589703	de.kommunal-magazin
80589735	de.kommunalarchive-bayern
80589856	de.kommunales-bildungsmonitoring
80589885	de.kommunalfinanzen-bw
80589904	de.kommunaljobs
80589962	de.kommunalreferat-muenchen
80589992	de.kommunaltopinform
80590092	de.kommune-digital-forum
80590114	de.kommune21
80590118	de.kommune360
80590549	de.kommunisten
80590560	de.kommunistischepartei
80590886	de.kompakttraining
80591091	de.kompass-nachhaltigkeit
80591289	de.kompetent-barrierefrei
80591471	de.kompetenzapotheken
80591526	de.kompetenzentfaltung
80591584	de.kompetenznetz-ahf
80591668	de.kompetenzonline
80591728	de.kompetenzteamvielheit
80591796	de.kompetenzzentrum-digitale-bildung
80591856	de.kompetenzzentrum-nk
80591862	de.kompetenzzentrum-pflegekinder
80592186	de.komponentenportal
80592302	de.komposttoilette
80592469	de.komsis
80592523	de.komuenchen
80592996	de.konditorei-senf
80593839	de.konfrontative-paedagogik
80593938	de.kongpien
80594034	de.kongress-stottern
80594047	de.kongress-zukunftsschule
80594108	de.kongressradio
80594130	de.kongsbak
80594192	de.konii
80594218	de.konisto
80594622	de.konpasu
80594700	de.konrad-fischer-info
80595438	de.konstantin-kirsch
80595908	de.konstruktiv-pr
80595966	de.konsulate
80596131	de.konsumpf
80596190	de.kontakt-beratung-kid
80596211	de.kontakt-in-krisen
80596215	de.kontakt-kundenservice
80596291	de.kontaktboersen
80596954	de.kontolino
80597076	de.kontorfreiraumplanung
80597240	de.kontrast-gmbh
80597477	de.konturen
80597912	de.konzept-wuppertal
80598143	de.konzepttreu
80598397	de.konzerte-in-deutschland
80598732	de.kooena
80598739	de.koofra
80599230	de.koordination-wpf-hamburg
80599264	de.koordinierungsstelle-schura
80599549	de.kopf-versicherungen
80599599	de.kopfbaut
80600121	de.kopfundkapital
80600133	de.kopfundsteine
80600134	de.kopfundstift
80600479	de.kopo
80600487	de.kopol-hostel-hamburg
80600600	de.kopp-re
80600894	de.kopter-profi
80601475	de.kording
80601837	de.korg-deutschland
80602513	de.kornmuehle-ulm
80602621	de.kornwestheim
80602622	de.kornwestheim-anwalt
80602740	de.korony
80602758	de.korowski-bestattungen
80602843	de.korrektorat-lektorat-koeln
80602864	de.korrektur
80603459	de.kory
80603694	de.koschyk
80603903	de.kosma-fensterbau
80605216	de.kosmetik-podologie-leipzig
80605459	de.kosmetik-spiegel
80605921	de.kosmetikforyou
80606033	de.kosmetikinstitut-haker-weinheim
80606439	de.kosmetikschule-schaefer
80607472	de.kosmonautinnen
80607510	de.kosmos-b
80607552	de.kosmos-sicherheit
80610651	de.kovamo
80611614	de.kowsky
80612374	de.kpb-inso
80612495	de.kph-hamburg
80613137	de.kr-lsa
80613239	de.kr8
80613587	de.krachundgetoese
80613626	de.kradblatt
80614410	de.kraeuterkiste
80614948	de.kraft-stiftung
80615203	de.kraftfuttermischwerk
80615401	de.kraftquelle-der-stille
80616100	de.kraichgau-lokal
80616167	de.kraichtal
80617040	de.kran24
80617201	de.kranich-apotheke-muenchen-app
80617454	de.krankenfahrten-victor
80617677	de.krankengymnastik-klohe
80618119	de.krankenhaus-naturheilweisen
80618264	de.krankenhaushygiene
80618379	de.krankenkassen
80618402	de.krankenkasseninfo
80618417	de.krankenkassenservice24
80618528	de.krankenpflege-kossian
80618605	de.krankenpflege-st-michael
80618717	de.krankenschwester
80619038	de.krankheitsbedingte-kuendigung-hamburg
80619492	de.kraski-fliesen
80619931	de.krauchenwies
80620076	de.kraus-orthopaedie
80620355	de.krause-systems
80620547	de.krauss-gm
80620616	de.kraussevent
80620756	de.krautgarten-blumenau
80620947	de.krautvergleich
80621108	de.kravmaga-hamburg
80621329	de.kraxlkollektiv
80621490	de.krea-kids
80622054	de.kreativ-muenchen
80622283	de.kreativagenturzilly
80622605	de.kreative-mv
80622946	de.kreatives-sachsen
80623068	de.kreativfieber
80623358	de.kreativlabor-freiham
80623850	de.kreativwerden
80624424	de.krebshamburg
80624462	de.krebsinformationsdienst
80624540	de.krebsregister-bw
80625120	de.kreditheld
80625495	de.kredo-goldankauf
80626159	de.kreis-coesfeld
80626182	de.kreis-dueren
80626202	de.kreis-freising
80626232	de.kreis-guetersloh
80626320	de.kreis-nea
80626348	de.kreis-paderborn
80626353	de.kreis-pinneberg
80626354	de.kreis-pinneberg-wirtschaft
80626406	de.kreis-soest
80626421	de.kreis-stormarn
80626459	de.kreis-warendorf
80626802	de.kreiselternrat22
80626935	de.kreisgg
80626987	de.kreishandwerkerschaft-lichtenfels
80627167	de.kreisjugendring-rv
80627357	de.kreislaufschraenke
80627566	de.kreisresidenz
80627836	de.kreisverband-imker-muenchen
80628506	de.krenz-autoservice
80629037	de.krettenweiber
80629176	de.kreuth
80629768	de.kreuzfahrerei
80629793	de.kreuzfahrt-coach
80629879	de.kreuzfahrt100
80629910	de.kreuzfahrten-ab-hamburg
80630042	de.kreuzfahrtjournal
80630051	de.kreuzfahrtkult
80630069	de.kreuzfahrtpiraten
80630079	de.kreuzfahrtradio
80630218	de.kreuzkirche-dresden
80630435	de.kreuztal
80630475	de.kreuzundquer
80630739	de.kribbelbunt
80630901	de.krieg-rechtsanwalt
80631650	de.kriminal-lexikon
80631700	de.kriminalpraevention
80631935	de.kringsingenieurexperten
80632003	de.kripoz
80632019	de.krippe-feldkirchen
80632020	de.krippe-feldmoching
80632044	de.krippe-ramersdorf
80632047	de.krippe-schoenekleinewelt
80632055	de.krippe-wandsbek
80632057	de.krippe-winterhude
80632200	de.krippenverein-osnabrueck
80632361	de.krisen-resilienz
80632532	de.krisennavigator
80632599	de.krisenvorsorge-guide
80632647	de.krishnacomputers
80632771	de.kristall-apotheke-muenchen
80633442	de.kristinakopecky
80633585	de.kristinehonig
80633692	de.kristinvalverde
80633905	de.kritische-min-studierende
80633935	de.kritischeaktionaere
80633949	de.kritischemedizinmuenchen
80633994	de.kritisches-netzwerk
80634525	de.kroeckel-gmbh
80634899	de.krog
80634953	de.kroha-fotografie
80635026	de.krohnstieg
80635826	de.krone-offingen
80636012	de.kronen-apotheke-kiel
80636511	de.kroonhorst-schule
80636629	de.kroschke
80637104	de.krueger-fusswegreinigung
80637280	de.krueger-umzugsservice-bochum
80637546	de.kruemelsgrossereise
80638363	de.kruse-sicherheit
80638794	de.krypto-magazin
80639246	de.ks-brandschutztechnik
80639331	de.ks-entruempelung
80639688	de.ks-rlb
80639817	de.ks-vers-makler
80639895	de.ksa-es
80640559	de.kseh
80640872	de.ksh-muenchen
80641321	de.ksl-detmold
80641541	de.ksp
80641734	de.kss-network
80641740	de.kss-sachsen
80641845	de.ksta
80641991	de.ksv-bobenhausen
80642159	de.ksv-polizeipraxis
80642596	de.kt-reha
80642724	de.ktc-handhabungstechnik
80642946	de.ktk-bundesverband
80643430	de.ktst-pusteblume
80643538	de.ktv-zone
80643683	de.ku
80643854	de.kuba-aumuehle
80643927	de.kuba-viktoria
80643958	de.kubaforen
80644201	de.kubi-stormarn
80644240	de.kubieziel
80644368	de.kubiwahn
80644374	de.kubiz-schule-berne
80644633	de.kuchen-zum-fruehstueck
80645184	de.kudorfer
80645386	de.kueche-berlin-entruempelung
80645727	de.kuechen-dahl
80646154	de.kuechen-montage-hamburg
80647016	de.kuechenliebhaber
80647249	de.kuechenreinigung-muenchen
80647860	de.kuechenwohntrends
80647890	de.kuechenzoellner
80648378	de.kuehlschmierstoffe-schmierstoffe
80648414	de.kuehlschruppe
80648644	de.kuehn-steuerstrafrecht
80648681	de.kuehnax
80649137	de.kuemmerlein
80649155	de.kuemo-montage
80649240	de.kuendigungsretter
80649514	de.kuenstlerbund
80649815	de.kuenstlermitherz
80649820	de.kuenstlernachlaesse
80650019	de.kuenzelsau
80650036	de.kuenzl
80650611	de.kuestendaten
80650625	de.kuestenexkursion
80650702	de.kuestenkirmes
80651558	de.kugleralm
80651865	de.kuhlewampe-hd
80651978	de.kuhlmei
80652883	de.kuki-design
80652941	de.kukita
80653114	de.kukumuc
80653186	de.kuladig
80653385	de.kulinarische-schnitzeljagd
80653568	de.kull-kg
80654269	de.kultourbunt
80654493	de.kultur-barrierefrei-muenchen
80654653	de.kultur-garching
80654687	de.kultur-hamburg
80654782	de.kultur-im-trafo
80654887	de.kultur-kick
80654922	de.kultur-kreativ-wirtschaft
80654958	de.kultur-lemuc
80655003	de.kultur-muenchen
80655071	de.kultur-port
80655132	de.kultur-schmeckt
80655296	de.kultur-vollzug
80655400	de.kulturagenten-hamburg
80655439	de.kulturamran
80655978	de.kulturelle-integration
80655989	de.kulturellebildung
80656025	de.kulturenergiebunker
80656310	de.kulturforum-mwest
80656373	de.kulturfreak
80656560	de.kulturgiesserei-saarburg
80656668	de.kulturgutspiel
80656736	de.kulturhaus-eidelstedt
80656770	de.kulturhaus-milbertshofen
80656809	de.kulturhaus-suederelbe
80656898	de.kulturhof-dulsberg
80656915	de.kulturhof-letschow
80656955	de.kulturimblock
80656956	de.kulturimblog
80656966	de.kulturimmobilie
80657069	de.kulturisten-hoch2
80657078	de.kulturjahr
80657125	de.kulturkarte
80657221	de.kulturkirche2025
80657682	de.kulturlotse
80657739	de.kulturmarken
80657840	de.kulturnahwohnen
80657842	de.kulturnatur
80657856	de.kulturnetz-hamburg
80657999	de.kulturpate-ev
80658040	de.kulturpixel
80658065	de.kulturportal-bayern
80658072	de.kulturportal-herzogtum
80658083	de.kulturportal-russland
80658099	de.kulturpreise
80658125	de.kulturpunkt-basch
80658199	de.kulturraum-arnsberg
80658217	de.kulturraum-muenchen
80658249	de.kulturreferat
80658250	de.kulturreferat-technik
80658276	de.kulturreise-ideen
80658409	de.kultursalonplus
80658479	de.kulturschloss-wandsbek
80658561	de.kultursensibel
80658636	de.kultursommer-oberhafen
80658667	de.kultursommerinderstadt
80659559	de.kulturwerk-rahlstedt
80659608	de.kulturwerkstatt-harburg
80659684	de.kulturwohnzimmer
80659769	de.kulturzentrum-trudering
80659823	de.kultweet
80659905	de.kuma-websolutions
80661027	de.kundenstopper-katalog
80661223	de.kunds24
80661307	de.kunertundlorenz
80661514	de.kunibertus-gymnich
80661858	de.kunst-antiquitaeten
80662477	de.kunst-kita
80662590	de.kunst-mag
80662616	de.kunst-mentoring
80662684	de.kunst-oder-reklame
80662747	de.kunst-raub-rueckgabe
80662851	de.kunst-stipendium
80662997	de.kunst-und-kultur
80663075	de.kunst-unterrichten
80663332	de.kunstareal
80663337	de.kunstarkaden-muenchen
80663411	de.kunstaufseide
80663516	de.kunstberatung-gumppenberg
80663622	de.kunstbuero-bw
80664903	de.kunsthaushamburg
80664964	de.kunsthochschulekassel
80665085	de.kunstimschmuck
80665264	de.kunstkioske
80665460	de.kunstkulturrespekt
80665578	de.kunstlinks
80665723	de.kunstmeile-hamburg
80665790	de.kunstmuehle-mn
80666022	de.kunstpioniere
80666095	de.kunstprojekt-permanus
80666972	de.kunstspielorte
80667040	de.kunststiftung-sachsen-anhalt
80667496	de.kunststoffverarbeitung-muenchen
80667509	de.kunststoffweb
80667650	de.kunsttherapie-hagenheimer
80667688	de.kunsttherapie-netzwerk
80667778	de.kunsttransport-muenchen
80667897	de.kunstundkante
80668014	de.kunstundstil
80668261	de.kunstverein-muenchen
80668408	de.kunstvereinblankenese
80669102	de.kuntforum
80669355	de.kunze-medien
80669948	de.kupka-stillfried
80670024	de.kuppenheim
80670547	de.kurd-lasswitz-preis
80670568	de.kurdische-gemeinde
80670579	de.kurdischegemeinde-muenchen
80670674	de.kurfuerst-hotel
80670974	de.kurier
80671034	de.kurierag-hamburg
80671110	de.kurierdienstsauerland
80671234	de.kurklub
80671450	de.kurparkfest-bza
80671676	de.kurs-elbe
80671687	de.kurs-institut
80671773	de.kursbuch-klassenfahrt
80671916	de.kursfinder
80672082	de.kursvz
80672089	de.kurswechsel-hamburg
80672109	de.kurswoche
80672123	de.kurszukunft
80672155	de.kurt-bonsels
80672274	de.kurt-koerber-gymnasium
80672286	de.kurt-landauer-stiftung
80672355	de.kurt-schluesseldienst
80672387	de.kurt-staudt
80672777	de.kurtze
80672953	de.kurwinkel
80673068	de.kurz-mal-weg
80673081	de.kurz-natursteine
80673270	de.kurzelinks
80673327	de.kurzfilmagentur
80673538	de.kurzreporter
80673822	de.kus-metall
80673825	de.kus-pfaffenhofen
80674207	de.kusep
80675647	de.kutterfisch-hh
80677072	de.kv-architektur
80677314	de.kv-garten-mil
80677755	de.kv-rlp
80678245	de.kvb
80678937	de.kvglinde
80678980	de.kvh-fuer-mich-da
80679067	de.kvhs-cochem-zell
80679101	de.kvhs-myk
80679116	de.kvhs-pm
80679308	de.kvk-enkenbach
80679333	de.kvkb
80679532	de.kvr-muenchen
80680123	de.kwag
80680125	de.kwag-recht
80680226	de.kwb
80680255	de.kwb-stiftung
80680762	de.kwm-energie
80680943	de.kws-advice
80682585	de.kz-bruttig-treis
80682592	de.kz-gedenkstaette-dachau
80682600	de.kz-gedenkstaette-neuengamme
80682686	de.kzv-berlin
80683112	de.l-iz
80683983	de.la-concept
80684142	de.la-faerber
80684637	de.la-na
80684837	de.la-piazzetta-restaurant
80685005	de.la-rundschau
80685250	de.la-trattoria-solln
80685429	de.la24muc
80685829	de.labarre-galabau
80686819	de.lablue
80686961	de.labo-deutschland
80687232	de.labor-augsburg-mvz
80687353	de.labor-dr-boehm
80688053	de.laboranalyse24
80688497	de.laborx-hamburg
80688559	de.labournet
80689064	de.labs4future
80689119	de.labtree
80689125	de.labu-steuer
80689373	de.lacantina-rosso
80690850	de.lackiertechnik-raue
80691083	de.lackreparatur-leipzig
80691141	de.lackspanndecken-spanndecken
80691183	de.lackus-lack
80691684	de.lade
80691767	de.ladehero
80691964	de.ladenburg-ferienwohnung
80692267	de.ladiesahoi
80692623	de.lady-blog
80692799	de.lady50plus
80693291	de.laehnemann
80693351	de.laemmermarkt
80693410	de.laenderbahn-forum
80693446	de.laenderservice
80693463	de.laendle-web
80693668	de.laermschutz-kaufen
80693671	de.laermschutz-mieten
80694125	de.lafita
80694382	de.lag-gentechnik
80694511	de.lag-sb-thueringen
80694524	de.lag-selbsthilfe-bayern
80694583	de.lag-wfbm-hamburg
80694603	de.lag21
80694627	de.laga-online
80694753	de.lageanalyse24
80694765	de.lageblick
80694767	de.lagebriefing
80694774	de.lagefokus
80694775	de.lagefokus24
80694776	de.lageheute
80694779	de.lagejournal
80694781	de.lagekompass
80694814	de.lagepunkt
80695126	de.lagerhausfeldkirchen
80695504	de.lagh-hamburg
80695942	de.lags-hamburg
80696134	de.lahde-weser
80696598	de.laich-metalltechnik
80696831	de.laim-online
80696832	de.laim-up
80696848	de.laimer-historiker
80696858	de.laimerschluempfe
80697136	de.lak-bremen
80697432	de.lakemann-lehrte
80698387	de.laks-bw
80698779	de.lallf
80699174	de.lamapoll
80699342	de.lambda-nord
80700022	de.laminierungen-muenchen
80700578	de.lampe-lagerboxen
80700730	de.lampenfieber-theater
80701038	de.lampsha
80701288	de.lamy-clean
80702198	de.land-der-erfinder
80702243	de.land-der-traeume
80702969	de.land-wursten
80703018	de.landahaus-dadomenico
80703023	de.landakademie
80703548	de.landaukindelbacher
80704265	de.landenberger-coaching
80704281	de.landentwicklung
80704426	de.landesbildarchiv
80704478	de.landeselternausschuss
80704513	de.landesfachstelle-barrierefreiheit
80704560	de.landesforsten
80704571	de.landesfrauenrat-hamburg
80704678	de.landeshauptstadt-muenchen
80704792	de.landeskomitee
80704817	de.landeskunde-saarland
80704889	de.landesmusikakademie-hamburg
80704930	de.landesnachrichtenportal
80704936	de.landespflege
80704939	de.landespflege-referendariat
80704988	de.landesrechnungshof-sh
80705071	de.landesstelle-bw-wegbegleiter
80705072	de.landesstelle-hamburg
80705196	de.landesverein-hamburg
80706594	de.landgasthof-haagen
80708094	de.landhaus-hoeck
80708451	de.landhaus-panorama
80708513	de.landhaus-restaurant-hamburg
80708595	de.landhaus-schultenwede
80708911	de.landhausambiente-friedrich
80709004	de.landhaushammoor
80709184	de.landhauswagner
80709419	de.landhotel-drexler
80709493	de.landhotel-hallnberg
80709638	de.landhotel-pferdeschulze
80709816	de.landhoteleschenhof
80710319	de.landkreis-boerde
80710330	de.landkreis-cuxhaven
80710353	de.landkreis-erding
80710419	de.landkreis-landsberg
80710428	de.landkreis-lindau
80710434	de.landkreis-lueneburg
80710453	de.landkreis-muenchen
80710463	de.landkreis-neunkirchen
80710482	de.landkreis-osnabrueck
80710557	de.landkreis-uelzen
80710599	de.landkreisfirmen
80710619	de.landkreiskassel
80711871	de.landschafftwerte
80712235	de.landschaftspark-west
80712375	de.landschaftsverband-stade
80712481	de.landschof-immobilien
80712639	de.landshut
80712684	de.landshut-news
80712786	de.landsiedel-seminare
80712999	de.landtagsrevue
80713331	de.landungsbruecken-hamburg
80713378	de.landurlaub-schwangau
80713490	de.landwehr-apotheke
80713499	de.landwehr-cie
80714920	de.langen
80715001	de.langenachtderliteratur
80715003	de.langenachtdermuseen-hamburg
80715267	de.langenhoernchen
80715270	de.langenholdinghausen
80715594	de.langer-vermoegensanlagen
80715609	de.langerbauer
80715656	de.langermeier
80715784	de.langewiese
80715842	de.langfurther-hof
80716643	de.langwied
80716734	de.langzeittest
80718144	de.lapk-hamburg
80718238	de.lappe
80718245	de.lappe-jobs
80718325	de.lappset
80719165	de.larilara
80719239	de.larissa-engl
80719600	de.larp-planung
80719762	de.lars-city
80719819	de.lars-hattwig
80720002	de.lars-tenfelde
80720076	de.larsboettger
80720143	de.larsfassmann
80721065	de.laser-rohrbearbeitung
80721566	de.laserlady-giessen
80721630	de.lasermedizin-wolgast
80722073	de.lasertreffhamburg
80722383	de.lasiportal
80722729	de.lassen-gmbh
80723179	de.lastenrad-ammerland
80723234	de.lastenrad-zentrale
80723831	de.lat-niedersachsen
80724031	de.lateinamerikaverein
80724057	de.lateinkurse-deutschland
80724634	de.latinstrings
80725129	de.laubegast-online
80725139	de.lauben
80725168	de.laubenland
80725343	de.lauchaecker
80725357	de.lauchhau-lauchaecker
80725404	de.lauda-koenigshofen
80725585	de.lauenburg-tourismus
80725653	de.lauer-harthun
80726185	de.laufend-optimistisch
80726650	de.laufmix
80727095	de.lauftreff-roettenbach
80728249	de.lauraschnitzlerphotography
80728464	de.laurent-baugeschaeft
80728682	de.laurich-kollegen
80728707	de.laurin-apotheke
80728800	de.laurustico
80728863	de.lauschabwehr-abhoerschutz
80728868	de.lauschabwehr-muenchen
80728991	de.lauser-versicherungsmakler
80729307	de.lausitzkirchentag
80729463	de.lautenbach-renchtal
80730209	de.lava-grill-breitungen
80730427	de.lavecchiamasseria
80730493	de.lavendelblog
80730765	de.lavieen
80730848	de.lavinia-pflege
80731058	de.law-blog
80731062	de.law-clinic
80731115	de.law-school
80731137	de.lawa
80731152	de.lawaetz
80731153	de.lawaetz-ggmbh
80731196	de.lawblog
80731431	de.lawst
80731725	de.layline
80732492	de.lbd
80732523	de.lbeg
80732914	de.lbsbm
80733035	de.lbv-muenchen
80733052	de.lbv-termine
80733063	de.lbv-wue
80733084	de.lbz
80733253	de.lc-ka-fidelitas
80733369	de.lc-top
80733707	de.lch
80733887	de.lcproductions
80734176	de.ldd-web
80734417	de.ldv-nord-west
80734458	de.le-a
80735072	de.lea-hamburg
80735207	de.leaberlin
80735513	de.leader-steinburg
80735599	de.leadership-berlin
80735718	de.leadersnet
80735743	de.leadfluss
80735785	de.leading-culture
80735981	de.leadsleader
80736025	de.leadway
80736180	de.leahampel
80736929	de.learning-digital
80736949	de.learning-lab
80737258	de.leasing-point
80737599	de.lebalcony
80737735	de.lebe-im-alter
80737888	de.lebegeil
80738140	de.leben-im-leben
80738192	de.leben-in-deutschland-test
80738361	de.leben-mit-heimtier
80739023	de.lebendigesgrossborstel
80739596	de.lebensart-sh
80740353	de.lebensgemeinschaften-pestalozzi
80740425	de.lebenshaus-alb
80740493	de.lebenshilfe-barnim
80740531	de.lebenshilfe-bremen
80740807	de.lebenshilfe-muenchen
80741630	de.lebensmittel-produktion
80741659	de.lebensmittel-warenkunde
80741943	de.lebensplaetze-frauen
80742860	de.lebenswert71
80742938	de.lebenswertes-klein-borstel
80742981	de.lebenswertesaubing
80743664	de.lech-camping
80744346	de.leckerhochdrei
80744474	de.leckmeister
80744685	de.lecturio
80745115	de.led-tek
80745325	de.ledeabal
80745837	de.lederhosen-express
80745848	de.lederhosen-stadl
80746594	de.ledsports
80746607	de.ledstyles
80746661	de.ledwall-360
80746823	de.leefje
80747234	de.leevkedraack
80747265	de.leezen-sh
80747547	de.leg-thueringen
80747717	de.legal-tech-verzeichnis
80747752	de.legalcareer
80747753	de.legalcareers
80747755	de.legalclaro
80748091	de.legat-living
80748359	de.legep
80748691	de.legourmand
80748875	de.lehelconsult
80748876	de.lehelden
80749261	de.lehmannhueber
80749836	de.lehramtreferendariat
80749871	de.lehrbiotop
80749892	de.lehrcare
80749911	de.lehre-schwab
80749963	de.lehrer-in-hamburg
80749982	de.lehrer-news
80749987	de.lehrer-online
80750074	de.lehrerforen
80750075	de.lehrerfortbildung
80750086	de.lehrerfreund
80750092	de.lehrergesundheit-fortbildungen
80750097	de.lehrergewerkschaften-hamburg
80750130	de.lehrerlinks
80750287	de.lehrkraft24
80750423	de.lehrstelle-handwerk
80750442	de.lehrstellenatlas-bergedorf
80750461	de.lehrstellwerk-kornwestheim
80750787	de.leibniz-gemeinschaft
80750804	de.leibniz-hbi
80750819	de.leibniz-interact
80750824	de.leibniz-ipn
80750837	de.leibniz-lab-pandemic-preparedness
80750841	de.leibniz-lib
80750843	de.leibniz-liv
80751167	de.leicht-fuer-alle
80751327	de.leichtathletik-in-hamburg
80751542	de.leichte-sprache
80751553	de.leichte-sprache-koeln
80751559	de.leichte-sprache-sachsen
80752129	de.leifels-architekten
80752890	de.leinemann-stiftung
80752971	de.leinenlos-blog
80753050	de.leiners
80753123	de.leinfelden-echterdingen
80753357	de.leipheim
80753628	de.leipzig-leben
80753681	de.leipzig-netz
80753754	de.leipzig-seminar
80753773	de.leipzig-stadtfueralle
80754127	de.leipziger-schluesseldienst
80754128	de.leipziger-schluesseldienst-leipzig
80754347	de.leipzigmedicalschool
80754746	de.leistung-macht-schule
80755143	de.leitfaden-finanzen
80755421	de.leitungsauskunft-online
80755556	de.lejeune-academy
80755656	de.lekkerland
80755848	de.lektion1
80756585	de.lektorat-sommerkamp
80757244	de.lelayoga
80757531	de.lelldorin
80758035	de.lemans
80758266	de.lembeck
80758422	de.lembke-seminare
80758632	de.lemgo
80758635	de.lemgo-blog
80760435	de.lemonswan
80760812	de.lena-shooting
80760946	de.lenafistler
80760982	de.lenahaellmayer
80761580	de.lene-voigt-gesellschaft
80761733	de.lenggries
80761920	de.lenis-magic-boebbel
80762607	de.lens-aid
80762910	de.lentzke-gienanth
80762943	de.lenz-auf-die-buehne
80763061	de.lenz-projektentwicklung
80763275	de.lenzsiedlung
80763339	de.leo-bw
80764022	de.leon-ralf-personal-training-hamburg
80764095	de.leonard-cohen-project
80764165	de.leonardmandl
80764505	de.leonet
80765035	de.leonore-goldschmidt-schule
80765993	de.leps
80766403	de.lernando
80766713	de.lernen-aus-der-geschichte
80766746	de.lernen-foerdern-ev
80766828	de.lernen-mit-spass
80766921	de.lernenhochzwei
80766946	de.lernenmachtstark
80767114	de.lernfoerderung
80767205	de.lernhausfilm
80767422	de.lernmit
80767441	de.lernnetz
80767490	de.lernort-kulturkapelle
80767557	de.lernpfote
80767593	de.lernportal-sachsen-lebenskompetenz
80767699	de.lernsax
80767716	de.lernserver
80767790	de.lernstoffplus
80767859	de.lernstudio-wattenscheid
80768185	de.lerntiere
80768301	de.lernwerk
80768305	de.lernwerk-ergotherapie-celle
80768380	de.lernwirkstatt-inklusion-nl
80769007	de.lese-art
80769062	de.leseberg
80769133	de.leseeulen
80769147	de.lesefest-seiteneinsteiger
80769169	de.lesefreizeit
80769287	de.leseleo
80769466	de.lesenetz-hamburg
80769492	de.lesenmitlinks
80769521	de.lesenundschreibenhh
80769746	de.lesewelt-hamburg
80769782	de.lesezeichen-muenchen
80770689	de.letra
80770732	de.lets-do-this
80770939	de.letsdok
80772304	de.letterworld
80773109	de.letztetheman
80774837	de.leuchtreklame-pylonen
80775359	de.leuchtturmneuwerk
80776046	de.leuphana
80777230	de.levartworld
80777837	de.levelup-hamburg
80777875	de.levelv-finanz
80778397	de.lew-stb
80778789	de.lexaru
80778790	de.lexas
80778917	de.lexiklopedia
80778932	de.lexikon-betreuungsrecht
80779258	de.lexware
80779536	de.lez-muenchen
80779834	de.lfgr60
80779853	de.lfi-muenchen
80780066	de.lfv-bayern
80780344	de.lg-isek
80780350	de.lg-itzehoe
80780521	de.lg-swm
80780798	de.lgheute
80781012	de.lgs-schrotthandel
80781201	de.lh-architekten
80781485	de.lheidorn
80781499	de.lhf-ffm
80781602	de.lhhh
80781667	de.lhm-services
80781712	de.lhp-gruppe
80781727	de.lhr-law
80781835	de.lhw-muc
80781900	de.li-hamburg
80782050	de.liag-institut
80782180	de.liane-klar
80782810	de.liberi-forum
80783089	de.libingua
80783330	de.librileo
80783468	de.licence24
80784414	de.lichtblick
80784990	de.lichtenbergwoche
80785050	de.lichtenrade-berlin
80785181	de.lichterderwelt
80785285	de.lichterlauf-hamburg
80785637	de.lichthof-theater
80785659	de.lichtigfeld-schule
80785769	de.lichtkonfetti
80785972	de.lichtmess-kino
80786581	de.lichttexte
80786745	de.lichtverschmutzung-hessen
80786787	de.lichtwark-theater
80786791	de.lichtwarktheater
80786878	de.lichtwerk-fotostudio
80786933	de.lichtwoche-muenchen
80787158	de.lidd
80787460	de.liebau-ot
80787685	de.liebe-und-selbstfindung
80787715	de.liebe-zur-hochzeit
80787995	de.liebensbriefe
80788035	de.liebenswerte-region
80788192	de.lieberleichter
80788508	de.liebeskind
80788578	de.liebesleben
80788832	de.liebevoll-bestattungen
80788888	de.liebevolle-assistenz
80788889	de.liebevolle-betreuung24
80788892	de.liebevolle-haushaltshilfe
80789055	de.liebfrauenschule-nottuln
80789094	de.liebhaberreisen
80789191	de.liebig-immo
80789379	de.lieblings-eis
80789400	de.lieblings-kita
80789478	de.lieblingsbleiben
80789821	de.lieblingsort-buxtehude
80789877	de.lieblingsplatz-garmisch
80790000	de.lieblingsspot
80791939	de.lienzinger-gaden
80792039	de.lies-feddich
80792270	de.liesmalwieder
80792356	de.lietz-betriebshygiene
80792534	de.life-besserleben
80792550	de.life-career-coaching
80792619	de.life-einkaufszentrum
80792987	de.lifeaktiv
80793401	de.lifeismusic
80793450	de.lifeline
80793595	de.lifepr
80793652	de.lifesciencenord
80793708	de.lifespring
80793759	de.lifestyle-bunny
80793979	de.lifestylefitness
80794143	de.lifeverde
80794465	de.lig-hts
80794617	de.ligakranken
80794686	de.ligeti-zentrum
80794908	de.lightart-photography
80795747	de.lignum-nord
80795957	de.likanas
80796591	de.lilalu
80796605	de.lilalupi
80796659	de.lilasp-landschaftsarchitektur-stadtplanung
80796999	de.lilienruh
80797308	de.lille-hues
80797622	de.lillithalgott
80797628	de.lilliundluke
80798080	de.lilymag
80798147	de.lima-city
80798217	de.limainvestimmobilien
80798356	de.limbacher-architekten
80798554	de.limcons
80798806	de.limestonevalue
80799200	de.limobus-hamburg
80799605	de.lin25
80799670	de.lina-net
80799687	de.lina-s
80799819	de.linara
80800105	de.linda-heitmann
80800507	de.lindacher-arbeitsrecht
80802230	de.lindenauer-immobilien
80802604	de.lindenhof-prien
80803006	de.lindera
80803024	de.linderlab
80803831	de.lindnersboxenstopp
80804276	de.linea-futura
80804876	de.lingidoo
80804966	de.lingott
80805024	de.lingua-medica-hamburg
80805047	de.lingua-world
80805127	de.linguatec
80805186	de.linguistik-vs-gendern
80805443	de.linieplus
80805556	de.link-datenbank
80805600	de.link-im-internet
80805681	de.link-seo
80805850	de.linkbomber
80806350	de.linklegal
80806494	de.links-enttarnt
80806583	de.linkseite-nrw
80806592	de.linksfraktion-altona
80806611	de.linksfraktion-eimsbuettel
80806618	de.linksfraktion-hamburg
80806619	de.linksfraktion-hamburg-harburg
80806620	de.linksfraktion-hamburg-mitte
80806646	de.linksfraktion-nord
80806677	de.linksfraktion-wandsbek
80806683	de.linksfraktionsachsen
80806803	de.linksnet
80807025	de.linn-praezision
80807159	de.linnerrichter
80807184	de.linnewebergmbh
80807554	de.linsenspektrum
80808039	de.linux-praktiker
80808395	de.linxxnet
80808598	de.lion-feuchtwanger-gymnasium
80808835	de.lions
80809467	de.lions-ruesselsheim-cosmopolitan
80809721	de.lionsclub-hochschwarzwald
80809898	de.lionsleague
80810058	de.lipalabs
80810811	de.lippewelle
80810923	de.lippold
80810969	de.lippstadt-app
80811532	de.liquorland
80812033	de.lisa-sprachreisen
80812466	de.lisamariaotte
80812996	de.lisel
80813401	de.listandsell
80813405	de.listax
80813499	de.listenchampion
80813602	de.listflix
80813633	de.listingstar
80813945	de.litera-bavarica
80814196	de.literatur-muenchen
80814378	de.literaturfest-muenchen
80814431	de.literaturhaus-frankfurt
80814438	de.literaturhaus-hamburg
80814447	de.literaturhaus-muenchen
80814482	de.literaturinhamburg
80814527	de.literaturkritik
80814606	de.literaturport
80814608	de.literaturportal-bayern
80814645	de.literaturseiten-muenchen
80814990	de.litia
80815350	de.little-hamburgers
80815407	de.little-lab
80815483	de.little-proud-studio
80815603	de.littleasia-kulmbach
80815815	de.littlegiants
80816099	de.littleshopofscience
80816166	de.littletravelsociety
80816275	de.litus-it
80816328	de.litzendorf
80817039	de.livealarm
80817223	de.livecom-gruppe
80817353	de.livehere
80817372	de.liveingermany
80817412	de.livelifegreen
80817521	de.livemusicnow-muenchen
80817556	de.livemusikkommission
80818032	de.liviajosephine
80818144	de.living-diversity
80818181	de.living-hamburg
80819492	de.livving
80819531	de.liwalo
80819600	de.liwi-verlag
80820035	de.lizzart
80820255	de.ljo-hamburg
80820274	de.ljr-hh
80820340	de.ljv-hamburg
80820558	de.lk-starnberg
80821229	de.lks-klima
80821280	de.lksuedwestpfalz
80821703	de.lkwf
80822032	de.llgwonnegau
80822577	de.lmbhh
80822755	de.lmg-hamburg
80822756	de.lmg-hh
80822848	de.lmjd
80822997	de.lmr-hh
80823151	de.lmu
80823164	de.lmu-klinikum
80823256	de.lmz-bw
80823548	de.lnv-bw
80823635	de.lo-studente-lieferservice
80823670	de.load-ev
80823779	de.lob-entertainment
80823791	de.lob-magazin
80823895	de.lobbypedia
80824304	de.local-line
80824484	de.localiser
80824496	de.localjob
80824966	de.locationrobot
80825026	de.loccum
80825240	de.lochstein
80825638	de.loco-vs
80825800	de.locuimin
80826135	de.loechgau
80826217	de.loeer-bestattungen
80826496	de.loehle-umzuege
80826812	de.loerrach-fuer-alle
80826952	de.loescher-online
80827242	de.loestige-innenstaedter
80827951	de.loewen-bar
80828031	de.loewen-immobilien-hildesheim
80828191	de.loewenapotheke-dr-welslau
80828260	de.loewenberg-partner
80828367	de.loewenforum
80828502	de.loewenkoenig
80828787	de.loewenzahnfanclub
80829369	de.logbuch-netzpolitik
80829899	de.logimobi-events
80829971	de.loginext
80830400	de.logistikjob
80830481	de.logistiktreff
80830787	de.logo-hermannkriebel
80830945	de.logo-pulverhof
80831565	de.logopaedie-badkoetzting-schoefer
80831845	de.logopaedie-duvenstedt
80831850	de.logopaedie-echo
80831986	de.logopaedie-fuhlsbuettel
80832075	de.logopaedie-gvm
80832218	de.logopaedie-holzaepfel
80832636	de.logopaedie-mannheim
80832680	de.logopaedie-meyer-goslar
80833032	de.logopaedie-rotherbaum
80833408	de.logopaedie-wald-michelbach
80833521	de.logopaedie-zentral
80833534	de.logopaedie-zorneding
80833847	de.logopraxis-schubert
80833962	de.logosin
80834018	de.logotel-software
80834327	de.lohbruegge
80835145	de.lohnsteuer-kompakt
80835314	de.lohnsteuerhilfe-hamburg
80836984	de.loki-schmidt-stiftung
80837118	de.lokomotive-hh
80837325	de.lola-hh
80837422	de.lolaroggeschule
80837601	de.lollo-muenchen
80837806	de.lombert
80838105	de.londi
80839607	de.looping-magazin
80839649	de.looprituals
80840103	de.lora924
80840710	de.lorentspace
80841144	de.lorenzipsum
80841360	de.lori-apotheke
80842359	de.losrein
80842462	de.lost-fans
80842657	de.lostin
80843202	de.lotharmueller
80843288	de.lothringer13
80843413	de.lotse-jugendhilfe
80843460	de.lotsenschoner
80843471	de.lotsinnen
80843478	de.lotspeich-immobilien
80843536	de.lottafrei
80843645	de.lottebranz12
80843770	de.lottesabenteuer
80844594	de.lottozahlen-rechner
80845557	de.louis
80846313	de.lounge-factory
80846724	de.love-repair
80846840	de.loveandcompass
80846990	de.lovedecorations
80847523	de.lovepoint
80847843	de.lovinghut
80848177	de.lowcodeday
80848305	de.lowino-ms
80848818	de.lpb-mv
80848873	de.lpe-hamburg
80848946	de.lpgforum
80849034	de.lpkj
80849355	de.lpvg-hh
80849672	de.lra-bgl
80849683	de.lra-fo
80849687	de.lra-gap
80849879	de.lro-architekten
80850016	de.lrs-uebersetzer-muenchen
80850085	de.lrv-hamburg
80850245	de.ls-gievenbeck
80850534	de.lsb-hamburg
80850603	de.lsbttiq-bw
80850655	de.lsc-oeventrop
80850939	de.lsgbayern
80851049	de.lsj-sachsen
80851364	de.lssh
80851711	de.lsv-wipperfuerth
80851754	de.lsvd
80851780	de.lsvham
80851871	de.lsww
80852815	de.lto
80852926	de.lts-strassenbau
80853614	de.luber-hoerakustik
80854000	de.lucan
80854298	de.lucaundlia
80854496	de.luchterhandt
80854588	de.luciagrauel
80856934	de.ludwig-jall-sportfest
80857005	de.ludwig-nachrichtentechnik
80857015	de.ludwig-oehm
80857260	de.ludwighartmann
80857380	de.ludwigs-vorstadt
80857399	de.ludwigsburg
80857497	de.ludwigsebastian
80857505	de.ludwigsfeld-iglu
80857506	de.ludwigsfeld-im-dialog
80857507	de.ludwigsfeld-muenchen
80857531	de.ludwigsgymnasium-muenchen
80857758	de.luebben-mall
80857839	de.luebeck
80857851	de.luebeck-anzeiger
80857912	de.luebeck-magazin
80857958	de.luebeck-tourismus
80858261	de.luebz
80858490	de.lueckundlocke
80858551	de.luedenhausen
80858638	de.luedeuhren
80859054	de.luene-blog
80859342	de.luenepedia
80859348	de.lueneplaner
80859895	de.luetthues-blankenese
80859923	de.luetting-hh
80860175	de.lufisch
80860392	de.luftballons-deutschland
80860402	de.luftballons-fasching
80860416	de.luftballons-helium
80860428	de.luftballons-karneval-fasching
80860438	de.luftballons-luftballonshop
80860528	de.luftbewusst
80860678	de.luftbildsuche
80861180	de.luftmessnetz
80861279	de.luftreiniger-raumluft
80861395	de.luftschutzsirene
80861786	de.lugert-verlag
80861884	de.lugs
80862109	de.luigiworld
80862443	de.luise-kultur
80862604	de.luisenhoefe-aachen
80862828	de.luitpoldbad
80862830	de.luitpoldblock
80862852	de.luitpoldundauguste
80862891	de.lujongyoga
80863231	de.lukas-schmidt-russnak
80863603	de.lukasolar
80864710	de.lumics-consulting
80865249	de.lumpi4
80865310	de.luna-automaten
80865410	de.luna-park
80865547	de.lunaherbs
80865593	de.lunamag
80865719	de.lunartec
80866017	de.lundk
80866650	de.lunker-physios
80866800	de.lup-schule
80866995	de.lupo-tennis
80867102	de.lupulin
80867149	de.lupus-selbsthilfe
80867290	de.luro
80867307	de.lurum
80867308	de.lurup
80867310	de.lurup222
80867669	de.lust-auf-stadt
80868055	de.lustigonline
80868510	de.lutherkirche-muenchen
80868529	de.lutherkita
80868886	de.lutz-fensterbau
80869188	de.lutze-architekt
80869479	de.luurup
80869603	de.luvside
80870480	de.luxury-first
80870482	de.luxury-gadgets
80870667	de.luxus-design-saunabau
80871422	de.luzzi-luzzi
80871634	de.lv1871
80871763	de.lvby
80871796	de.lve-baumschule
80871868	de.lvgfsh
80871895	de.lvhs-hamburg
80871955	de.lvkkwsachsen
80871976	de.lvl-hamburg
80872154	de.lvr
80872334	de.lw-coaching
80872530	de.lwg-hamburg
80872579	de.lwk-hamburg
80872777	de.lwl-naturkundemuseum-muenster
80872809	de.lwl-regionalgeschichte
80873119	de.lxpress
80873220	de.lycee-jean-renoir
80873406	de.lydiabuchfink
80873591	de.lykeup
80874226	de.lyrik-empfehlungen
80874235	de.lyrik-kabinett
80874269	de.lyrikabend
80874759	de.lzg-bayern
80874774	de.lzh
80875130	de.m-bildung
80875232	de.m-chauffeur
80875248	de.m-co-motorcycles
80875411	de.m-einenglischergarten
80876027	de.m-limousinenservice
80876233	de.m-net
80876346	de.m-pb
80876363	de.m-petz
80876657	de.m-sf
80876884	de.m-v-m
80877890	de.m888m
80877933	de.m945
80878010	de.ma-co
80878112	de.ma-hsh
80878303	de.ma-t
80878776	de.maass-therapie
80878868	de.maax-forensik
80879367	de.mac-halteverbotsschilder
80879660	de.macaservice
80879684	de.macbari
80879780	de.maccon
80880308	de.machdeinenstrom
80880710	de.machmeer
80880889	de.machschulezudeinemberuf
80880895	de.machsganz
80881079	de.machthaber
80881209	de.machwerk-muenchen
80881309	de.mack-druck
80882219	de.mad-fenster
80882323	de.mad42
80882526	de.madame-secondhand
80882528	de.madame-simone
80882697	de.madaster
80882718	de.madauss
80883199	de.madebyusradioactive
80883295	de.madeinminga
80883385	de.madel
80883679	de.madermoebelart
80883958	de.madle-fotowelt
80884094	de.madmen-onlinemarketing
80884411	de.madsfotokiste
80884578	de.maeckes
80884640	de.maedchenarbeit
80884883	de.maedelsmarkt
80885219	de.maenner-gerecht
80885303	de.maennerarbeit-sachsen
80885431	de.maennerchor-lottstetten
80885816	de.maennerzentrum
80885997	de.maerchenbrunnen
80886089	de.maerchenherz
80886302	de.maerchenzentrum-lebenszeit
80886425	de.maerkische-seniorenhilfe
80886577	de.maerkte-muenchen
80887378	de.magashi-bau
80887501	de.magazin-next
80887514	de.magazin-quartier
80887538	de.magazin-verlag-hamburg
80887562	de.magazin360
80887646	de.magaziniker
80887680	de.magazintime
80887795	de.magdalena-morgenroth
80887866	de.magdalenamuenchen
80888129	de.magdeburger-jobanzeiger
80888188	de.magdeburger-wischmopp
80888317	de.magellan-freiburg
80888573	de.magerfettstufe
80888759	de.magi-mania
80890091	de.magier-zauberer-berlin
80890297	de.magischerfc
80890944	de.magnetofon
80891299	de.magnus-frisch
80891554	de.mags-muenchen
80891760	de.maha-services
80891794	de.mahag-nutzfahrzeuge
80892292	de.mahlgebhardkonzepte
80892541	de.mahngerichte
80892577	de.mahnmal-st-nikolai
80892603	de.mahnverfahren-aktuell
80892744	de.mahrko
80893400	de.maier-fahrschulen
80893596	de.maier-steuerberater
80893695	de.maierhof-chiemgau
80893714	de.maierlandschaftsarchitektur
80893732	de.maierrechtsanwaelte
80894010	de.maik-foerster
80894270	de.maike-runnebom
80895572	de.main-franken-katholisch
80895901	de.main-werntal
80896802	de.mainpost24
80897177	de.maintreuhand
80897358	de.mainz-neustadt
80897761	de.mainzwerker
80897982	de.maisel-co-gmbh
80898372	de.maispassau
80898568	de.maiwald-transport
80898825	de.majana-fashion
80900069	de.makers-blog-sendling
80900295	de.makeupandhairacademy
80900698	de.makler
80900973	de.makler-schwab
80901100	de.maklerbreker
80901154	de.maklerbuero-schmidt
80901220	de.maklerfinden-bremen
80901221	de.maklerfinden-sh
80901406	de.maklerrank
80901575	de.makobo
80901619	de.makosa
80901766	de.makro-treff
80901839	de.makronom
80902018	de.makura
80902688	de.maleco
80902823	de.malen-befreit
80903098	de.maler-baltzer-magdeburg
80903109	de.maler-barton
80903557	de.maler-dorpmund-bremen
80904284	de.maler-hoeller
80905186	de.maler-nehrkorn
80905732	de.maler-schiessl
80905934	de.maler-sieberg
80906117	de.maler-tensi
80906741	de.malerbetrieb-bock
80906784	de.malerbetrieb-buerkle
80907573	de.malerbetrieb-schume
80907933	de.malerdeck
80907972	de.maleregger
80908507	de.malerfachbetrieb-dreier
80910806	de.malermeisterdunkel-muenchen
80911076	de.malerprofi-muenchen
80912704	de.mallorca-urlaub-geniessen
80913727	de.malteser
80913766	de.malteser-apotheke-hamburg
80914456	de.malteserjugend
80915190	de.mama-geht-online
80915231	de.mama-lernt-deutsch
80915275	de.mama-notes
80915526	de.mamaimspagat
80915546	de.mamaistunterwegs
80915600	de.mamaleben
80915734	de.mamamulle
80915770	de.mamapapababy
80916240	de.mami-connection
80916484	de.mamma-mia-bergedorf
80916558	de.mammamia
80916643	de.mammazentrum-hamburg
80916753	de.mammut-aktenvernichtung
80916766	de.mammut-deutschland
80916782	de.mammut-mecklenburg
80916832	de.mammutmarsch
80917124	de.man-on-mars
80917428	de.management-kommunikation
80917549	de.managementcircle
80917596	de.managementportal
80917724	de.managerblatt
80918551	de.mandiries
80918584	de.mandlweg
80918804	de.mandy-hindenburg
80918944	de.mandysabenteuerwelt
80919247	de.manfred-fiene
80919407	de.manfred-maier
80919469	de.manfred-richelmann
80919553	de.manfred-unterwoessen
80920335	de.mangold-saulgrub
80920353	de.mangoldmuskat
80920744	de.manigoo
80920768	de.manikobau
80920792	de.manime
80920877	de.manitu
80921017	de.manke-vs
80921057	de.manlamedia
80921284	de.mannbackt
80921301	de.manndat
80921426	de.mannheim
80921461	de.mannheim-entsiegeln
80921549	de.mannheim-schneiderei
80921596	de.mannheimer
80923448	de.manuela-fritz
80923554	de.manuela-mordhorst
80923818	de.manuelarousseau
80923843	de.manuelasbuntewelt
80924012	de.manuelita-kita
80924288	de.manufactureanouk
80924759	de.manupunktur
80925295	de.map-site
80925371	de.mapandroute
80925792	de.mapsblog
80926136	de.maracatu
80926670	de.marax-hausverwaltung
80926912	de.marburg-net
80926937	de.marburg-taxi
80926968	de.marburger-bund
80927221	de.marc-fuchs
80927439	de.marc-schemmel
80933495	de.marcokrings
80933498	de.marcokrohne-osteopathie
80934108	de.marcopolo
80934716	de.marcostoehr
80934914	de.marcsaric
80935451	de.marcushalver
80935483	de.marcusjacobs
80936309	de.mareikestiel
80936648	de.maren-strack
80936800	de.marenmartschenko
80936820	de.marenpelzer
80936893	de.marenwindus
80937080	de.margarete-ammon-stiftung
80937083	de.margarete-bause
80937194	de.margaretenhort
80937552	de.margitricardarolf
80938229	de.maria-jansen
80938607	de.maria-ward-realschule
80939143	de.marian-made-it
80939777	de.mariasballroom
80939787	de.mariaschmidt-waffen-schmuck
80939796	de.mariaschuetzenberger
80939837	de.mariasplatzl
80939940	de.mariaward-bal
80940243	de.marie-mattfeld-haus
80940603	de.mariellamaier
80941167	de.mariendomhamburg
80941380	de.marienkaefer-hamburg
80941498	de.marienplatz
80941948	de.marikas
80942151	de.marina-bernried
80943178	de.mario-doll
80943287	de.mario-lichtenberger
80943496	de.marioburg
80943652	de.mariolarutschka
80943689	de.mariomensch
80943764	de.marion-doenhoff-gymnasium
80944567	de.marioporten
80944986	de.marita-eckmann
80945108	de.maritdesign
80945173	de.maritime-elbe
80945177	de.maritime-feste-deutschland
80945199	de.maritime-plattform
80945233	de.maritimemedizin
80945258	de.maritimes-cluster
80946025	de.markaspot
80946102	de.marke-anmelden-dresden
80946103	de.marke-anmelden-halle
80946104	de.marke-anmelden-leipzig
80946232	de.marken-guthaben
80946376	de.markenblog
80946417	de.markeneroberer
80946631	de.markenrecht-anwalt-hamburg-sh
80946640	de.markenrecht-halle
80946651	de.markenrecht24
80946700	de.markenschutz-europa
80946800	de.markenverband
80946828	de.markenwiderspruch
80947472	de.marketing-planet
80947546	de.marketing-support
80947681	de.marketingakademie
80947786	de.marketingclub-muenchen
80948788	de.markk-hamburg
80948805	de.markkleeberg24
80948905	de.markneukirchen
80949184	de.markrekom
80949301	de.marksimons
80949505	de.markt-au
80949545	de.markt-der-nachhaltigkeit
80949638	de.markt-lichtenau
80949647	de.markt-markt-berolzheim
80949679	de.markt-poettmes
80949907	de.marktauftritt
80949950	de.marktbox
80950058	de.marktfinden
80950152	de.marktgrill-kempen
80950180	de.markthalle-hamburg
80950222	de.markthallemg
80950437	de.marktmeister-pro
80950490	de.marktpfaffenhausen
80950526	de.marktplatz-apo
80950894	de.marktplatz-hh-altona
80950895	de.marktplatz-hh-bergedorf
80950897	de.marktplatz-hh-harburg
80950898	de.marktplatz-hh-mitte
80950899	de.marktplatz-hh-nord
80950900	de.marktplatz-hh-wandsbek
80951065	de.marktplatz-maxvorstadt
80951084	de.marktplatz-mittelstand
80951522	de.marktplatzapp
80951553	de.marktplatzkohlscheid
80951694	de.marktstories
80951993	de.markus-buechler
80952684	de.markus-schmitz-beratung
80952731	de.markus-slaby-media
80952962	de.markusbertan
80953059	de.markusdietz
80953377	de.markuskirche-muenchen
80953434	de.markuskrug
80953526	de.markusminning
80953997	de.marl-heute
80954025	de.marla-schnee-cosmetics
80954718	de.marlowes
80955485	de.maroverlag
80955723	de.marquise
80955915	de.marrywell
80955974	de.mars-umzuege
80956095	de.marschbahndamm
80956144	de.marschliebe
80956300	de.marsmaennchen-ev
80956564	de.martelerhof
80957149	de.martin-balasus
80957213	de.martin-blumoehr
80957444	de.martin-flar
80957460	de.martin-fredrich
80957646	de.martin-hirte
80958423	de.martin-stuempfig
80958470	de.martin-unterrainer
80958476	de.martin-vatter
80958582	de.martin-zavagno
80958934	de.martina-neubauer
80959040	de.martina-schott
80959316	de.martinaholzer
80959734	de.martinbloch
80959922	de.martinella-catering
80960060	de.martinglogger
80960282	de.martinierleben
80960331	de.martinischule
80960484	de.martinkreyssig
80960496	de.martinkuesters
80962419	de.marx-rieger
80962458	de.marx-zentrum
80962460	de.marx21
80962506	de.marxfeuerschutz
80963222	de.masadostal
80963234	de.masako-ohta
80963543	de.mascheski-foundation
80963679	de.maschinenauswahl
80964040	de.maschinenjournal
80964222	de.maschinensucher
80964531	de.maseven
80965171	de.mass-und-gewicht
80965494	de.massage-mit-happy-end
80965852	de.massageliege-therapieliege
80965935	de.massagen-sendling
80966044	de.massagepraxis-kirchner-foeh
80966051	de.massagepraxis-kreutzfeldt
80966812	de.massivhaus
80967001	de.massivkreativ
80967368	de.master-and-more
80967378	de.master-bio
80967645	de.masterarbeitenschreiben
80968452	de.masula-makler
80968634	de.matadach
80968717	de.matanline
80968772	de.matblog
80968801	de.match-me-medical
80968804	de.match-patch
80969441	de.materialwiese
80969553	de.mates-partner
80969800	de.mathe-mv
80969838	de.mathe-seite
80969882	de.mathe-wettbewerbe
80969912	de.mathealex
80970086	de.mathematik
80970600	de.mathias-witt
80970609	de.mathiasadler
80970936	de.mathis-sonnenschutz
80971439	de.matratzen-berlin-entsorgen
80971545	de.matratzencheck
80972102	de.matsen
80972470	de.mattescampen
80972643	de.matthes-seitz-berlin
80972867	de.matthias-ederhof
80973101	de.matthias-kirchner
80973486	de.matthias-suessen
80973506	de.matthias-uhler
80973771	de.matthiasfriedel
80973912	de.matthiasjasper
80974153	de.matthiaspointner
80974218	de.matthiasschicker
80974498	de.mattil
80974920	de.matze-umzuege
80974966	de.matzenauer
80975279	de.mauer-parkett
80975399	de.mauersegler-forum
80975664	de.maulkorbzwang
80975773	de.maunder
80976380	de.mauruschat
80976528	de.mausegarten
80977782	de.max-hoffmann
80978137	de.max-schmeling-stadtteilschule
80978207	de.max-talent
80978223	de.max-traeger-schule
80978535	de.maxbrauerschule
80979914	de.maximiliansforum
80980344	de.maxjosefstift
80980374	de.maxkersting
80980661	de.maxneo
80981004	de.maxspot
80981165	de.maxundingeburgherz-stiftung
80981529	de.maxvorstadtblog
80981530	de.maxvorstadtvibes
80982650	de.mayer-putzengel
80983125	de.mayr-arbeitsrecht
80983314	de.maysunsolar
80983494	de.mazda-adli
80985020	de.mb-treff
80985310	de.mbas
80985365	de.mbb-fahrzeugpflege
80985446	de.mbbzv
80985755	de.mbe-netzwerk-hamburg
80985780	de.mbeam
80986124	de.mbi-mh
80986511	de.mbo2bim
80986628	de.mbq-projekte
80986889	de.mbs-stiftung
80986963	de.mbslk
80987094	de.mbsr-in-erlangen
80988454	de.mc-sam
80988872	de.mcb-legal
80988965	de.mcbrikett
80988985	de.mcbw
80989572	de.mcflash99
80989624	de.mcg-elternrat
80989903	de.mcimainz
80989978	de.mckill-hamburg
80990126	de.mcm-castings
80990152	de.mcm-muenchen
80990248	de.mcmorgenroth
80990370	de.mcon-mannheim
80990606	de.mcs
80990682	de.mcs-medicalcenter
80990971	de.mcube-cluster
80991184	de.md-bayern
80991199	de.md-bw
80991438	de.md-nord
80991888	de.mdepartment
80991889	de.mdepinet
80992149	de.mdkb
80992373	de.mdp-it
80992899	de.me-company
80993143	de.me-sprachen
80993222	de.me2be
80993690	de.meb-muenchen
80993788	de.mebim
80994056	de.mecasa
80995043	de.mechtersen
80995603	de.meckenheimapp
80995949	de.mecklenburg-schwerin
80997200	de.med-center-gladbeck
80997713	de.med-international-lmu
81000164	de.medconsult-gurk
81000204	de.medconweb
81000391	de.meddienst-akademie
81000518	de.medebach
81001154	de.medi-wertung
81001467	de.media-harbour
81001996	de.mediaart-dortmund
81002042	de.mediabender
81002088	de.mediabranding-lipski
81002291	de.mediadesign
81002893	de.mediamagneten
81003101	de.medianorm
81003495	de.mediasoundhamburg
81003696	de.mediation
81003707	de.mediation-am-main
81004221	de.mediationlernen
81004375	de.mediativegedanken
81005377	de.medicalofficeberlin
81005679	de.medici-ristorante
81005834	de.medicoleo
81005861	de.medicon-hannover
81006001	de.medicum-hamburg
81006369	de.medien-it-berufe
81006424	de.medien-meinungen
81006428	de.medien-mittweida
81006718	de.medienberaterbloggt
81006767	de.medienbildung-muenchen
81006903	de.medienconnect
81007014	de.mediendienst-integration
81007111	de.medienfokus-bw
81007150	de.medienfueralle
81007456	de.medienkindheit
81007552	de.medienkonzepte
81007629	de.medienlinker
81007633	de.medienlogik
81007719	de.mediennetz-hamburg
81007810	de.medienplus
81007847	de.medienprintpartner
81007888	de.medienpulse
81007920	de.medienrechtfachanwalt
81007950	de.medienrot
81008027	de.medienservice-klima-gesundheit
81008060	de.mediensignal
81008111	de.medienstream
81008143	de.medientakt
81008252	de.medienverantwortung
81008320	de.medienwerft
81008373	de.medienwerkstatt-online
81008484	de.medienzentrum-frankfurt
81008530	de.medienzentrum-muc
81008788	de.medigroba
81009203	de.medinfo
81009210	de.medinfoweb
81009603	de.medisign
81009621	de.medisoft
81010502	de.medivitalis-messe
81010642	de.medizin-elektronik
81010698	de.medizin-in-europa
81010732	de.medizin-lexikon
81010941	de.medizindoc
81010999	de.medizinerversicherung
81011041	de.medizinicum
81011276	de.medizinius
81011557	de.medizintechnik-struwe
81011669	de.medkompass
81011965	de.medplus24
81012149	de.medsolve
81012322	de.meduplus
81012605	de.meehr-erleben
81012609	de.meehr-lesen
81012911	de.meerart
81012995	de.meerblog
81013071	de.meere-online
81013095	de.meeresakrobaten
81013127	de.meeresbiologie-studieren
81013258	de.meeresstiftung
81013387	de.meerhotelgrossenbrode
81014143	de.meet5
81014244	de.meeting-point-of-freedom
81014368	de.meetovo
81014474	de.meevo
81014843	de.mega-monheim
81015349	de.megamarsch
81015952	de.megkoeln
81016314	de.mehmeti-hausmeisterservice
81016321	de.mehmets-imbiss
81016473	de.mehr-ampere
81016488	de.mehr-bahn-fuer-hamburg
81016519	de.mehr-demokratie
81016529	de.mehr-digitale-kommunen
81017031	de.mehrblick-hilft-sehen
81018247	de.meier-gernsbach
81018561	de.meiersche-apotheke-muenchen-app
81018740	de.meike-neuner
81018777	de.meike-weber
81019357	de.mein-arbeitstraum
81019578	de.mein-beamtenportal
81019595	de.mein-bergedorf
81020083	de.mein-eigenheim
81020122	de.mein-elterngeld
81020393	de.mein-flughafen
81020538	de.mein-gartenshop24
81020704	de.mein-grosslohe
81020714	de.mein-grundsteuerwert
81020776	de.mein-hartz4-anwalt
81020826	de.mein-hausderbalance
81021043	de.mein-immostar
81021107	de.mein-itzehoe
81021223	de.mein-kind-staerken
81021356	de.mein-krebs-und-ich
81021812	de.mein-muenchen
81021948	de.mein-now
81022057	de.mein-parteibuch
81022411	de.mein-saunashop
81022537	de.mein-schulkind
81022822	de.mein-strafrechtanwalt
81022846	de.mein-studium-finanzen
81022848	de.mein-stueck-hamburg
81023243	de.mein-wahres-ich
81023560	de.mein-zahnfleisch-ist-gesund
81023730	de.meinauslandspraktikum
81023819	de.meinbafoeg
81023856	de.meinbavaria
81024897	de.meine-flohmarkt-termine
81024911	de.meine-fotofactory
81025143	de.meine-heimwerkertipps
81025191	de.meine-hochzeitsfotografin
81025320	de.meine-kfo
81025462	de.meine-landausfluege
81025682	de.meine-niendorfer-apotheke
81025814	de.meine-pruefungsanfechtung
81025869	de.meine-renditeimmobilie
81026864	de.meinefreikarte
81026962	de.meinehaushaltstipps
81027326	de.meinemaklerin
81027763	de.meineseiteaufplatzeins
81027782	de.meineskyline
81027808	de.meinestadt
81027865	de.meinesvenja
81028145	de.meinfamilienweg
81028412	de.meingenuss
81028441	de.meingetraenkeservice
81028542	de.meinhalteverbot
81028672	de.meinheim
81028847	de.meinicke-berthel
81028891	de.meiningenonline
81029005	de.meinjobbotschafter
81029179	de.meinkleineskind
81029203	de.meinkoelnbonn
81029461	de.meinlighthouse
81029668	de.meinmuenchenimmobilien
81030063	de.meinrecht
81030512	de.meinstrahlenschutz
81030612	de.meintempelhofschoeneberg
81030786	de.meinungs-blog
81030822	de.meinungsmeister
81030994	de.meinwegausderangst
81031205	de.meinzuhause24
81031403	de.meiser-tv
81031605	de.meissner-garbsen
81032130	de.meister-spott
81032313	de.meisterbetrieb-pfeil
81032349	de.meisterbetrieb-voss
81032879	de.meisterschule-fuer-mode
81032889	de.meisterschule-schreiner
81032897	de.meisterschulen-muenchen
81033254	de.mejo
81033435	de.mekomat
81033892	de.melanie-himpel
81033950	de.melanie-leonhard
81034851	de.meldeaemter
81034872	de.melden-gegen-diskriminierung
81035084	de.melgohr
81035939	de.mellmeyer
81036234	de.melodiva
81036782	de.mema-press
81037101	de.memmelsdorf
81037113	de.memmingen
81037270	de.memodo
81037447	de.memorienaura
81037676	de.memovida
81037789	de.men-on-high-heels
81038035	de.menden
81038272	de.mengede-08-20
81038778	de.mennoniten-hamburg
81038997	de.mensa
81039310	de.mensch-natur-gesellschaft
81039391	de.mensch-und-computer
81039429	de.mensch-und-region
81039874	de.menschenrechtsinitiative
81039978	de.menschenundrechte
81040012	de.menschenzeitung
81040157	de.menschmusik
81041137	de.mentformigra
81041367	de.mentoc
81041986	de.mentorium
81043640	de.meoki
81044637	de.meravis
81045879	de.mercury-bm
81045947	de.merdingen
81046167	de.merian
81046451	de.merite-hamburg-altona
81047074	de.merkur-zeitschrift
81047212	de.merle-buehrer
81047344	de.merlin-klein
81047783	de.merseburg-monteurzimmer
81048118	de.mertl-bedachungen
81048420	de.merzhausen
81048645	de.mesax
81048676	de.meschede
81049557	de.messe-muenchen
81050029	de.messemanagement
81050451	de.messerschmitt-schweisstechnik
81050531	de.messestadt-riem
81050737	de.messie-engel
81051920	de.metal-heads
81053385	de.metallbau-kotelnikow
81053439	de.metallbau-lacher
81054265	de.metallbau-voelkle
81054376	de.metallbau-woelz
81054561	de.metallbaumuenchensued
81054698	de.metallbedachungen
81055206	de.metallkunststoff
81056291	de.metaverse-forschung
81056641	de.meteoritenwerkstatt
81056645	de.meteorkraterlauf
81056706	de.metergrid
81056815	de.methfesselfest
81057566	de.metropolis-blaeser
81057609	de.metropolitan
81057643	de.metropolitaner
81057676	de.metropolradruhr
81057678	de.metropolregion
81058084	de.metz-mobility
81060320	de.meu
81060371	de.meunchen
81060523	de.meutemenschen-hundetraining
81060556	de.mev-1883
81060730	de.mevoya
81061222	de.meydi-media
81061612	de.meyer-koering
81062249	de.meyers-muehle-gartentechnik
81062521	de.meyrose
81063758	de.mfdz
81063813	de.mff-memorandum
81063839	de.mfg
81063936	de.mfg-heizung
81064553	de.mfrs-schule
81065627	de.mgc-golf
81065767	de.mgf-architekten
81065799	de.mgflyers
81065930	de.mgh-muc
81065936	de.mgh-neuwied
81066447	de.mgs-muenchen
81067520	de.mgwh-muenchen
81067924	de.mh-schleswig
81068031	de.mh-zentrum
81068167	de.mhb-fontane
81068294	de.mhd-praxis
81068319	de.mhdienstleistung
81068502	de.mhh
81068757	de.mhmedia
81068762	de.mhmhamburg
81068771	de.mhmmuenchen
81069644	de.miaboss
81069938	de.miasanrot
81070654	de.micha-purucker
81070806	de.michael-behrens-news
81070847	de.michael-bijan
81071045	de.michael-dzeba
81071461	de.michael-hussmann
81071698	de.michael-lack
81071848	de.michael-michaelis
81071897	de.michael-mueller-verlag
81072434	de.michael-stich-stiftung
81072780	de.michaela-de-luxe
81072811	de.michaela-flint
81072950	de.michaela-peschmann
81073483	de.michaelchristianmeyer
81073847	de.michaelheinbockel
81073957	de.michaeli-gymnasium
81074867	de.michaelschmorr
81074927	de.michaelseebach
81075308	de.michaelwuester-immobilien
81075331	de.michaelzepter
81075663	de.micheel-kuechen
81080326	de.microconsult
81080390	de.microfaser
81080954	de.mics-munich
81081031	de.midames-muenchen
81081188	de.middenmang-magazin
81081291	de.midgard-forum
81081627	de.midnightstarforum
81082215	de.mieruchundhofmann
81082323	de.mieszkamyw
81082331	de.miet-bei-mir
81082607	de.mietdenbazi
81082619	de.miete-aktuell
81082628	de.miete-dein-lager
81082698	de.mietek-pemper
81082868	de.mieterbeirat-muenchen
81082979	de.mietergewerkschaft
81082984	de.mieterhoehung
81082997	de.mieterjournal
81083142	de.mieterverein-hamburg
81083189	de.mieterverein-muenchen
81083758	de.mietpreisbremsemuenchen
81083883	de.mietrechtsiegen
81083909	de.mietschreiben
81084049	de.mietspiegel-muenchen
81084085	de.mietspiegeltabelle
81084090	de.mietstation-dresden
81084136	de.mietstudio-muc
81084177	de.miettoiletten-vonnebenan
81084305	de.mietwagen-klassen
81084753	de.mifrie
81084775	de.mig-21-online
81084865	de.migazin
81084877	de.migeisler
81085193	de.migrando
81085297	de.migration-macht-gesellschaft
81085299	de.migration-munich
81085336	de.migrationsbegriffe
81085339	de.migrationsbeirat-muenchen
81085478	de.migutmedia
81085504	de.mihaela-testfamily
81085736	de.mik-ina
81085876	de.mikado-hagenow
81086599	de.mikes-fahrschule
81087126	de.mikro-zwirner
81087301	de.mikrofonwelt
81087531	de.mikroskop-online
81087978	de.milamicha
81088265	de.milarc
81088321	de.milau-theater
81089204	de.miles-and-kids
81089568	de.militaerseelsorge-abschaffen
81090272	de.millernton
81090463	de.millionaer-und-mehr
81091083	de.mim
81091249	de.mimekry
81091303	de.mimi-lernzentrum
81091390	de.mimikry-muenchen
81091511	de.mimo-kindergarten
81091595	de.mimradl
81092411	de.mindelmedia-news
81093648	de.mindxgap
81093813	de.mineko
81093999	de.mineralientage
81094284	de.minexelda
81094479	de.minhen-mojgrad
81094504	de.mini
81094741	de.mini-kubus
81095058	de.miniatur-wunderland
81096313	de.minimalismus21
81097460	de.minomocca
81097533	de.minotauros-kompanie
81097795	de.mint-schulen
81097826	de.mint-vernetzt
81097876	de.mintarium-fv
81097951	de.mintforum
81098722	de.mir-ev
81099272	de.miramue
81099678	de.miriam-block
81099780	de.miriam-neidhardt
81099790	de.miriam-putz
81099900	de.miriamganser
81099927	de.miriamhoppe
81100139	de.mirihansl
81101209	de.misantropolis
81101219	de.misawa
81101655	de.misja-harburg
81101768	de.miss-badgirl
81101864	de.miss-jones
81101868	de.miss-klang
81102167	de.missedith
81102201	de.missesbackpack
81102646	de.mission-triathlon
81102860	de.missionshaus-wrist
81103048	de.missmarpels
81103273	de.missy-magazine
81103571	de.mister-wong
81103802	de.misterschnabel
81103849	de.misterwhat
81104383	de.mit-hypnose-rauchen-aufhoeren
81104595	de.mit-oelde
81104813	de.mit-trauer-leben
81105177	de.mitax-gmbh
81105191	de.mitbauzentrale-muenchen
81105253	de.mitbuerger-fraktion-halle
81105348	de.mitdenken-blog
81105388	de.mitea
81105402	de.miteenanner
81105619	de.mitentscheiden
81105623	de.miterago
81105710	de.mitfeuerspielen
81106356	de.mitmischenim16er
81106482	de.mitost-hamburg
81106512	de.mitpflanzen
81106514	de.mitpflegeleben
81106728	de.mitsegeln-wismar
81106798	de.mitstadtzentrale
81107331	de.mittelalter-in-muenchen
81107547	de.mittelaltermarkt-muenchen
81107574	de.mittelalterrechner
81107629	de.mittelbach-hengstbach
81107643	de.mittelbau-hamburg
81107675	de.mittelbuchen-online
81107781	de.mitteldeutscherverlag
81108071	de.mittelpunkteuropa
81108281	de.mittelschule-fuchstal
81108377	de.mittelschule-rockefellerstrasse
81108631	de.mittelstandinbayern
81108643	de.mittelstands-anwaelte
81108659	de.mittelstands-website
81108685	de.mittelstandsbund
81108805	de.mittelstandswiki
81108875	de.mittelzentrum-sachsenwald
81108987	de.mittendrin-kassel
81109074	de.mitteninharburg
81109167	de.mittergars
81109204	de.mitternachtshacking
81109260	de.mittig-engagiert
81109324	de.mittmann-law
81109395	de.mittweida
81109461	de.mitue
81109682	de.miutiful
81109805	de.miwe-soz-dienstleistungen
81109917	de.mix-tapes
81110216	de.mixmuc
81110449	de.miz-online
81110829	de.mjive
81111357	de.mk-gebaeudetechnik-gmbh
81111764	de.mk-rechtsanwaelte
81112176	de.mkb-marketing
81112325	de.mke-gmbh
81112362	de.mkenyaujerumani
81112566	de.mkg-eimsbuettel
81112611	de.mkg-hamburg
81112626	de.mkg-hh
81112753	de.mkg-online
81112794	de.mkg-praxisklinik-muenchen
81112982	de.mkgtechnik
81113766	de.mkt-krankentransport
81113841	de.mkuh
81113983	de.mkwu
81114127	de.ml-halem
81114424	de.mlc-munich
81114701	de.mllv
81115123	de.mlsh
81115149	de.mlt-ingenieure
81115253	de.mlz-garching
81115397	de.mm-culinaria
81116759	de.mmkbuergersaal
81116767	de.mmkh
81116941	de.mmo-ev
81117048	de.mmorthosoft
81117541	de.mmwarburg
81117853	de.mnet-online
81118061	de.mnu
81118446	de.moabitonline
81118605	de.moba-automation
81118608	de.moba-deutschland
81118864	de.mobbing-zentrale
81119138	de.mobiflip
81119202	de.mobil-bilden
81119203	de.mobil-bleiben
81119254	de.mobil-hh
81119302	de.mobil-krankenkasse
81119425	de.mobilae
81119437	de.mobilaro
81120916	de.mobilebullysuppenkueche
81120942	de.mobileclipfestival
81121453	de.mobiler-pflegepartner
81121549	de.mobilercoronatest
81122067	de.mobilfunk-brummton
81122345	de.mobilikon
81122475	de.mobilitaetsplanung-hessen
81122476	de.mobilitaetspreis
81122505	de.mobilitaetswende-wessling
81122526	de.mobilite
81122571	de.mobility-magazine
81122633	de.mobilitypolicy
81122834	de.mobilspiel-muenchen
81122842	de.mobilstationen-im-quartier
81123025	de.mobitipp
81123867	de.mode-darss
81124037	de.mode-komm
81124277	de.mode-und-geschenkideen
81124351	de.mode25
81124425	de.modeatelier-inge
81124511	de.modecentrum-hamburg
81126775	de.modelle-hamburg
81127469	de.modellzeppelin
81127681	de.modenachmass-scholl
81127715	de.modeopfer110
81128180	de.modernbeauty
81128368	de.moderne-regional
81128375	de.moderne-schule-hamburg
81128609	de.modernisieren-renovieren-sanieren
81128966	de.modetipps-maenner
81129262	de.modobonum
81129579	de.moduldrei
81129678	de.modulschulung
81129746	de.modus-zad
81129859	de.moebahn
81130734	de.moebel-urban
81131005	de.moebelguru
81131201	de.moebellagerplatz
81131227	de.moebellifte-vermietung
81131389	de.moebelrestaurierung-dresden
81131471	de.moebelshuttle
81131745	de.moebelwerft
81131760	de.moebelwerkstaette-maerkl
81131895	de.moebliertes-wohnen-hamburg
81131914	de.moebus-flick
81132171	de.moehlmann-rolllaeden
81132824	de.moelln-fewo
81132833	de.moelln-taxi
81132903	de.moembris
81132960	de.moenchengladbach
81133081	de.moenchsroth
81133090	de.moenchsweg
81133100	de.moenckeberg17
81133151	de.moenks-scheer
81133740	de.moetzingen
81133828	de.moewe-tutzing
81134666	de.mohnhof-apotheke-app
81134804	de.mohr-dienstleistungen
81134999	de.mohr-villa
81135354	de.mohrvilla
81135446	de.moin-altengamme
81135481	de.moin-filmfoerderung
81135531	de.moin-nbg
81135735	de.moinstadtnatur
81137485	de.moloch-muenchen
81138244	de.moments-photography
81138506	de.momm-und-huppertz
81138612	de.momo-elterninitiative
81138763	de.momosfahrschule
81138774	de.momot-umzug
81138912	de.mon-mag
81139088	de.mona-wittorf
81139134	de.monaco-dahoam
81139296	de.monaknorr
81139350	de.monalita
81140629	de.money-insider
81140851	de.moneyspecial
81141119	de.monheimamrhein-zone
81141162	de.moni-blog
81141316	de.monihomann
81141767	de.monika-schaal
81141851	de.monika-triebenbacher
81142538	de.monischmuck-forum
81142602	de.monitor-lehrkraeftebildung
81142673	de.monitoringzentrum
81143252	de.monnemblog
81143326	de.monno
81143968	de.monopol-magazin
81144394	de.monreposmagazin
81144498	de.monrose
81144645	de.monsieurmuffin
81144862	de.monsterkiste
81145510	de.montageservice-hannover
81146031	de.monte-muenchen
81146420	de.montessori-ideen
81146430	de.montessori-inntal
81146574	de.montessori-neuhausen
81146648	de.montessori-schule-dachau
81146766	de.montessorikinderhaus-bergedorf
81148139	de.mookwat
81148205	de.moon-nuernberg
81148773	de.moor-net
81148840	de.moorburgforever
81148902	de.moorfleet
81148960	de.moorhuhn-klone
81149137	de.moorschreber
81149254	de.moosacherbrettl
81149256	de.moosachlive
81149455	de.mooskurier
81149774	de.moped-versichern
81149880	de.mopjugendtreff
81149888	de.mopo
81149905	de.mopop
81149938	de.moppedhotel
81150536	de.mordort
81150567	de.mordsstark
81150587	de.more-arch
81150659	de.more-marketing
81150769	de.moreaboutlaura
81151049	de.mores-verein-web
81151294	de.morgenanalyse
81151299	de.morgenbericht
81151442	de.morgenstern-apotheke
81151843	de.moritz-conje
81152657	de.moro-flaeche
81152770	de.morotech-fenster-muenchen
81153115	de.mortensen-immobilien
81153149	de.mortimer-reisemagazin
81153187	de.morus-apotheke
81153677	de.mosbach
81153803	de.moscheentour
81154101	de.mosel544
81154719	de.moses-mendelssohn-institut
81154902	de.moskito-gis
81155039	de.mosraindustriedesign
81155168	de.mosta-eiderstedt
81155449	de.mot-gmbh
81155646	de.motelinn
81156533	de.motioncomposer
81157936	de.motjavonkrosigk
81158663	de.motocross-magazin
81159656	de.motoren-stoecker
81159771	de.motoreport
81159981	de.motorinstandsetzung-getriebeinstandsetzung
81161478	de.motorradreisefuehrer
81162533	de.motourbike
81162730	de.mottok
81162870	de.motzener-strasse
81162951	de.moulin750
81163841	de.move-online
81164043	de.moved-consulting
81164077	de.movehaus
81164347	de.moveria
81164395	de.movetec-internet
81164877	de.movigu-haus
81164936	de.moving-art
81166244	de.mp3blue
81166322	de.mp4-tv
81166677	de.mpg
81166702	de.mpg-muenchen
81166781	de.mphil
81166866	de.mpipriv
81167020	de.mplusw
81167052	de.mpm-music
81167142	de.mpompe
81167421	de.mpsd
81167515	de.mpu-4-you
81167533	de.mpu-berater
81167585	de.mpu-beratungskanzlei-beckmann
81167752	de.mpu-kompetenz
81167849	de.mpu-spezialisten
81167936	de.mpu-vorbereitung-stuttgart
81167947	de.mpu-vorbereitungskanzlei-hoffmann
81168157	de.mpz-bayern
81168165	de.mpz-hamburg
81169621	de.mrc1880
81169868	de.mrfc
81169943	de.mrg-gmbh
81170283	de.mrlodge
81170683	de.mrrc-muenchen
81170871	de.mrsberry
81170894	de.mrscity
81171667	de.ms-bildhauer-muenchen
81171973	de.ms-gold-silber-muenchen
81172186	de.ms-krankheit
81172476	de.ms-psych
81172576	de.ms-schrobenhausener
81172865	de.ms-wolnzach
81172991	de.msaleben
81173272	de.msc-arnstein
81173529	de.msc-heidelberg-kirchheim
81173687	de.msc-mittelthueringen
81174271	de.mscl
81174328	de.mscpattensen
81174377	de.msd
81174586	de.mselektrotechnik
81174716	de.msfernpass
81174850	de.msg-oldenburg
81175217	de.msj
81175225	de.msj-portale
81175357	de.mskveraendern
81176061	de.msroyalbavarians
81176317	de.mstatistik-muenchen
81176865	de.msxfaq
81177465	de.mtb-club-muenchen
81179504	de.mtg-steuerberatung
81179508	de.mtg-tauchen
81181113	de.mto
81182272	de.mtsf
81182393	de.mtst
81183080	de.mtv-muenchen
81183423	de.mtvniedersachswerfen
81184837	de.muc-limo
81185093	de.mucapp
81185122	de.mucbook
81185185	de.mucdigital
81185220	de.mucforum
81185363	de.mucke-und-mehr
81185423	de.muckenthaler
81185546	de.mucresearch
81185547	de.mucrooms
81185549	de.mucschach
81185558	de.mucstep
81185563	de.muctours
81185564	de.muctrail
81185761	de.mudo-schule
81185793	de.mudrich
81186595	de.muehlen-apo-hamburg-app
81186862	de.muehlenhof-bosse
81186928	de.muehlenkamp-gmbh
81187168	de.muehlhausen
81187288	de.muehlsteinrevier
81187522	de.muellberge-hummelsbuettel
81187805	de.mueller-ciesla
81188781	de.mueller-schell
81188883	de.mueller-steuerberatung
81188884	de.mueller-steuerbuero
81189728	de.muellerundherber
81190064	de.muenche
81190071	de.muenchen
81190089	de.muenchen-and-more
81190093	de.muenchen-aphasiker-kultur
81190116	de.muenchen-barrierefrei
81190125	de.muenchen-baut
81190126	de.muenchen-bayern-touren
81190148	de.muenchen-busse
81190175	de.muenchen-depression
81190193	de.muenchen-estrich
81190194	de.muenchen-evangelisch
81190202	de.muenchen-fair
81190235	de.muenchen-gegen-armut
81190236	de.muenchen-gegen-hass
81190239	de.muenchen-gegen-rechtsextremismus
81190273	de.muenchen-hochzeitsfotografen
81190274	de.muenchen-hochzeitslocation
81190292	de.muenchen-impft
81190295	de.muenchen-info-sozial
81190301	de.muenchen-ist-bunt
81190307	de.muenchen-k
81190318	de.muenchen-kind
81190324	de.muenchen-klinik
81190330	de.muenchen-konferenz
81190345	de.muenchen-lese
81190347	de.muenchen-links
81190349	de.muenchen-liste
81190350	de.muenchen-lokal
81190353	de.muenchen-makeup
81190372	de.muenchen-mitdenken
81190385	de.muenchen-online
81190400	de.muenchen-pension
81190413	de.muenchen-praxis
81190433	de.muenchen-reisefuehrer
81190436	de.muenchen-relocation
81190438	de.muenchen-rettet-leben
81190442	de.muenchen-rolfing
81190450	de.muenchen-sapporo
81190452	de.muenchen-schilder
81190455	de.muenchen-schulung
81190458	de.muenchen-sehen
81190480	de.muenchen-steht-auf
81190485	de.muenchen-strafrecht
81190506	de.muenchen-tourist
81190510	de.muenchen-transparent
81190512	de.muenchen-traumhochzeit
81190528	de.muenchen-unser-kindl
81190537	de.muenchen-webdesign
81190543	de.muenchen-wird-inklusiv
81190554	de.muenchen-zob
81190579	de.muenchenbasket
81190581	de.muenchenbaumpflege
81190590	de.muenchenblogger
81190596	de.muenchencontainer
81190609	de.muenchener-biennale
81190696	de.muenchenerjobs
81190700	de.muenchenerriesen
81190704	de.muenchenerumzugsunternehmen
81190711	de.muenchenfeiert75gg
81190721	de.muenchenfuerklimaschutz
81190727	de.muenchengraffiti
81190740	de.muenchenistkultur
81190782	de.muenchenreinundsauber
81190790	de.muenchens-heilpraktikerin
81190804	de.muenchenstift
81190819	de.muenchenunterwegs
81190823	de.muenchenwaehlt
81190825	de.muenchenwiki
81190878	de.muenchner
81190887	de.muenchner-aidshilfe
81190895	de.muenchner-arbeit
81190910	de.muenchner-bauforum
81190922	de.muenchner-bildungswerk
81190938	de.muenchner-buecherschau
81190939	de.muenchner-buecherschau-junior
81190962	de.muenchner-energiespartage
81190972	de.muenchner-fachforen
81190973	de.muenchner-fahrerschmiede
81190977	de.muenchner-feuerzangenbowle
81190978	de.muenchner-feuilleton
81190988	de.muenchner-fluechtlingsrat
81190991	de.muenchner-forum
81190997	de.muenchner-frauenforum
81191001	de.muenchner-freiwilligen-messe
81191003	de.muenchner-friedensbuendnis
81191007	de.muenchner-fuer-muenchner
81191091	de.muenchner-kammerspiele
81191098	de.muenchner-kinderbetreuung
81191100	de.muenchner-kindertafel
81191103	de.muenchner-kindl-lauf
81191114	de.muenchner-klimaherbst
81191121	de.muenchner-kosmetikschule
81191146	de.muenchner-manifest
81191210	de.muenchner-regenbogen-stiftung
81191217	de.muenchner-ruhestoerung
81191255	de.muenchner-sportclub
81191258	de.muenchner-stadtbibliothek
81191265	de.muenchner-stadtmuseum
81191276	de.muenchner-suchtpraevention
81191279	de.muenchner-symphoniker
81191290	de.muenchner-trichter
81191293	de.muenchner-u-bahnwache
81191323	de.muenchner-wohnen
81191412	de.muenchnerpflegeboerse
81191413	de.muenchnerphilharmoniker
81191421	de.muenchnersingles
81191424	de.muenchnerstiftungsfruehling
81191449	de.muenchnr
81191749	de.muenster-junge
81191821	de.muenster-regional
81191827	de.muenster-russo
81192294	de.muenzehamburg
81192457	de.muenzenwoche
81192565	de.muenzviertel
81192843	de.muerz
81192890	de.muesi
81192990	de.muetex
81193165	de.muettertelefon
81193230	de.muetterzentrumbergedorf
81193352	de.muffatwerk
81193628	de.muhahar
81194000	de.muko-alltag
81194085	de.mukt-initiative
81194607	de.multi-kuehlsysteme
81195190	de.multikultitreff
81195456	de.multimediamobile
81195702	de.multiplicities
81195726	de.multipolar-magazin
81195777	de.multiraumzentrum
81195947	de.multitone
81196246	de.mumdocs
81196353	de.mummy-mag
81196510	de.munchen
81196520	de.munchen-vesti
81196721	de.munder-erzepky
81196807	de.mundharmonika-muenster
81196833	de.mundi-roth
81196852	de.munding
81197210	de.mundwerk-dentalgruppe
81197310	de.munich
81197399	de.munich-cowboys
81197404	de.munich-dance-histories
81197417	de.munich-ecosystem
81197423	de.munich-esports
81197446	de.munich-greeter
81197488	de.munich-medical
81197532	de.munich-print
81197540	de.munich-quantum-center
81197582	de.munich-startup
81197606	de.munich-tourist
81197607	de.munich-tourist-guides
81197614	de.munich-urban-colab
81197630	de.munich1970
81197688	de.munichcancertalks
81197689	de.munichcar24
81197699	de.munichcityofmusic
81197745	de.munichflavour
81197839	de.munichmountaingirls
81197891	de.munichscottish
81197958	de.munichways
81197962	de.munichweddings
81197966	de.munichx
81197982	de.munictransfer
81197994	de.munikessa
81198014	de.muniqsoft-training
81198024	de.muniquechef
81198058	de.munixfinestbicycles
81198183	de.munster
81198753	de.murino-restaurant
81198776	de.murke24
81198813	de.murmann-magazin
81199138	de.mus-steuerberater
81199507	de.museana
81199528	de.museen
81199582	de.museen-in-bayern
81199589	de.museen-in-muenchen
81199625	de.museen-sh
81199740	de.musenseele
81199781	de.museum
81199850	de.museum-badsalzungen
81199897	de.museum-brandhorst
81200110	de.museum-helgoland
81200126	de.museum-hitzacker
81200134	de.museum-hoisdorf
81200634	de.museumbildet
81200645	de.museumderillusionen
81200804	de.museumsberatung-sh
81200812	de.museumsblog
81200852	de.museumsdienst-hamburg
81200885	de.museumsfernsehen
81200942	de.museumshafen-oevelgoenne
81200969	de.museumshop-weimar
81201091	de.museumsreport
81201176	de.museumsverband-sh
81201178	de.museumsverband-shhh
81201206	de.museumsverein-germering
81201508	de.music-evolution
81201756	de.music-tech
81201874	de.musica-femina-muenchen
81202176	de.musicalcompany-muenchen
81202307	de.musicalsommer
81202437	de.musicattack
81202647	de.musichhwomen
81202914	de.musicschool-baum
81203057	de.musicwomengermany
81203485	de.musik-heckmann
81203508	de.musik-heute
81203577	de.musik-in-dresden
81204917	de.musiker-board
81205080	de.musikerohnegrenzen
81206057	de.musikkapelle-hartpenning
81206767	de.musikrechtler
81207508	de.musikschule-karin-klose
81208216	de.musikschule-swientek
81208527	de.musikschulen
81208546	de.musikschulenhessen
81208622	de.musikschulverein-hamburg
81208702	de.musikspaziergang
81208929	de.musiktherapie
81208962	de.musiktherapie-info
81209306	de.musikverein-aichelberg
81209502	de.musikverein-buttenheim
81209852	de.musikverein-holler
81211039	de.musikwerkstudio
81211056	de.musikwoche
81211442	de.musixx-hamburg
81211727	de.muslim-markt-forum
81212429	de.musterstimmzettel
81212438	de.mustertexte-musterbewerbung
81212665	de.mut-tour
81212693	de.mut-wichtelstube
81212765	de.mutacademy
81212830	de.mutbuergerdokus
81212996	de.mutify
81213147	de.mutmachseiten
81213696	de.muttheater
81214033	de.mux
81214865	de.mv-justiz
81215386	de.mv-schlingen
81215605	de.mv-unterlenningen
81216038	de.mvdl
81216129	de.mvfp
81216142	de.mvg
81216289	de.mvhs
81216666	de.mvregio
81216709	de.mvs-meckesheim
81216884	de.mvv-muenchen
81216971	de.mvz-aba
81217186	de.mvz-elbe-west
81217523	de.mvz-neuhausen
81217631	de.mvz-reetfurt
81217863	de.mvzflugfeld
81217899	de.mvzm
81218906	de.mwn
81219067	de.mws11
81219228	de.mwy-architekten
81220062	de.my-challenge-coach
81220238	de.my-doenerbadsalzungen
81220472	de.my-flohmarkt
81221073	de.my-mahnverfahren
81221741	de.my-so-called-luck
81221833	de.my-stuwe
81222181	de.my-welcomeguide
81223259	de.mybugi
81223613	de.mycitybaby-muenchen
81223920	de.mycsc
81224341	de.mydrg
81225411	de.mygreentop
81225546	de.myhappyplaces
81225925	de.myinvest-pro
81226443	de.mylauf
81226925	de.mymeal-kantine
81226929	de.mymed-job
81227096	de.mymolo
81227098	de.mymoments
81227130	de.mymoria
81227181	de.mymuenchen
81227318	de.mynethome
81227409	de.mynoo
81228101	de.myplace-hamburg
81228108	de.myplanergy
81228125	de.mypleasurenails
81228139	de.mypocketmaps
81228154	de.mypolacy
81228508	de.myreparo
81228950	de.mysg
81228955	de.mysha
81231596	de.mystipendium
81231680	de.mystudychoice
81233545	de.mytum
81234864	de.myway
81234994	de.myweddingcoach
81235315	de.mz-dach
81236104	de.n-fotografie
81236176	de.n-j-h
81236444	de.n-tv
81237409	de.nabu
81237475	de.nabu-bergstrasse
81237493	de.nabu-bochum
81237500	de.nabu-borken
81237795	de.nabu-krefeld-viersen
81238140	de.nabu-seeheim
81238396	de.nach-hamburg
81238669	de.nachbarschaftshilfe-hh
81238800	de.nachbarschaftstreff-au
81238808	de.nachbarschaftstreff-moosach
81238809	de.nachbarschaftstreff-muenchen
81238911	de.nachdenken-in-muenchen
81238930	de.nachdenkseiten
81239156	de.nachhaltify
81239268	de.nachhaltig4future
81239382	de.nachhaltige-produktion
81239429	de.nachhaltigejobs
81239432	de.nachhaltigekommunen
81239450	de.nachhaltiger-heizen
81239542	de.nachhaltiges-zuhause
81239657	de.nachhaltigkeitsabkommen
81239659	de.nachhaltigkeitsallianz
81239704	de.nachhaltigkeitskompass-bw
81239717	de.nachhaltigkeitsnews
81239725	de.nachhaltigkeitspreis
81239730	de.nachhaltigkeitsrat
81239856	de.nachhilfe-danzer
81239941	de.nachhilfe-hh
81239958	de.nachhilfe-in-hamburg
81240067	de.nachhilfe-news-blog
81240411	de.nachlassplanerin-mit-herz
81240552	de.nachrichten-portal24
81240561	de.nachrichten-wissen
81240630	de.nachrichtenlokal
81240641	de.nachrichtenmorgen
81240940	de.nacht-gedanken
81241080	de.nachtderbibliotheken
81241129	de.nachtderzehner
81241133	de.nachtdeswissens
81241135	de.nachtdienst-soforthilfe
81241425	de.nachtmannsilies
81241452	de.nachtpflege-muenchen
81241640	de.nachtspeicher23
81243667	de.nadjaverspohl
81243783	de.nadyas-sewing-instructions
81244000	de.naehcenter-krauss
81244410	de.naehrwertvergleich
81244758	de.nafim
81244807	de.nag-bayern
81244810	de.nag-brandenburg
81244815	de.nag-hamburg
81244925	de.nagel-draxler
81245991	de.nagystefan
81246503	de.nahtuerlich-geniessen
81246602	de.nahverkehrhamburg
81246605	de.nahverkehrmuenchen
81247995	de.nakir
81248019	de.nako
81248096	de.nala-fgm
81248139	de.nalasu
81248192	de.nali-impfen
81248223	de.nallisonnenschein
81248665	de.namen-jesu
81248756	de.namensrecherche
81248977	de.namisla
81249229	de.nanapetzet
81249230	de.nanapono
81249359	de.nancys-kreativwerkstatt
81249573	de.nanmellinger
81250066	de.nanoscience
81250437	de.nap-pflanzenschutz
81250504	de.napfcheck
81250507	de.napfcheck-shop
81250922	de.narbenosteopathie
81250925	de.narbenpraxis-hamburg
81251055	de.narjesia
81251797	de.narrhalla
81251977	de.narzissmus-selbsthilfe
81252077	de.nascarjacken
81252444	de.nashmir
81252499	de.nasim-muenchen
81252597	de.nassal
81253915	de.nataliezimmermann
81254193	de.nataschaaggelesweddings
81254476	de.natex-hamburg
81255183	de.nationale-demenzstrategie
81255193	de.nationale-leitstelle
81255236	de.nationaler-radverkehrskongress
81255387	de.nationalpark-ostsee
81255421	de.nationalpark-wattenmeer
81255519	de.nationalsozialismus-in-mosbach-baden
81256274	de.natuerlich-mit-tieren
81256495	de.natuerliche-hormonregulation
81257088	de.natur-hotel-tannerhof
81257383	de.natur-schmuck-design
81257581	de.natur-urban
81257775	de.natura2000-dvl
81257784	de.natura2000-unterelbe
81258564	de.naturbad-zeven
81259877	de.nature-travel-photography
81260498	de.naturerlebnis-mit-genuss
81261467	de.naturfreunde-neuaubing
81262260	de.naturheilkunde-bj
81262272	de.naturheilkunde-buckup
81262420	de.naturheilkunde-lau-grandt
81262466	de.naturheilkunde-online
81262619	de.naturheilkundeschule
81262726	de.naturheilpraxis-alic
81262731	de.naturheilpraxis-alles-in-balance
81263594	de.naturheilpraxis-dohrn
81263733	de.naturheilpraxis-eisert
81264021	de.naturheilpraxis-gastreich
81264105	de.naturheilpraxis-goldmann
81264192	de.naturheilpraxis-gudra
81264255	de.naturheilpraxis-hammacher
81264353	de.naturheilpraxis-heilpraktikerin
81265219	de.naturheilpraxis-lahnstein
81265600	de.naturheilpraxis-meschede
81265719	de.naturheilpraxis-muenchenost
81266223	de.naturheilpraxis-riki-allgeier
81266269	de.naturheilpraxis-rohland
81266538	de.naturheilpraxis-schoenfeld
81266717	de.naturheilpraxis-sobotke
81266798	de.naturheilpraxis-stark
81267815	de.naturheilzentrum-alstertal
81268998	de.naturkundeverein-mannheim
81269577	de.naturpark-schoenbuch
81269605	de.naturpark-suedeifel
81271438	de.naturtalente
81271542	de.naturum
81273011	de.navi-hamburg
81274109	de.nbank
81274373	de.nbh-pauli
81274591	de.nbs
81274792	de.nc-finance
81276441	de.nebeleule
81276512	de.nebelniesel
81276779	de.nebenkostenpro
81276904	de.nebourhoods
81277068	de.neckar-kurier
81277114	de.neckaralb
81277611	de.nederlandse-club-hamburg
81278379	de.nehden
81278456	de.nehlsen-hamburg
81278479	de.nehmten
81279101	de.nekodanshi
81279405	de.nelhiebel
81279732	de.nelson-mandela-schule-kirchdorf
81279818	de.nemaninga
81279940	de.nemetorszagi-magyarok
81280602	de.neobiota-nord
81280924	de.neoliberalyse
81281419	de.neophyten-in-der-landwirtschaft
81281828	de.nepal-dia
81281933	de.nepaltreff
81282609	de.nerdly
81282725	de.nerdweibweb
81283573	de.nesshof
81283771	de.nester-kreativ-paartherapie
81284915	de.netdemeerbusch
81284926	de.netdesign13
81285031	de.netfed
81285660	de.netpapa
81285743	de.netprnews
81285746	de.netprocreative
81286637	de.netvocat
81286996	de.network-hamburg
81287003	de.network-insider
81287353	de.netz-blog
81287406	de.netz-fuer-pflegende
81287467	de.netz-m
81287476	de.netz-mitteldeutschland
81287510	de.netz-rettung-recht
81287539	de.netz-trends
81287657	de.netzausbau
81287693	de.netzbekannt
81288082	de.netzhorst
81288121	de.netzis
81288127	de.netzjournalismus
81288203	de.netzkraefte
81288345	de.netzoekonom
81288386	de.netzpiloten
81288425	de.netzpolitische-bildung
81288440	de.netzproduzenten
81288453	de.netzpunkte
81288728	de.netzweltreport
81288781	de.netzwerk-angeln
81288792	de.netzwerk-artikel-3
81288833	de.netzwerk-berufswahlsiegel
81288846	de.netzwerk-bibliothek
81288857	de.netzwerk-bildungsmonitoring
81288902	de.netzwerk-cn
81288969	de.netzwerk-digitale-bildung
81289287	de.netzwerk-inklusion-deutschland
81289293	de.netzwerk-inklusion-segeberg
81289314	de.netzwerk-iq
81289374	de.netzwerk-klimaherbst
81289376	de.netzwerk-klimazukunft
81289417	de.netzwerk-kvi
81289480	de.netzwerk-mediatheken
81289659	de.netzwerk-preussen-in-westfalen
81289674	de.netzwerk-quartier
81289728	de.netzwerk-schimmelberatung-hamburg
81289810	de.netzwerk-suedbaden
81289869	de.netzwerk-vaeterarbeit-muenchen
81289935	de.netzwerk-wunschtraeume
81289962	de.netzwerk21kongress
81290013	de.netzwerkbilder
81290100	de.netzwerkfrauen-bayern
81290129	de.netzwerkgreenevents
81290293	de.netzwerkstelle-demenz
81290354	de.netzwerkvolksentscheid
81290515	de.neu-hinschauen
81290634	de.neu-ulm-news
81290683	de.neuallermoehe
81290686	de.neuamsee
81290719	de.neuaubing-westkreuz
81290863	de.neubaualarm
81291064	de.neubergschule-neckarsulm
81291278	de.neuburg-donau
81291406	de.neudert-heil
81291624	de.neue-ausbildungsberufe
81291742	de.neue-duesseldorfer-online-zeitung
81291953	de.neue-inlaender
81292163	de.neue-nachbarn-langenhorn
81292257	de.neue-rechte-altes-denken
81292379	de.neue-tala
81292740	de.neuegartenstadtoejendorf
81292803	de.neueinzug24
81292854	de.neuelandschaft
81292990	de.neuenburg
81293161	de.neuenstadt
81293226	de.neuer-am-see
81293285	de.neuer-knabenchor-hamburg
81293305	de.neuer-norden
81293464	de.neuerwall-hamburg
81293474	de.neues-altern
81293508	de.neues-bilderbuch
81293515	de.neues-bv-baugemeinschaften
81293566	de.neues-gymnasium-altona
81293578	de.neues-hulsberg
81293590	de.neues-kunstforum
81293673	de.neues-stellingen
81293981	de.neueswallufer
81294009	de.neuetraume
81294136	de.neufahrn
81294142	de.neufahrner-echo
81294267	de.neufreimann
81294427	de.neugeschaeft
81294436	de.neugier-ahoi
81294770	de.neuhausermusiknacht
81294830	de.neuhof-zenn
81295123	de.neukoellnmagazin
81295184	de.neukundengewinnung-koeln
81295384	de.neulussheim
81295487	de.neumann-buerosysteme
81295677	de.neumann-recht
81295692	de.neumann-schornsteintechnik
81296092	de.neumuenster
81296103	de.neumuenster-lokal
81296333	de.neunmalsechs
81296407	de.neunzehn72
81296474	de.neuperlach-evangelisch
81296884	de.neurank
81297147	de.neureuther-apotheke
81297560	de.neuro-index
81299454	de.neurofeedback-info
81299501	de.neurofeedback-petzold
81299887	de.neuroimpuls
81300404	de.neurologie-am-tauentzien
81300662	de.neurologie-haslbeck-kirchner
81301441	de.neurologische-praxis-am-wall
81302133	de.neuropraxis-buschmann
81302308	de.neuropsychologische-praxis
81302325	de.neuroraum
81302802	de.neuss
81302990	de.neusslokal
81303021	de.neusta-is
81303074	de.neustadt-donau
81303167	de.neustadtarchitekten
81303719	de.neuwerk
81303786	de.neuwiedenthal
81303827	de.neuwirt-goldach
81303834	de.neuwirt-sachsenkam
81303914	de.neuzeitwelt
81304172	de.neversdorf
81304524	de.new-hamburg
81304665	de.new-mobility-solutions
81305606	de.newinthecity
81306019	de.newproductioninstitute
81306057	de.news
81306059	de.news-7
81306079	de.news-bloggen
81306139	de.news-informieren
81306266	de.news4teachers
81306291	de.newsaktuell
81306300	de.newsandmore-mediaservice
81306317	de.newsbasis
81306328	de.newsblicker
81306387	de.newscologne
81306426	de.newsdigest
81306447	de.newsense-engineering
81306463	de.newsfenster
81306725	de.newslinie
81306727	de.newslinker
81306732	de.newslogik
81306841	de.newspit
81306899	de.newssicht
81306920	de.newstakt
81306954	de.newstoday24
81307014	de.newswinggeneration
81307331	de.newyork-town
81307729	de.nexster
81308224	de.nextgarden
81308340	de.nexthaler
81308528	de.nextmedia-haw
81308712	de.nextstophappiness
81308908	de.nexusboard
81308930	de.nexusinstitut
81309272	de.nf-physio
81309303	de.nf2025
81309417	de.nfdi
81309882	de.nfte
81310410	de.nglv
81310597	de.nguf
81310919	de.nhbayer
81310959	de.nhc-futterberatung
81311648	de.nhp
81313000	de.nib
81313183	de.nibler
81313906	de.nichtallzufromm
81314713	de.nickles
81315712	de.nicolas-fink
81317219	de.niconolden
81317490	de.nidda
81318047	de.nieb-hamburg
81318561	de.niederdeutsche-literatur
81318566	de.niederdeutschsekretariat
81318600	de.niederelbe
81318619	de.niedereschach
81318668	de.niederhambach
81318797	de.niederlausitz-aktuell
81319845	de.niedersachsen
81320011	de.niedersachsen-kompakt
81320139	de.niedersachsen-wasser
81320222	de.niedersachsenhof-verden
81320535	de.niederspannung
81321600	de.niekrens
81321799	de.nielsannen
81322364	de.niemanns-land
81322431	de.niemerszein
81322447	de.niemeyer-bremen
81322592	de.niendogs
81322621	de.niendorfer-nachbarn
81322622	de.niendorfer-tsv
81322692	de.nienstedten
81324200	de.nifbe
81325303	de.nighthawkonair
81325356	de.nightlife-muenchen
81326669	de.niklaus-baugeraete
81326871	de.nikolai-apotheke-app
81328049	de.nils-mohl
81328475	de.nilswommelsdorf
81328709	de.nimmbus
81329436	de.ninaheine
81329484	de.ninajahn
81329530	de.ninakranz
81329543	de.ninalambrecht
81330075	de.ninet-forum
81330426	de.ninon-akademie
81330785	de.nipponip
81330826	de.niqolas
81331210	de.nischensport
81331431	de.nissan-muenchen
81331535	de.nissanboard
81331628	de.nissis-kunstkantine
81332699	de.nj-sanitaerdienst
81332874	de.njuuz
81332908	de.nk-brandschutzingenieure
81332961	de.nk-ing
81333416	de.nkt-pe
81333948	de.nlnv
81335622	de.nma-hamburg
81335785	de.nmbiking
81336212	de.nmib
81336813	de.no-65
81337167	de.no-tamada
81338532	de.nockherberg
81338697	de.nodal
81338705	de.nodch
81339373	de.noflyham
81339659	de.noichl
81339935	de.nok
81339955	de.nok21
81340016	de.nokija
81340111	de.nold-geiger
81340546	de.nolten
81340584	de.nolympia
81340587	de.nolympia-hamburg
81340590	de.nolympia-muenchen
81340611	de.nom1
81340993	de.nomos
81341083	de.non-standard-taekwondo
81341962	de.noows
81342187	de.nora-fieling
81342687	de.norbert-huppertz
81342892	de.norbert-wissel
81342960	de.norberthaering
81343365	de.nord-nord-drehort
81343461	de.nord-spinnen
81343529	de.nord-west-pflege
81343536	de.nord-wort
81343568	de.nordakademie
81343579	de.nordallianz
81343658	de.nordbahn
81343670	de.nordbalkonliebe
81343761	de.nordbord
81343798	de.nordc
81343817	de.nordcare
81343945	de.norddeutsche-hoerbuecherei
81343952	de.norddeutsche-kooperation
81344076	de.norddeutsches-reallabor
81344479	de.norderstedt
81344563	de.nordevent
81344619	de.nordfolkfestival
81344651	de.nordfriesland
81344839	de.nordhausimmobilien
81345661	de.nordische-esskultur
81345708	de.nordisches-reisefieber
81345713	de.nordischgetraut
81345722	de.nordischlifestyle
81345825	de.nordkirche
81345830	de.nordkirche-weltbewegt
81345938	de.nordlaender-digital
81345943	de.nordland-apotheke-hamburg-app
81346313	de.nordmann-gmbh
81346354	de.nordmark-pharma
81346394	de.nordmetall
81346511	de.nordostkultur-muenchen
81346529	de.nordostseemagazine
81347016	de.nordsee-jugendheim
81347024	de.nordsee-kollektiv
81347298	de.nordseeferienhaus-stein
81347357	de.nordseeheilbad-cuxhaven
81347694	de.nordspiegel
81347778	de.nordstern-apotheke-muenchen-app
81347910	de.nordsuedforum
81347989	de.nordtribuene-hamburg
81348020	de.nordverbund-ausstieg
81348046	de.nordwaerts
81348068	de.nordwandhalle
81348216	de.nordwestmecklenburg
81348604	de.noris-koeln
81348643	de.norisbank
81348993	de.normangruss
81349259	de.nornirsaett
81349346	de.norschter-news
81349478	de.northbayco
81349532	de.northeim
81349638	de.northernlights
81349781	de.northstarchronicles
81349808	de.northwest-apartments
81349919	de.norwegen-angelfreunde
81350017	de.norwegerinbayern
81350757	de.notar
81350835	de.notar-brinkmann
81351608	de.notare-hafencity
81351726	de.notare-rumpf-westermeier
81351861	de.notariat-hamburg-bergedorf
81351891	de.notariat-moe
81351906	de.notariat-sasel
81352841	de.noten-booster
81353097	de.notesandpictures
81353222	de.notfallallianz-kultur
81353305	de.notfallmamas
81353581	de.notgemeinschaft-feuerwehr-hamburg
81353832	de.notizbuchblog
81353934	de.notmuetterdienst
81354061	de.notruf-hamburg
81354098	de.notrufberichte
81354340	de.notzingen
81354674	de.nova-nexus
81354715	de.nova-sedes-aktuelles
81354774	de.novaarchitekten
81355487	de.novelle-hoerakustik
81355881	de.novoai
81356075	de.novostep
81356128	de.novoz
81356136	de.novulux
81356189	de.novum-wintergarten
81356325	de.now-news
81356458	de.nowak-immobilien
81356991	de.nox-umzug
81357131	de.noz
81357205	de.np-coburg
81357707	de.npz-ev
81357819	de.nr-sv
81358029	de.nrhz
81358151	de.nrtec-gmbh
81358162	de.nrv
81358180	de.nrw
81358268	de.nrw-denkt-nachhaltig
81358351	de.nrw-haushaltsaufloesung
81358557	de.nrw-tourist
81358662	de.nrweltoffen-solingen
81358851	de.ns-gedenkstaetten
81358885	de.ns-zwangsarbeit
81358958	de.nsb-cases
81359056	de.nsdoku
81359192	de.nsi-si
81359368	de.nsr-radio
81359609	de.nt-blumenau
81359941	de.ntik-hamburg
81360387	de.nubedian
81360816	de.nuding-net
81361027	de.nuernberg
81361041	de.nuernberg-augenarzt
81361234	de.nuernberger
81361399	de.nuernbergersingles
81361417	de.nuernbergluftbild
81361425	de.nuernbergregional
81361556	de.nuethen
81361671	de.nufringen
81361894	de.nuklearesicherheit
81362138	de.nullachtneun
81362155	de.nullbarriere
81362303	de.nullsechser
81362724	de.nummerneun
81362797	de.nun-zertifizierung
81363177	de.nur-oben-ist-platz
81363407	de.nurentspannen
81363523	de.nurliebe
81364189	de.nutricia
81364731	de.nutzmuell
81364766	de.nutztierhaltung
81364959	de.nuwela
81365412	de.nvkh
81365584	de.nw-ambulant
81365724	de.nw3
81365780	de.nwb-experten-blog
81365956	de.nwjugend
81366189	de.nwv-hamburg
81366416	de.nxtpark-hotel
81366642	de.nyghtlife
81366786	de.nymphenburger-schulen
81367622	de.o-pflanzt-is
81367904	de.o2online
81368299	de.oamc-reinheim
81368381	de.oas-roisdorf
81368902	de.obacht-shop
81368911	de.obadoba
81369040	de.obdach-hd
81369242	de.obenstadt
81369332	de.oberaltenallee
81369338	de.oberammergau-erleben
81369448	de.oberbayern
81369540	de.oberbergkirchen
81369565	de.oberbillwerder-hamburg
81369572	de.oberboihingen
81369619	de.oberdeck-hamburg
81369637	de.oberdinger-kurier
81369710	de.obere-muehle-wertach
81369997	de.obergrashof
81370155	de.oberhausenlokal
81370163	de.oberhauser
81370907	de.obermeiderich
81370915	de.obermeier-capital
81371247	de.oberpfalzwiki
81371251	de.oberpframmern
81371271	de.oberprechtal
81371652	de.oberschuleanderegge
81371718	de.oberschweinbach
81371761	de.oberstadion
81371952	de.oberthuer
81372007	de.oberursel
81372242	de.obi
81372283	de.obijenne
81372641	de.objektfunk-deutschland
81372702	de.objektivnews
81372712	de.objektkompass
81374843	de.occamtaxi
81375608	de.ochsenbraterei
81375611	de.ochsenbraterei-imbiss
81376213	de.octoparse
81376264	de.octopusenergy
81376553	de.odbg-muenchen
81376704	de.odekake
81377065	de.odeon-goeppingen
81377388	de.odgmbh
81378146	de.oebz
81378305	de.oecon-line
81378432	de.oedp-aschaffenburg
81378524	de.oedp-fraktion-regensburg
81378549	de.oedp-hamburg
81378633	de.oedp-muenchen
81378634	de.oedp-muenchen-land
81378742	de.oedp-traunstein
81378873	de.oeffentlichen-dienst
81378876	de.oeffentlicher-dienst-news
81378883	de.oeffentliches-baurecht-direkt-im-netz
81378924	de.oeffnungszeitenbuch
81378928	de.oeffnungszeitenpost
81378929	de.oeffnungszeitenueberblick
81378982	de.oegd-forte
81379019	de.oegz
81379190	de.oehringen-lieblingsstadt
81379226	de.oeinf
81379278	de.oekg
81379286	de.oeko
81379361	de.oeko-freiwillig
81379541	de.oekoagentur
81379669	de.oekoesel
81379689	de.oekoferienhaus
81379804	de.oekokil
81379838	de.oekolandbau
81379870	de.oekoloewe
81379912	de.oekologisch-essen
81379994	de.oekom
81379998	de.oekom-verein
81380009	de.oekomarkt-hamburg
81380162	de.oekoprofit-deutschland
81380167	de.oekoprofit-muenchen
81380328	de.oekotel
81380387	de.oekowein-schuette
81380770	de.oelder-anzeiger
81380896	de.oelixdorf
81380955	de.oellerking
81381577	de.oerks
81381668	de.oerter-gmbh
81382015	de.oetigheim
81382283	de.oewv-oersdorf
81382441	de.oezoguz
81382686	de.of-oriental-light
81383139	de.ofen-wachter
81383939	de.offenau
81384270	de.offene-kartierung
81384396	de.offenegestalt
81384422	de.offenen-kamin-umruesten
81384648	de.offensive-mittelstand
81384928	de.office-group
81385579	de.offiz
81385583	de.offizialat-vechta
81386060	de.offshore-stiftung
81387580	de.ogletree
81387757	de.ogov
81388925	de.ogv-samerberg
81389028	de.ogv-tirschenreuth
81389491	de.oha-laborservice
81389503	de.oha-verstaerker
81389531	de.ohaktuell
81389848	de.oher-fussballer
81390001	de.ohkampschule
81390088	de.ohlendorffsche
81390202	de.ohlsdorf
81390205	de.ohlsdorf-photos
81390495	de.ohne-gendern
81390875	de.ohnsorg
81391254	de.ohrlotsen
81391277	de.ohrnsweg
81391432	de.ohsobeautiful
81391522	de.ohwhat
81391651	de.oide-wiesn
81391950	de.oio
81392123	de.ojal
81392151	de.ojdo
81392365	de.ok-ja-pankow
81392371	de.ok-kids-ev
81392403	de.ok-med
81392458	de.ok-rechtsanwaelte
81392945	de.okfn
81392964	de.okhamburg
81393249	de.oknrw
81393311	de.okoprivateschool
81393532	de.oktavio
81393577	de.oktoberfest
81393647	de.oktoberfest-jobs
81393667	de.oktoberfest-magazin
81393679	de.oktoberfest-oidewiesn
81393717	de.oktoberfest-tv
81393804	de.oktoberfestzelt-tradition
81393948	de.okv-laichingen
81394112	de.ol-lg
81395351	de.olafduge
81396737	de.olching
81396913	de.old-fidelity-forum
81397326	de.old-youngtimer-manufaktur
81397657	de.oldenburg-holstein
81399538	de.oldtimerfreunde-foeritztal
81400514	de.olf-stoiber
81400699	de.olga089
81400943	de.olics
81401174	de.olisimon
81401655	de.oliver-heim
81402209	de.olivercurth
81402876	de.oliverwick
81402897	de.oliverwurm
81402947	de.olivia-jones
81403610	de.olov-hessen
81404066	de.olympia-bergkamen
81404252	de.olympiapark
81404578	de.om-strategen
81404966	de.omasforfuture
81405010	de.omasgegenrechts-nord
81405014	de.omasgegenrechts-owl
81405033	de.omasgegenrechtsmuenchen
81405115	de.ombidombi
81408071	de.omnicert
81408695	de.omocura
81408908	de.omt
81409137	de.on-golf
81409156	de.on-light
81409320	de.on7-gesundheitszeugnis
81409489	de.oncampus
81409903	de.ondics
81410748	de.one-table-games
81410956	de.one33
81411161	de.oneandonly-escortservice
81411219	de.onebillionrising
81411226	de.onebillionrising-muenchen
81411330	de.onecrowd
81411778	de.oneofakindyoga
81412202	de.oneworldfamily
81413302	de.online
81413394	de.online-apotheken-im-vergleich
81413996	de.online-erfolgreicher
81414033	de.online-fahrzeug-ankauf-export
81414257	de.online-grundsteuererklaerung
81414305	de.online-heilpraktikerschule-nrw
81414457	de.online-kfz-verkaufen-export
81414938	de.online-ofb
81415170	de.online-rebellion
81415517	de.online-strafanzeige
81415859	de.online-wohn-beratung
81415879	de.online-zahnklinik
81416141	de.onlinebilanz
81416775	de.onlinegehts
81417067	de.onlinekurs-welt
81417122	de.onlinelupe
81417139	de.onlinemarketing
81417186	de.onlinemarketing-praxis
81417219	de.onlinemarketingberatung
81417565	de.onlineprinters
81417960	de.onlinesolutionsgroup
81418042	de.onlinestreet
81418642	de.onlywedding
81418656	de.onma
81418702	de.onmyjourney
81418947	de.onpulson
81418973	de.onride
81419531	de.onyx-chauffeurservice
81419809	de.oooyeah
81419870	de.oose
81420317	de.opardija
81420648	de.opel-blitzschmie
81421920	de.opelz-blog
81421938	de.open-access-tage
81422055	de.open-educational-resources
81422094	de.open-government-deutschland
81422139	de.open-karate-muc
81422202	de.open-north
81422298	de.open-source-wettbewerb
81422365	de.open4u
81422369	de.open9
81422510	de.openart-munich
81422536	de.openbibmuc
81422563	de.opencaching
81422609	de.opencode
81422650	de.opendata-oepnv
81422708	de.opendoorinternational
81422824	de.opengenderjournal
81422831	de.opengeodb
81422832	de.opengeoedu
81422849	de.opengov-muenchen
81422853	de.opengovpartnership
81422873	de.openhandwerk
81422966	de.openlab-hamburg
81423112	de.openpetition
81423136	de.openpromos
81423191	de.openschool21
81423313	de.opensourcetreffen
81423342	de.opensportmap
81423369	de.openstreetmap
81423380	de.opensubs
81423434	de.opentransfer
81423623	de.operamauritius
81423773	de.operationton
81423955	de.opernloft
81423987	de.opernstiftung-hamburg
81424094	de.opferhilfe-hamburg
81424685	de.oppenau
81425203	de.opti
81425275	de.opti-school
81425390	de.optica
81425478	de.opticon-bfg
81426596	de.optik-neubert
81426872	de.optik-schoenauer
81427067	de.optik-trudering
81427102	de.optik-vogel
81427921	de.optikschuster
81428203	de.optimal-finanz
81428324	de.optimalereisezeit
81428369	de.optimalsystem
81428471	de.optimierung-onlineshop
81428701	de.optimus-umzug
81428727	de.optinconsulting
81429070	de.optomech
81429088	de.optometrie-online
81429097	de.optometrieonline
81429994	de.orange-cube
81430524	de.oranienburg-immobilien
81431560	de.ord
81432422	de.orgalean
81432777	de.organischegemeinde
81432902	de.organspende-aufklaerung
81432922	de.organspende-wiki
81433681	de.orhan-akman
81433711	de.ori-neuperlach
81434061	de.orientierung-leben
81434257	de.origamiseiten
81434736	de.originalverkorkt
81435187	de.orlishausen-versicherungsmakler
81435374	de.ornithologie-hamburg
81435386	de.ornithologiehamburg
81435845	de.orte-der-unsichtbarkeit
81436373	de.ortho-ludwig8
81436706	de.orthocura-hamburg
81436858	de.orthofer-schreiner-montage
81436934	de.ortholine
81437533	de.orthopaedie-dr-dirr
81437605	de.orthopaedie-eschborn
81437933	de.orthopaedie-langenhorn
81437966	de.orthopaedie-luebeck
81438112	de.orthopaedie-pape
81438625	de.orthopaedietechnik-wedding
81438652	de.orthopaedikum-neuer-wall
81438845	de.orthopraxx
81438893	de.orthoshield
81438960	de.orthovital
81439166	de.ortnerhof-ruhpolding
81439274	de.ortsbeirat-birkholz
81439602	de.ortstermine-muenchen
81439817	de.orwell-staat
81440201	de.osabus
81440337	de.osblog
81440347	de.osborn53
81440351	de.osborneclarke
81440410	de.osc-hamburg
81440565	de.oscars-pizzeria
81440808	de.osdorfer-born
81441198	de.osk
81441512	de.osm-risse
81441827	de.osnabrueck-lokal
81442111	de.ospaeth
81442116	de.ospbayern
81442131	de.osphh-sh
81442133	de.osphysio
81442199	de.oss-haus
81442363	de.ossig-online
81442439	de.osstec
81442803	de.ostalbkreis
81442838	de.ostallgaeu
81442877	de.ostasien-verlag
81442895	de.ostbahnhof-apotheke
81443060	de.oste-hotel
81443684	de.osteopathie-4you
81443754	de.osteopathie-anna-mueller
81443779	de.osteopathie-aulich
81444010	de.osteopathie-bretzel
81444191	de.osteopathie-dr-vagner
81444297	de.osteopathie-faste
81444770	de.osteopathie-in-sendling
81444957	de.osteopathie-klima
81445038	de.osteopathie-krusche
81445155	de.osteopathie-lobensteiner
81445285	de.osteopathie-mhof
81445295	de.osteopathie-miller
81445404	de.osteopathie-neuwerk
81445444	de.osteopathie-nuernberger
81445576	de.osteopathie-pietsch
81445907	de.osteopathie-schule
81445961	de.osteopathie-sg
81445987	de.osteopathie-smit
81446052	de.osteopathie-sternhardt
81446111	de.osteopathie-tcm-klann
81446593	de.osteopathiepraxis-pittino
81446665	de.osteopathieweiss
81446754	de.osteophysio
81446955	de.osterbek
81447007	de.osterburken
81447228	de.osteria-adria-burgebrach
81447671	de.ostern-in-deutschland
81448777	de.ostrohersportclub
81448821	de.ostsee-7
81448902	de.ostsee-campingplatz
81449008	de.ostsee-ferienhof-sandmann
81449150	de.ostsee-hunde
81449548	de.ostseeaction
81450039	de.ostseekuestenallianz
81450590	de.ostwestf4le
81451691	de.other-writers
81451920	de.othmarschen
81452562	de.otmp
81452788	de.oton-hoerakustik
81453763	de.otte60
81453870	de.ottensenmachtplatz
81453874	de.ottensergestalten
81453887	de.ottensmeyer-fibu
81454467	de.otto-hahn-schule
81454469	de.otto-hahn-schule-hamburg
81454712	de.otto-schmidt
81454907	de.ottobrunn
81454943	de.ottoeckart
81455098	de.ottomusfeldt
81456020	de.out-takes
81456503	de.outdoor-welten
81456547	de.outdoorando
81456780	de.outdoormonster
81456850	de.outdoorsport
81456855	de.outdoorsportfestival
81456873	de.outdoorsuechtig
81457040	de.outfluencer
81457161	de.outlet-in
81458141	de.over-blog
81458379	de.overhoff
81458617	de.overton-magazin
81458636	de.overw8
81458674	de.ovg-oberland
81458685	de.ovgu
81458969	de.ow-engers
81458988	de.ow-websolutions
81459107	de.owep
81459441	de.owl-vision-media
81459610	de.ownly
81460049	de.oxmoxhh
81460507	de.oz-hafencity
81460570	de.oza-m
81461018	de.ozzymachttattoos
81461402	de.p-m-c-p
81461794	de.p1-medical
81462000	de.p2mo-hamburg
81462058	de.p3-energieberatung
81462139	de.p3immobilien
81462298	de.p7d
81462735	de.paarberatung-in-hamburg
81462865	de.paarconsulting
81462881	de.paare-miteinander
81462889	de.paaremotion
81463015	de.paartherapeut-finden
81463017	de.paartherapeut-in
81463093	de.paartherapie-finden
81463111	de.paartherapie-hamburg-mh
81463112	de.paartherapie-hamburg-nz
81463407	de.pab-research
81464037	de.packall
81464211	de.packmee
81464643	de.paddel-meier
81464716	de.paddeln-macht-spass
81465054	de.padelfinder
81465287	de.paderborn-meinestadt
81465324	de.paderbornaktuell
81465739	de.paech-umzug
81465787	de.paedagogik-bildung
81465973	de.paednetz
81466188	de.paessler-autoteile
81466324	de.paff24
81466388	de.pag-mrh
81466500	de.page-online
81466653	de.pagemover
81466823	de.paggen
81468246	de.paks-bayern
81468333	de.pal-showtechnik
81468603	de.palaismai
81468711	de.palastderwinde
81468756	de.palatia-sbk
81469524	de.palladio-consulting
81469550	de.palladium-theater
81469551	de.palladium-theater-stuttgart
81469675	de.palliativ-foerderverein-harlaching
81469872	de.palliativnetz-niederrhein
81469925	de.palliativpflegeteam
81470123	de.palm-bonn
81471350	de.pan-klinik
81471667	de.panbrand
81471686	de.panchakarmaretreat
81471927	de.pandapictures
81472034	de.pander-escort
81472137	de.pandora-forscht
81472579	de.panidominika
81472594	de.paniho-shirt
81472635	de.panikcity
81472907	de.pankower-allgemeine-zeitung
81473177	de.panoblog
81473273	de.panoptikum
81473335	de.panorama-billstedt
81473394	de.panorama-harburg
81473414	de.panorama-inn
81473471	de.panorama-re
81473734	de.panoramastreetline
81473902	de.panschi
81474345	de.pantoffelnimregen
81475058	de.papageienfreunde-nord
81475553	de.papelucho
81475735	de.paperazzo
81476205	de.papier-schlabach
81476777	de.papilio
81477057	de.pappelbaum-design
81477377	de.papua2014
81477611	de.paracelsus
81478310	de.paradox-online
81478445	de.paragon
81478914	de.paranoyd-magazin
81479098	de.parataktika
81479434	de.parentsforfuture
81479517	de.parfen-laszig
81480063	de.parica-partoshoar
81480184	de.parikita
81480937	de.paritaet-bayern
81480952	de.paritaet-hamburg
81481709	de.park-kita
81482774	de.parkda24
81482837	de.parkdersinne-brv
81483678	de.parkeninmuenchen
81484128	de.parkett-jost-heidelberg
81484133	de.parkett-kappel
81484364	de.parkett-schliff
81484646	de.parkettleger-on-tour
81485145	de.parkhotel-obermenzing
81485747	de.parkplace
81485825	de.parkplatztarife
81485868	de.parkraummanagement-muenchen
81485875	de.parkraumwende
81485927	de.parks-hamburg
81486069	de.parksommertraeume-altdoebern
81486077	de.parksportinsel
81486083	de.parkstadt-muelheim-aber-richtig
81486155	de.parkundride
81486164	de.parkverbot-muenchen
81486236	de.parlamensch
81486262	de.parlamentjobs
81486272	de.parlamentsrevue
81486883	de.part
81487341	de.partinklusion
81487430	de.partizipendium
81487973	de.partnerschaft-gesunde-welt
81488832	de.party-princess
81488911	de.party-service-wolf
81489075	de.partyband-hochzeitsmusik-ammersee
81489198	de.partybus-hh
81489323	de.partyeventcatering
81489532	de.partylimo-hamburg
81490741	de.partystrips24
81490958	de.paruschke-kunststoffe
81491213	de.pascal-jordan
81491224	de.pascal-krieger
81491319	de.pascalcabart
81491511	de.pasch-net
81491774	de.pasing-kreuzundquer
81491787	de.pasinger-archiv
81491789	de.pasinger-christkindlmarkt
81491790	de.pasinger-fabrik
81491800	de.pasinger-vorwiesn
81491831	de.pasit-zeitarbeit-muenchen
81492105	de.passat32
81492380	de.passenger-x
81492424	de.passexperten
81493258	de.past-tense
81493545	de.pastetten
81493549	de.pasteur-apotheke-hamburg
81493585	de.pastimes
81493625	de.pastor-x
81493900	de.pat-fritz
81494360	de.patengemeinschaft
81494498	de.patentanwalt-halle
81494574	de.patenteroberer
81494649	de.patentrecht-halle
81494817	de.path-to-mental-health
81494981	de.pathologie-hamburg
81495235	de.patientenberatung-hamburg
81495443	de.patifakte
81495814	de.patricia-carolin-mai
81496144	de.patrick-breyer
81496814	de.patrickpagels
81497427	de.patterno
81497518	de.patu-und-du
81498100	de.paul-klinger-ksw
81498300	de.paul-riedel
81498572	de.paula-modersohn-schule
81498776	de.paulanerfestzelt
81498880	de.paulaundmax
81499308	de.paulihaus
81499415	de.pauline-hamburg
81499852	de.paulpaulsen
81500098	de.paulsen-consorten
81501032	de.pavel-transporte
81501375	de.pawfect-matches
81501443	de.pawlik-muenchen
81501606	de.pax
81501630	de.pax-et-gaudium
81501654	de.pax-solar
81501689	de.paxchristi
81502219	de.pazem
81502599	de.pb-schilling
81502957	de.pbeakk
81503052	de.pbhausservice
81503100	de.pbimmo
81503218	de.pbn
81503343	de.pbs-bw
81504356	de.pc-reparatur-center
81504359	de.pc-reparatur-fulda
81504445	de.pc-service-celle
81504616	de.pc-systemworks
81504875	de.pcb-markt
81505161	de.pcg-musterkodex
81505227	de.pchev
81505580	de.pcp-net
81505830	de.pcservice-sprengler
81505893	de.pcspezialist
81506195	de.pd-g
81507736	de.pearl-jam
81508130	de.pechakuchanight
81508394	de.pedala
81508425	de.pedalhelden
81508546	de.pedelec-schmidt
81508612	de.pedia-bildung
81509216	de.pefc
81509806	de.peggyundchris
81509969	de.peichl-online
81510283	de.peitsche
81510349	de.peitzner-klauser
81510956	de.pelizaeus
81511137	de.pelletlager24
81511532	de.pelzblog
81511540	de.pelze-am-dornbusch
81511796	de.pen-deutschland
81512915	de.pension-aufeld
81513105	de.pension-boje
81513281	de.pension-demmel
81513385	de.pension-eichenhof
81513395	de.pension-eisele
81513547	de.pension-fohlenhof
81513588	de.pension-friedrichsthal
81513764	de.pension-grund
81513892	de.pension-haus-wendelstein
81514024	de.pension-hofer
81514120	de.pension-in1
81514331	de.pension-kornkammer
81514425	de.pension-lanzl
81515067	de.pension-robi
81515091	de.pension-rosenheim
81515497	de.pension-stinauer
81515610	de.pension-turm
81515793	de.pension-wess
81517254	de.people-of-the-sun
81518296	de.per-reha
81518443	de.percepticon
81519423	de.perfektes-reisen
81519426	de.perfektes-werkzeug
81519912	de.performingcitizenship
81520088	de.perick
81520455	de.perlach-evangelisch
81521232	de.permanent-art
81521513	de.permedium
81522210	de.persodeutschland
81522276	de.persoenlichkeits-blog
81522546	de.personal-gewinnen-und-binden
81522641	de.personal-physio-muenchen
81522710	de.personal-spiegel
81523474	de.personalmarketing2null
81524083	de.personenschifffahrt-wilcke
81524101	de.personensuche
81524105	de.personensuchen
81524145	de.personio
81524284	de.perspektifa
81524347	de.perspektive-brunsbuettel
81524410	de.perspektive-kruemmel
81524422	de.perspektive-media
81524428	de.perspektive-muenchen
81524816	de.pertler
81525023	de.perview
81525180	de.peschel-communications
81525416	de.pestalozzi-dud
81525437	de.pestalozzi-hamburg
81525444	de.pestalozzi-kita
81525514	de.pestalozzischule-chemnitz
81526050	de.petbnb
81526215	de.peter-aurich
81526933	de.peter-kittel
81527140	de.peter-may
81527235	de.peter-nowak-journalist
81527395	de.peter-rechtsanwalt-mainz
81527419	de.peter-richterich
81527630	de.peter-spork
81527965	de.peterbaagt
81528610	de.peterjungblut
81528913	de.petermaiergmbh
81529000	de.petermischur
81529958	de.petersenpartners
81529973	de.petersfahrschule
81530162	de.petersreiseziele
81530240	de.petersundpeters-immobilien
81530814	de.petitini
81530963	de.petolo
81531122	de.petra-bugl
81531167	de.petra-duenges
81531429	de.petra-kracher
81531502	de.petra-mattfeldt
81531687	de.petra-schier
81531702	de.petra-schreiber
81532137	de.petrakellystiftung
81532194	de.petralangeberndt
81532507	de.petras-wellness-massagen
81533119	de.petrsika
81533654	de.petversicherung
81533704	de.petze-institut
81533716	de.petzendorfer-immobilien
81533816	de.peuckert
81534094	de.peutz
81534441	de.pfad-bv
81534471	de.pfad-west
81534879	de.pfadfinder-vogelsberg
81535392	de.pfaffenhofen-today
81536122	de.pfandleihhaus-ratgeber
81536701	de.pfarrei-heilige-elisabeth
81536892	de.pfarrei-neuching
81537380	de.pfarreihlmartin
81537743	de.pfarrverband-laim
81537751	de.pfarrverband-menzing
81537757	de.pfarrverband-neubiberg-waldperlach
81537778	de.pfarrverband-puchheim
81537782	de.pfarrverband-salvator-mundi
81538275	de.pfefferminzia
81538370	de.pfefferundpfoten
81539015	de.pfennigparade
81539043	de.pfenz
81539153	de.pferd-und-fleisch
81540483	de.pferdehof-steinhauser
81541805	de.pferdesport-hamburg
81542778	de.pfh
81542798	de.pfi
81542830	de.pfiff-hamburg
81542896	de.pfiffikus-augsburg
81543100	de.pfinztal
81543176	de.pfister-stb
81543858	de.pflanzenschutz-gartenbau
81543860	de.pflanzenschutz-hausgarten
81543861	de.pflanzenschutz-information
81543864	de.pflanzenschutz-skn
81544171	de.pflasterbau-michalzik
81544343	de.pflebit
81544619	de.pflege-dschungel
81544685	de.pflege-fuer-daheim
81544728	de.pflege-guenthner
81544772	de.pflege-helfer24
81544845	de.pflege-in-muenchen
81544931	de.pflege-kraus
81545082	de.pflege-ndz
81545089	de.pflege-neuss
81545168	de.pflege-prisma
81545387	de.pflege-unterfoehring
81545531	de.pflege24-7
81545645	de.pflegeassistenz-kliche
81545660	de.pflegeausbildung-hamburg
81545901	de.pflegeberufe-hamburg
81546207	de.pflegedienst-arberland
81546587	de.pflegedienst-essler
81546937	de.pflegedienst-igma
81547035	de.pflegedienst-kelbra
81547224	de.pflegedienst-lucy
81547507	de.pflegedienst-pasing
81547574	de.pflegedienst-providus
81547698	de.pflegedienst-sam-karlsruhe
81548465	de.pflegeelternrat
81548538	de.pflegefachschule-alsterdorf
81548621	de.pflegegeld-info
81548679	de.pflegehamburg
81549004	de.pflegehelden
81549104	de.pflegehome-ma
81549307	de.pflegekompass
81549562	de.pflegen-und-leben
81549571	de.pflegenaut
81549622	de.pflegenetzwerk-deutschland
81549637	de.pflegenetzwerknord
81549661	de.pflegenundwohnen
81549667	de.pflegeobjekt
81549689	de.pflegepartner-hamburg
81549812	de.pflegepur
81549911	de.pflegeschule-alstertal
81549951	de.pflegeschule-nea
81549976	de.pflegeschulen-hofheim
81550526	de.pflegeteam-sonnenstern
81550779	de.pflegewelt
81551256	de.pflugblatt
81551627	de.pforzheimaktuell
81551750	de.pfoten-hafen
81551788	de.pfoten-ratgeber
81552551	de.pfuetzenspringer-hamburg
81552649	de.pfundunddollar
81552651	de.pfungstadt
81553198	de.pg100
81553304	de.pgconf
81553326	de.pgec
81553794	de.pgv-dargel-hildebrandt
81553919	de.pgz-online
81554106	de.ph-f-reemtsma-stiftung
81554827	de.phadler
81555621	de.phantanews
81556844	de.pharma-fakten
81557188	de.pharma-relations
81557885	de.phase-6
81557912	de.phase4
81558018	de.phatchari-massage
81558155	de.phdr-studium
81558672	de.philapress
81558981	de.philineworobiec
81559474	de.philipp-meyn
81559642	de.philipp-warnke
81559828	de.philippgolecki
81560077	de.philippmueller
81560628	de.philo
81560867	de.philosophiedesklimawandels
81561109	de.philtrat-muenchen
81561331	de.phlebo-live
81561458	de.pho-ton
81562233	de.phoenixhof
81562903	de.phorms
81563617	de.photoauge
81563679	de.photobooth-in
81563790	de.photoclub-luenen
81563970	de.photogenika
81564014	de.photografix-magazin
81564323	de.photohp
81565044	de.phototoniart
81565058	de.phototravellers
81565087	de.photovision-dh
81565107	de.photovoltaik-angebotsvergleich
81565348	de.photovoltaikanlagen
81565527	de.phovo
81565663	de.php-recht
81566082	de.phs-muenster
81566580	de.physik-im-advent
81566643	de.physikalische-therapie-colling
81566681	de.physikerinnentagung
81566696	de.physikkommunizieren
81567336	de.physio-brauns
81567530	de.physio-demmers
81567714	de.physio-eppendorf
81567818	de.physio-feldmoching
81567883	de.physio-fit-schmidt
81568808	de.physio-kobale
81568850	de.physio-konzepte-schlafsysteme
81569002	de.physio-leipzig-ostermann
81569544	de.physio-ostner-buresch
81569548	de.physio-othmarschen
81569671	de.physio-plate
81569683	de.physio-plus
81569942	de.physio-richter-hamburg
81570227	de.physio-seebach
81570259	de.physio-setzwein
81570382	de.physio-starkmann
81570476	de.physio-suche
81570852	de.physio-walddoerfer
81570872	de.physio-wanne
81571152	de.physio24
81571171	de.physio40
81572639	de.physiopilates-muenchen
81572995	de.physiopraxis-meyernberg
81573119	de.physiopraxis-unterschleissheim
81573673	de.physioteam-wandsbek
81573953	de.physiotherapie-am-schulbergredder
81574844	de.physiotherapie-ergotherapie-magdeburg
81575035	de.physiotherapie-fuhlsbuettel
81575158	de.physiotherapie-gladiator
81575323	de.physiotherapie-hamburg-dahms
81575572	de.physiotherapie-hofmarksrichter
81575677	de.physiotherapie-im-harkortbogen
81575682	de.physiotherapie-im-neuen-mohnhof
81575727	de.physiotherapie-in-muenchen
81575799	de.physiotherapie-jaehrling-rahlstedt
81575818	de.physiotherapie-jarama
81575879	de.physiotherapie-kaempfe
81576158	de.physiotherapie-kreidefelsen
81576319	de.physiotherapie-leipzig-siebert
81576413	de.physiotherapie-lokstedt-hagenbeck
81576479	de.physiotherapie-maisach
81576524	de.physiotherapie-martinsried
81576858	de.physiotherapie-nymphenburg
81577232	de.physiotherapie-reichmann
81577283	de.physiotherapie-richter-hannover
81577645	de.physiotherapie-schwedt
81577660	de.physiotherapie-seepark
81578080	de.physiotherapie-unna
81579162	de.physiowerk-blankenese
81579525	de.phywe
81579615	de.pi-info
81579651	de.pi-muenchen
81579870	de.pia-net
81579895	de.pia-roeder
81580169	de.piamesserer
81580760	de.pianoo
81581083	de.piawermuth
81581099	de.piazza-amburgo
81581537	de.picco-cl-cc
81581713	de.piccolo-paradiso
81582287	de.pickup-kurier
81582588	de.picotee
81582658	de.pics4peace
81583148	de.picus-communications
81583204	de.pidderlyng
81583836	de.pier-plus
81584071	de.pierdolla
81584072	de.pierdrei-hotel
81584081	de.pieres-pizzeria-kebab
81584320	de.pierwest-groemitz
81584741	de.pietz-poblotzki
81585081	de.piim
81585927	de.pilger-im-norden
81586167	de.pilin
81586451	de.pilot
81586919	de.pilzfotopage
81586932	de.pilzfreundetreff
81587370	de.pimpyourbrain
81587429	de.pin-institut
81587514	de.pinakothek
81587673	de.pindactica
81587714	de.pinea-programm
81588360	de.pink-tattoo
81588759	de.pinkstinks
81588778	de.pinktours
81588880	de.pinneberg
81588898	de.pinneberger-baumschulland
81589651	de.pinwand-online
81589882	de.pionierkameradschaft-holzminden
81590166	de.piper
81590295	de.pipifax-design
81590455	de.piqs
81590550	de.piranhas
81590618	de.piratech
81590702	de.piraten-en
81590781	de.piraten-leipzig
81590809	de.piraten-nds
81590864	de.piraten-schwaben
81590999	de.piratenhase
81591057	de.piratenpartei
81591062	de.piratenpartei-bayern
81591073	de.piratenpartei-bw
81591140	de.piratenpartei-nrw
81591470	de.pirmasens
81591554	de.pirnaaktuell
81591935	de.pissup
81591951	de.piste
81592352	de.pitchpunks
81592704	de.pittroff
81592861	de.pius-info
81593336	de.pixel-muc
81594491	de.pixelsyndikat
81594591	de.pixelwerker
81594651	de.pixevents
81595095	de.piyasa
81595232	de.pizza-backhaus
81595878	de.pizza-lieferservice-coburg
81596958	de.pizzadanoi
81598431	de.pizzasud-immenstaad
81598722	de.pizzeria-adriano-walsdorf
81598730	de.pizzeria-al-mercato
81599027	de.pizzeria-classico-service
81599611	de.pizzeria-luna-blu-heroldsberg
81599634	de.pizzeria-mammamia-bamberg
81599716	de.pizzeria-modautal
81599735	de.pizzeria-my-doner
81600515	de.pizzeriacoburg
81600528	de.pizzeriadaantonio
81601381	de.pj-im-ausland
81601395	de.pj-portal
81601429	de.pjb-trade
81601925	de.pk-freiham
81602125	de.pk-neufreimann
81602578	de.pkasse
81603158	de.pkgodzik
81604807	de.pkv-kosten-vergleich
81605861	de.pkw
81606059	de.pkw-entsorgung-hamburg
81607445	de.pl19
81607507	de.placces
81607635	de.placesofgermany
81607741	de.plaester-brune
81608089	de.plakatstaender-katalog
81608137	de.plakos-akademie
81608212	de.plan
81608235	de.plan-a-media
81608251	de.plan-aktionsgruppen
81608490	de.plan-nord-ost
81608625	de.plan4better
81608994	de.planbude
81609137	de.planecobuilding
81609188	de.planegg
81609457	de.planersocietaet
81610378	de.planet-kirmes
81610568	de.planet-neun
81610913	de.planet-zipp
81610958	de.planet3dnow
81611152	de.planetarium-hamburg
81611653	de.planetentipps
81611994	de.planetjahn
81613248	de.planitfair
81613580	de.plankstadt
81614318	de.planten
81614328	de.plantenunblomen
81614417	de.plantours-kreuzfahrten
81614713	de.planung-neu-denken
81614718	de.planung-raum-design
81614738	de.planung-tu-berlin
81615105	de.planungsgruppe-schweitzer
81615173	de.planungsteam-bauen
81615705	de.plast-chirurgie
81616441	de.platform-muenchen
81616673	de.platinum-relocation-hamburg
81616837	de.platri
81617038	de.plattenfreun
81617180	de.plattentests
81617272	de.plattform-lernende-systeme
81617312	de.plattform65c
81617360	de.plattitue
81617391	de.plattnet
81617517	de.platzb
81617523	de.platzda
81617680	de.platzl
81617682	de.platzl-oktoberfestkapelle
81617727	de.platzschaffer
81618475	de.playfestival
81618507	de.playfit
81619222	de.pldf
81619627	de.pleitegeiger
81620241	de.plietsch-steuerberatung
81620446	de.plissee-insektenschutz-peters
81620656	de.plochingen
81620670	de.plock-vermoegensverwaltungs-gbr
81620842	de.ploetzlichwissen
81621279	de.plpartner
81621419	de.plueckebaumverlag
81621551	de.plugandplay-band
81621889	de.pluriel-club
81622009	de.plus-energie-haus
81622287	de.plusinsight
81622464	de.pluspunkt-apotheke-schwedt
81622652	de.pluto-m
81622657	de.pluto-tierschutz
81624068	de.pmstudios
81624741	de.pnp-media
81625103	de.pocketbrain
81625157	de.pocketnavigation
81625357	de.podcampus
81625366	de.podcast
81625483	de.podcaster
81625886	de.pododesk
81626040	de.podologie-behrens
81626578	de.podologie-mendig
81626883	de.podologie-stizenberg
81627089	de.podologiepraxis-hamburg
81627170	de.podologikum-strobl
81627330	de.podriders
81627513	de.poehlmann-immobilien
81627923	de.poesiebriefkasten
81628147	de.poetry-sights
81628722	de.pohlen-meister
81629045	de.point-of-wellness
81629261	de.pointreef
81629605	de.pokemon-go-forum
81630078	de.poko
81630201	de.poladium
81630418	de.polaris-platform
81630501	de.polarkonzerte
81631220	de.police-report-worldwide
81631431	de.polina-hilsenbeck
81631588	de.politcal
81631592	de.politdir
81631683	de.politik-digital
81631734	de.politik-mv
81631809	de.politikbericht24
81631881	de.politikjournal24
81631889	de.politiklage
81631915	de.politikquelle
81631920	de.politiksicht
81631952	de.politikwerkstatt-hamburg
81631978	de.politische-bildung
81632005	de.politische-laboratorien
81632185	de.polizei-beratung
81632307	de.polizei-nds
81632310	de.polizei-newsletter
81632331	de.polizei-praevention
81632390	de.polizei-versicherungen
81632413	de.polizeiauto
81632415	de.polizeiautos
81632424	de.polizeiberichte-hamburg
81632551	de.polizeimodell
81632614	de.polizeisingles
81632654	de.polizeitest
81633406	de.polonikmonachijski
81633641	de.polsteraktuell
81633767	de.polsterei-jaber
81633826	de.polsterei-neumaier
81633876	de.polsterei-schnell
81634055	de.polsterreinigung-hannover
81634595	de.polygraphicum
81634770	de.polymold
81634883	de.polyplanet
81634935	de.polysafe
81635298	de.pomki
81635450	de.pommerscher-greif
81637478	de.poolwissen
81637822	de.pop-zeitschrift
81638416	de.popfrontal
81638568	de.popkulturjunkie
81638959	de.poppenbuettel-hilft
81638994	de.poppenwind
81639789	de.pornomeister
81640243	de.porschelok
81640485	de.porta-polonica
81640659	de.portal-der-psyche
81640685	de.portal-fischerei
81640704	de.portal-grundbuchamt
81640858	de.portalderwirtschaft
81640959	de.portalsystems
81640972	de.portalxy
81641062	de.portawestfalica-magazin
81641182	de.portfolio-institutionell
81641375	de.porto-info
81641385	de.porto-seite
81641484	de.portoinfo
81641511	de.portoseite
81641696	de.portraitsofmunich
81641759	de.portugal
81641884	de.portuguesesalemanha
81641999	de.porzellan-im-hinterhof
81642277	de.pos-creativemedia
81642916	de.poseidon-hamburg
81643585	de.possibleincaseofinterest
81643700	de.post-darmstadt
81643702	de.post-eberstadt
81643733	de.post-immobilie
81643767	de.post-neukirchen
81643830	de.post-sv
81643927	de.postalo
81644032	de.postbranche
81644035	de.postbridge
81644702	de.postmaster-magazin
81644885	de.postsitter
81644933	de.poststrasse2-4
81645067	de.postwachstum
81645596	de.potpourri-see
81645939	de.potsdamer-phila-buero
81645999	de.potsdamerferienwohnung
81646194	de.pottblog
81646268	de.potterunited
81646680	de.pousset
81647054	de.power-netz
81647224	de.power-to-x
81647962	de.powermedia
81649233	de.ppg-schulen
81649304	de.ppimmo
81649339	de.ppl-hh
81649388	de.ppm-frankfurt
81649411	de.ppm-vertrieb
81649453	de.ppo-kiel
81649472	de.ppp-architekten
81649941	de.pr-agency
81650022	de.pr-blogger
81650047	de.pr-club-hamburg
81650146	de.pr-hospiz
81650177	de.pr-journal
81650248	de.pr-museum
81650316	de.pr-presseverteiler
81650699	de.pracujw
81650803	de.praedo
81650857	de.praegnanz
81651064	de.praeparation
81651414	de.praeventionsguide
81651416	de.praeventionsguidepsyche
81651422	de.praeventionsketten-muenchen
81651440	de.praeventionsnetzwerk-nord
81651479	de.praeventionstag
81651498	de.praeventive-angebote
81651843	de.prahl-barsoe
81651869	de.prainesberger
81651870	de.prainesberger-immobilien
81653088	de.praxis-agrar
81653858	de.praxis-anzenberger
81653872	de.praxis-aprietz
81653966	de.praxis-auf-der-allmend
81653995	de.praxis-aventinstrasse
81654122	de.praxis-banlaki
81654204	de.praxis-baum-schmidsfeld
81654287	de.praxis-behringer
81654410	de.praxis-besenbruch
81654549	de.praxis-biskup-meyer
81654600	de.praxis-blunck
81654861	de.praxis-brinkmann
81654958	de.praxis-buchmayer
81655086	de.praxis-cailloud
81655123	de.praxis-carolinefischer
81655135	de.praxis-cataldi
81655244	de.praxis-clarin
81655246	de.praxis-claritta-martin
81655267	de.praxis-claudiastenger
81655388	de.praxis-daigeler
81655476	de.praxis-delarosee
81655597	de.praxis-dieburg
81656015	de.praxis-dr-frank-schaefer
81656668	de.praxis-dr-skaletz
81657045	de.praxis-drobik
81657171	de.praxis-durstewitz
81657506	de.praxis-erkal
81657591	de.praxis-ewaldsweg
81657603	de.praxis-fabel
81657698	de.praxis-feminatal
81657705	de.praxis-fenzl
81657972	de.praxis-friedrichsburg
81658000	de.praxis-froehlich-mai
81658121	de.praxis-fuer-koerperbewusstsein
81658200	de.praxis-fuer-psychotherapie-und-verhaltenstherapie-in-hamburg
81658571	de.praxis-gill
81658798	de.praxis-grassl
81658977	de.praxis-guedelhoefer
81659003	de.praxis-gundel
81659313	de.praxis-hehl
81659329	de.praxis-heidi-buecherl
81659375	de.praxis-heilpraktikerin-psychotherapie
81659637	de.praxis-hinke
81659715	de.praxis-hoenig
81659741	de.praxis-hofbauer
81660026	de.praxis-im-chalet
81660042	de.praxis-im-holzhaus
81660227	de.praxis-iris-gronau
81660419	de.praxis-jkarrasch
81660825	de.praxis-keller-plinke
81661058	de.praxis-klabunde
81661201	de.praxis-knoedler
81661243	de.praxis-koeller
81661273	de.praxis-koerperkonzept
81661430	de.praxis-kranzbuehler
81661542	de.praxis-kruse-papenburg
81661547	de.praxis-kstern
81661929	de.praxis-leibfahrt
81662282	de.praxis-luebbert
81662786	de.praxis-melzer
81662985	de.praxis-mit-dir
81663405	de.praxis-neuerwall7
81663488	de.praxis-niederreiter
81664139	de.praxis-pikula
81664169	de.praxis-planegg
81664291	de.praxis-prager
81664374	de.praxis-psychosoziale-beratung
81664511	de.praxis-rahlstedt
81664520	de.praxis-ramacher
81664818	de.praxis-rheinlanddamm
81664837	de.praxis-richter-physiotherapie-grafental
81665087	de.praxis-rowehl
81665170	de.praxis-saam
81665535	de.praxis-schleifer
81665863	de.praxis-schwarzwald
81665917	de.praxis-seehofer
81666093	de.praxis-siebinger
81666186	de.praxis-skaide
81666200	de.praxis-slotty
81666239	de.praxis-soller
81666254	de.praxis-sonja
81667020	de.praxis-thomas-decker
81667802	de.praxis-warkentin
81667837	de.praxis-weber-fuerst
81667966	de.praxis-wellingsbuettel
81668356	de.praxis-wuppermann
81668685	de.praxisamberlinerplatz
81669086	de.praxisbuchholz
81669128	de.praxischristen
81669210	de.praxisdm
81669286	de.praxisdrhaug
81669686	de.praxisgadau
81669749	de.praxisgemeinschaft-griegstrasse
81669895	de.praxisglasmeyer
81669940	de.praxisgroth
81669947	de.praxisgruendungen
81670034	de.praxisheidemann
81670259	de.praxisjosenhans
81670384	de.praxisklinik-alteschmiede
81670422	de.praxisklinik-colonnaden
81670627	de.praxiskoerperraum
81670694	de.praxiskuepper
81671193	de.praxisperlentaucher
81671960	de.praxiswest
81672079	de.praxiszentrum-rehabilitation
81673339	de.preiselbauer
81673528	de.preispasst
81673544	de.preisradar24
81673583	de.preiss-kmoch
81673652	de.preissnbeere
81674050	de.prellbock-altona
81674098	de.prem-am-lech
81674194	de.premicura
81674528	de.premium-grinder
81674689	de.premium-reinigung-hamburg
81674814	de.premium-weddings
81674985	de.premiumhamburg
81676878	de.press-cutting
81677070	de.presse-niedersachsen
81677266	de.presseconnect
81677403	de.presselinie
81677404	de.presselinker
81677405	de.presselogik
81677441	de.pressemitteilung-profi
81677478	de.pressenode
81677505	de.presseplus
81677509	de.presseportal
81677510	de.presseportal-de
81677535	de.pressepulse
81677584	de.pressesicht
81677640	de.pressewelle
81677720	de.presslive
81677915	de.prestige-chauffeur
81677988	de.prestigechauffeurs
81678280	de.pretty-you
81678768	de.preussischer-kulturbesitz
81678782	de.preussischportugal
81679183	de.priba
81679557	de.pries-ahnenforschung
81680018	de.prima-lift
81681088	de.primerofood
81681110	de.primeshine-hamburg
81681267	de.primo-ag
81681510	de.primus-ot
81681814	de.principia-magazin
81681951	de.print-fuechse
81682567	de.printmedia-agentur
81682936	de.prinz
81682995	de.prinz-family
81683090	de.prinz-sportlich
81683436	de.prinzessinnenreporter
81683456	de.prinzeugenpark
81683583	de.prinzregent
81683621	de.prinzundkollegen
81684580	de.privatakademie
81684631	de.privatbahn-magazin
81684642	de.privatbau
81684690	de.privatdetektiv
81684691	de.privatdetektiv-berlin
81684692	de.privatdetektiv-borken
81684695	de.privatdetektiv-gladbeck
81684698	de.privatdetektiv-iserlohn
81684702	de.privatdetektiv-recklinghausen
81684705	de.privatdetektiv-wesel
81684899	de.private-kita-magdeburg
81685079	de.private-renten
81685541	de.privathotels-ismaning
81685884	de.privatpraxis-fahrner
81685911	de.privatpraxis-gottfried
81686138	de.privatpraxis-wm
81686156	de.privatpraxisdreher
81686370	de.privatzimmer-direkt24
81686406	de.privatzimmer-muenchen
81686865	de.pro-bahn
81687035	de.pro-client-finanz
81687166	de.pro-diversity
81687296	de.pro-exzellenzia
81687411	de.pro-fuerstenried
81687540	de.pro-hi
81687630	de.pro-inklusion-hamburg
81687895	de.pro-medienmagazin
81687912	de.pro-metropolregion-hh
81688113	de.pro-niendorfer-gehege
81688384	de.pro-personal-trainer
81688405	de.pro-physik
81688809	de.pro-tec-group
81689689	de.proaktiv
81689860	de.proandme
81691538	de.problembegleitung
81691912	de.probono-rechtsberatung
81691959	de.probst-consorten
81692457	de.proclassics
81692708	de.procreditum
81692867	de.prodaro
81692876	de.prodata
81692908	de.prodecteam
81693328	de.productive-biofilms
81693508	de.produktbezogen
81693746	de.produktionsallianz
81694167	de.proeconomy
81694198	de.proeigentum
81694420	de.prof-deublein-akademie
81694660	de.prof-schlegel
81694797	de.profamilia
81694805	de.profamilia-hamburg
81695072	de.professional-system
81696056	de.proficlean-hannover
81696199	de.profihausmeister
81696508	de.profilfoto-ki
81696538	de.profiling-institut
81696694	de.profimaler-hamburg
81696924	de.profis-finden
81696934	de.profis-seminare
81697487	de.profscholz
81697671	de.progeno
81698143	de.progressive-media
81698355	de.prohistory
81698406	de.prohumana
81698989	de.projecter
81699121	de.projectpollination-lib
81699503	de.projekt-elbe
81699606	de.projekt-gesa
81700382	de.projekt29
81700718	de.projektentwicklung-stade
81701476	de.projektwerkstatt
81702921	de.promisglauben
81703063	de.promobil
81703578	de.promptloop
81703810	de.pronomos
81703992	de.proof-management
81704014	de.prooffice-bc
81704025	de.proofly
81704107	de.prop-ev
81704205	de.propassivhaus
81704991	de.proquote-film
81705387	de.prosem-muenchen
81705488	de.prosicherheit
81705512	de.prosigeko
81705655	de.prosound-muc
81706006	de.prostatakrebs-brachytherapie
81706156	de.prostspenden
81706246	de.prot
81706546	de.protect-the-planet
81706701	de.protecus
81707180	de.protocast
81707658	de.proveana
81707942	de.providee
81708178	de.provinzpostille
81708202	de.provirex
81708278	de.provita-activcare
81708282	de.provita-arndt
81708303	de.provita-orthocare
81708366	de.provitec
81709238	de.prseiten
81709468	de.prueflinger-gmbh
81709631	de.prueftreu
81709785	de.pruem-web
81711607	de.psag-hamburg
81712705	de.psd-hannover
81712834	de.psd-nord
81714583	de.psk-hamburg
81714823	de.psmaler
81714832	de.psmcheck
81715192	de.psoriasis-netz
81715395	de.psprivatesecurity
81715602	de.pst-grundbau
81715675	de.psthamburg
81715999	de.psv-muenchen
81716282	de.psw-group
81716478	de.psych-info
81716500	de.psych-praxis-simon-peters
81716576	de.psyche-und-kultur
81716628	de.psychenet
81716898	de.psychic
81717027	de.psycho-logik-gera
81717031	de.psycho-logische-beratung
81717178	de.psychoanalyse-online
81717200	de.psychoanalysebayern
81717365	de.psychokinesiologische-therapie-muenchen
81717440	de.psychologe-schuetz
81717493	de.psychologicum
81717497	de.psychologie
81717627	de.psychologie-muenchen
81717760	de.psychologikum-hamburg
81717959	de.psychologische-beratung-marmstorf
81718079	de.psychologische-praxis-ahrensburg
81718628	de.psychosoziale-zentren-hamburg
81718811	de.psychotherapeutikum-hh
81718830	de.psychotherapeutin-krause
81718981	de.psychotherapie-am-alsterlauf
81719049	de.psychotherapie-angelaschneider
81719080	de.psychotherapie-arnebehr
81719181	de.psychotherapie-batchati
81719717	de.psychotherapie-dobay
81719762	de.psychotherapie-dr-godt
81719982	de.psychotherapie-feller
81720005	de.psychotherapie-finster
81720104	de.psychotherapie-futterer
81720238	de.psychotherapie-greber
81720782	de.psychotherapie-in-wilmersdorf
81720842	de.psychotherapie-jegl
81721068	de.psychotherapie-klosterstern
81721123	de.psychotherapie-koerperorientiert-muenchen
81721124	de.psychotherapie-koesching
81721324	de.psychotherapie-lehel
81721349	de.psychotherapie-lenz-muenchen
81721398	de.psychotherapie-linnow
81721727	de.psychotherapie-muenchen
81721811	de.psychotherapie-neuwald
81721820	de.psychotherapie-niebecker
81721846	de.psychotherapie-nonnenmacher
81722183	de.psychotherapie-prkno
81722263	de.psychotherapie-regenbogen
81722336	de.psychotherapie-riese
81722618	de.psychotherapie-schrader
81723033	de.psychotherapie-toensing
81723111	de.psychotherapie-utesch
81723149	de.psychotherapie-villingen
81723181	de.psychotherapie-vonkrauss
81723319	de.psychotherapie-wiegert
81723448	de.psychotherapie-zeiss
81723615	de.psychotherapiekuschehannover
81723763	de.psychotherapiepraxis-riedel
81723894	de.psychotherapiewellingsbuettel
81724177	de.psypraxmuc
81724675	de.pt-weiterbildung
81724727	de.pta-hamburg
81724784	de.ptaschule
81724975	de.pteichreber
81725257	de.ptj
81725265	de.ptk-bayern
81725622	de.ptts
81725979	de.public-history-muenchen
81725997	de.public-juling
81726121	de.publicartmuenchen
81726175	de.publicholidays
81726252	de.publicplan
81726569	de.puchheim
81727288	de.puffbohne
81727340	de.pufii
81727520	de.puk-bergen
81727639	de.pulchra-ut-luna
81727726	de.pulheimer-branchen
81727844	de.pullach
81727912	de.pullman-hotel-muenchen
81729434	de.punjabi-badshah
81729466	de.punjabirestaurant
81729683	de.punkt-linden
81730113	de.puntoyaparte
81730502	de.puppentheater-dresden
81731405	de.pure3d
81731513	de.pureconsultant
81731564	de.purefengshui
81732456	de.purplepool
81733099	de.pushseo
81733114	de.pushyourego
81733766	de.putzheldenhamburg
81733818	de.putzlowitsch
81734158	de.puzzling
81734272	de.pv-dachdecker
81734393	de.pv-gruenauer
81734414	de.pv-heinrich-stephan
81734537	de.pv-muenchen
81734544	de.pv-navi
81734571	de.pv-pacem
81735292	de.pvplug
81735296	de.pvpowerinsider
81735517	de.pvzm
81735567	de.pw-hamburg
81735617	de.pw-portal
81735702	de.pwc
81735730	de.pwd-neubert
81736283	de.pxmedia
81736355	de.pycon
81736803	de.pyrofighter-feuerwerke
81736805	de.pyroflowers
81736938	de.pyrostern
81736967	de.pyrotechnik-friesland
81737005	de.pyroweb
81737218	de.pz-langenfeld
81737450	de.pzr-oase
81737530	de.pzwo
81737968	de.q10magicpower
81738263	de.qarbeit
81738896	de.qffm
81739699	de.qintus
81739878	de.qlaq
81740033	de.qm-boerchers
81740371	de.qmoments
81740499	de.qng-online
81740750	de.qpartner-online
81742894	de.qsn-einbruchschutz
81742895	de.qsnudersdorf
81743681	de.quadriga-communication
81743920	de.quadworks
81744217	de.qualimove-hamburg
81744301	de.qualitaet-sanierungen
81744478	de.qualitaetszentrum-implantologie
81744624	de.quality-reinigungsservice
81744803	de.quamath
81745119	de.quanter-colberg
81745606	de.quarter-m
81745806	de.quartier-gaensemarkt
81745822	de.quartier-hubs
81745876	de.quartier-rat-pauli
81745933	de.quartier1907
81745998	de.quartiere-immobilien
81746019	de.quartierkonzept
81746422	de.quatra-care
81746423	de.quatra4career
81746723	de.quchu
81746726	de.qucomm-marketing
81747112	de.queer
81747183	de.queer-life-duisburg
81747192	de.queer-muenster
81747204	de.queer-pflege
81747327	de.queere-familien-hamburg
81747351	de.queere-vernetzung
81747446	de.queergedacht
81747509	de.queerliteratur
81747557	de.queerreferat
81747611	de.queeruferlos
81747846	de.quellenhof-moelln
81748111	de.quer-pr
81748344	de.quereinsteigen
81748349	de.quereinsteiger-medizin
81748425	de.querfloeten-unterricht-muenchen
81748528	de.querleben
81748541	de.quermania
81748797	de.questies
81748893	de.quetschnblech
81748933	de.quh-berg
81749162	de.quickborn
81750204	de.quirin-rehm-logistik
81750420	de.quivid
81750460	de.quiz-fabrik
81750565	de.quizscouts
81750697	de.quo-vadis-dresden
81751092	de.qvh
81751574	de.r-ein
81751627	de.r-g-r
81751775	de.r-kerle
81752417	de.r2lab
81752667	de.ra-aj
81752726	de.ra-anjamauderer
81752787	de.ra-balg
81752847	de.ra-becker-hamburg
81752937	de.ra-bieker
81753034	de.ra-bolzau
81753071	de.ra-brandes-hildesheim
81753167	de.ra-busacker
81753272	de.ra-daum-hamburg
81753302	de.ra-denzer
81753402	de.ra-dr-graf
81753451	de.ra-dribusch
81753812	de.ra-gerdes-walter
81753875	de.ra-goldmaier
81754151	de.ra-herrle
81754197	de.ra-hintz
81754238	de.ra-hofmann-frankfurt
81754259	de.ra-holtstraeter
81754271	de.ra-hopf
81754432	de.ra-kachur
81754618	de.ra-klemme
81754742	de.ra-kotz
81754794	de.ra-krull
81754859	de.ra-landsperger
81754878	de.ra-lausmann
81754908	de.ra-lenkeit
81755363	de.ra-nelles
81755481	de.ra-ohler
81755500	de.ra-ortmueller
81756012	de.ra-sawatzki
81756270	de.ra-siebrecht
81756355	de.ra-stadie
81756414	de.ra-steinkuehler
81756453	de.ra-stracke
81756530	de.ra-tanis
81756778	de.ra-vonrhein
81756838	de.ra-warmbold
81756894	de.ra-weitemeyer
81757027	de.ra-wormstall
81757136	de.raa-mv
81757456	de.raawi
81757942	de.rabe-landschaften
81758110	de.rabenclan
81758296	de.raberalf
81758322	de.rabghkeller
81759125	de.racing-students
81759727	de.rad-spannerei
81759925	de.radarforum
81760187	de.raddetal
81760385	de.radelmaedchen
81760556	de.radentscheidmuenchen
81760721	de.radfahren100
81761306	de.radikation
81761448	de.radio-berufskraftfahrer
81762192	de.radio-oberland
81762628	de.radio-trucker-online
81762629	de.radio-tsop
81762758	de.radio-zoom
81762844	de.radio901
81762902	de.radioarabella
81762987	de.radiobochum
81762993	de.radiobonn
81763138	de.radiodresden
81763142	de.radioduisburg
81763173	de.radioenneperuhr
81763174	de.radioerft
81763184	de.radioeuskirchen
81763253	de.radiofuechse
81763287	de.radiogong
81763314	de.radiohamburg
81763447	de.radiokoeln
81763470	de.radiokw
81763491	de.radioleipzig
81763494	de.radioleverkusen
81763674	de.radiologie-elmshorn
81764215	de.radiomk
81764490	de.radiorst
81764519	de.radiosauerland
81764555	de.radiosiegen
81764641	de.radioszene
81764693	de.radiotux
81764719	de.radiovest
81764810	de.radiowuppertal
81764842	de.radis-forschung
81765020	de.radkolumne
81765107	de.radl-welt
81765178	de.radlbazi
81765185	de.radldiscount
81765200	de.radler-keller
81765297	de.radlfreak
81765331	de.radlladl
81765333	de.radlland-bayern
81765353	de.radlogistikatlas
81765575	de.radolfzell-tourismus
81766335	de.radsport-rennrad
81766715	de.radstationen-nord
81766848	de.radtouren-checker
81766866	de.radtouren-oberbayern
81766949	de.radue-immobilien
81767032	de.radurlaub
81767079	de.radverkehrsforum
81767239	de.radweit
81767246	de.radwelt-apolda
81767278	de.radwende-bochum
81768517	de.raete-muenchen
81768906	de.raeumungsteam
81769271	de.rafflenbeul-schaub
81769357	de.raflauaus
81769415	de.rafuhs
81769746	de.ragna-lueders
81769842	de.ragoss-reisen
81769991	de.raheinemann
81770117	de.rahlstedt-ost
81770119	de.rahlstedt-zahnarzt
81770764	de.raiffeisen-campus
81771427	de.raimov
81771522	de.rain-apotheke-esslingen
81771723	de.rainbow-career
81771790	de.rainbow-preschool
81771792	de.rainbow-promotion
81771889	de.rainbowfamilynews
81772851	de.rainer-henze
81773485	de.rainer-preiss
81773539	de.rainer-rilling
81773717	de.rainer-seemann
81773737	de.rainer-simmet
81777152	de.rak-hamburg
81777248	de.rakba
81777300	de.rakete
81777366	de.raketenmann
81777485	de.rakoellner
81777526	de.rakrebs
81778053	de.ralf-kuhn
81778199	de.ralf-roschlau
81778524	de.ralffreitag
81778898	de.ralfs-fotocenter
81778947	de.ralfschmitt
81778987	de.ralfsiehtalles
81779096	de.ralfzosel
81779588	de.ralph-preuss
81780122	de.ramblingrocks
81780609	de.ramona-mertens
81780978	de.ramsaier-bestattungen
81781236	de.rananmausundtablet
81781860	de.range-immobilien
81782174	de.ranking-123
81782334	de.ranksider
81782356	de.rankwatcher
81782608	de.rao-berlin
81782644	de.raoulkoether
81782882	de.raphael-schule-hamburg
81783107	de.rapid
81783584	de.rappelkiste-kiga
81783602	de.rappelkiste-neuwiedenthal
81783963	de.raquel-muenchen
81784404	de.rascheservice
81784457	de.raschlosser
81784466	de.raschnews
81784630	de.rasenkante24
81785118	de.raspe-architekten
81785357	de.rasselbande-horn
81785363	de.rasselbande-kindertagesstaette
81785368	de.rasselbande-muc
81785524	de.rastafarich
81786024	de.ratedo
81786129	de.ratgeber-alltag
81786200	de.ratgeber-finden
81786215	de.ratgeber-garagen
81786237	de.ratgeber-guide-24
81786319	de.ratgeber-mobilfunk
81786476	de.ratgeberbox
81786488	de.ratgebergesund
81786500	de.ratgebermagazine
81786888	de.rathausgalerie-muenchen
81786912	de.rathausnachrichten
81786924	de.rathauspassage-pinneberg
81787052	de.rathgeber-balance
81787260	de.ratingen-lokal
81787267	de.ratingen-nachrichten
81787608	de.ratri-reinigungsservice-germering
81787827	de.ratschlag-bauen
81787836	de.ratschlag-prostitution
81787868	de.ratsgymnasium-row
81787882	de.ratsherrn
81788088	de.ratskellergotha
81788237	de.rattanburg
81788468	de.ratundtat-kulturbuero
81788540	de.ratzeburg-tourismus
81788638	de.ratzingeronline
81789693	de.rauheshaus
81789783	de.raul
81789939	de.raum-energie
81790023	de.raum-fuer-muenchen
81790294	de.raum-und-freude
81790594	de.raumausstatter-drechsler
81791040	de.raumausstattung-frank-koeln
81791044	de.raumausstattung-freiburg
81791313	de.raumausstattung-nnw
81791661	de.raumbildung
81791997	de.raumform33
81792690	de.raumperle
81792783	de.raumrealisierungen
81792843	de.raumseele
81793450	de.raus-aus-der-steinkohle
81793808	de.rausgegangen
81793826	de.raushier-reisemagazin
81793868	de.rausvonzuhaus
81794243	de.ravenol-shop
81794252	de.ravenrocker
81795347	de.razam
81796124	de.rbb-vr
81796126	de.rbb-wp
81796663	de.rbs-hueckeswagen
81796714	de.rbsfirmengruppe
81796933	de.rc-allemannia
81797368	de.rc-modell-skipper
81797439	de.rc-network
81797469	de.rc-onrides
81797518	de.rc-protesia
81798439	de.rcnmagazin
81799064	de.rde-hamburg
81799460	de.rdts
81799891	de.re-talk
81800030	de.reab-bayern
81800497	de.readysteadyfly
81800779	de.real-muenchen
81801246	de.realitaetsbuero
81801620	de.realschule-aschheim
81801680	de.realschule-deisenhofen
81801880	de.realschule-neubiberg
81802451	de.reauktion
81803375	de.rebholz-anliker
81803420	de.rebional
81803441	de.rebitzke
81803486	de.reblauszunft
81803647	de.rebotec
81803963	de.recara
81804153	de.rechenauer-architekten
81804306	de.recherche-dienste
81804408	de.rechner-private-krankenversicherung
81804544	de.rechnungshof
81804645	de.recht-auf-ganztag
81804655	de.recht-auf-studienplatz
81804710	de.recht-energisch
81804718	de.recht-finanzen
81804765	de.recht-hilfreich
81804931	de.recht-schneider
81805131	de.rechtegewalt-hamburg
81805756	de.rechtsanwaelte-shf-balingen
81805771	de.rechtsanwaelte-steuerberater-pforzheim
81805987	de.rechtsanwaeltin-familienrecht-karlsruhe
81806084	de.rechtsanwaeltin-kellner
81806193	de.rechtsanwaeltin-pees
81806277	de.rechtsanwaeltin-schulz-hannover
81806314	de.rechtsanwaeltin-swoboda
81806404	de.rechtsanwalt
81806516	de.rechtsanwalt-assner
81806636	de.rechtsanwalt-biermann
81806913	de.rechtsanwalt-dr-mueller
81806933	de.rechtsanwalt-drogen-verkehrsrecht
81807135	de.rechtsanwalt-fitzer
81807164	de.rechtsanwalt-franziskowski
81807245	de.rechtsanwalt-gessner-berlin
81807250	de.rechtsanwalt-giese
81807382	de.rechtsanwalt-hamburg-strafrecht
81807409	de.rechtsanwalt-haupthoff-herden-arbeitsrecht-hamburg
81807443	de.rechtsanwalt-helga-dubberstein
81807452	de.rechtsanwalt-henning
81807733	de.rechtsanwalt-kati
81807916	de.rechtsanwalt-kumpf
81807919	de.rechtsanwalt-kuntz
81808216	de.rechtsanwalt-mueller
81808362	de.rechtsanwalt-otterndorf
81808411	de.rechtsanwalt-pirkl
81808508	de.rechtsanwalt-rehberg-friedrich
81808540	de.rechtsanwalt-rettig
81808763	de.rechtsanwalt-schuetze-stendal
81808769	de.rechtsanwalt-schulze-berlin
81808795	de.rechtsanwalt-schwirtz
81808821	de.rechtsanwalt-sensmeier
81808826	de.rechtsanwalt-sexualdelikte
81808827	de.rechtsanwalt-sexualstrafrecht
81808860	de.rechtsanwalt-singer
81808976	de.rechtsanwalt-strafrecht-detmold
81809081	de.rechtsanwalt-timmermann
81809174	de.rechtsanwalt-verkehrsrecht-detmold
81809366	de.rechtsanwalt-wucherpfennig
81809524	de.rechtsanwaltkaufmann
81809601	de.rechtsanwalts-kanzlei-wolfratshausen
81809634	de.rechtsanwaltskammer-hamm
81810296	de.rechtslupe
81810556	de.rechtsstandort-hamburg
81810672	de.rechtzweinull
81810945	de.recklinghausenaktuell
81811319	de.record-o-mat
81811719	de.recrutainment
81811982	de.recyclingcoach
81812067	de.recyclist-magazin
81812088	de.red
81812612	de.redaktio
81813322	de.redeke-pumpen
81813329	de.redeker-net
81813552	de.rederei-hamburg
81813701	de.redflag-aml
81813766	de.redgolf
81815527	de.reens-blog
81815552	de.reeperbahn
81815557	de.reeperbahn-hamburg
81816091	de.referendar
81816108	de.referendarrat-sh
81816294	de.refill-deutschland
81816823	de.reflect
81817477	de.reflexionstool-demokratiebildung
81817872	de.refo-wintergarten
81819030	de.refpod
81819172	de.reframes
81819440	de.refu-tips
81819514	de.refugeeswelcomemap
81819533	de.refugio-muenchen
81819565	de.refugium-divine
81819661	de.refv
81819686	de.reg-opf
81820034	de.regele-arkanum
81820388	de.regenbogenalter
81820437	de.regenbogenfamilien-muenchen
81820852	de.regens-wagner
81820901	de.regensburg-digital
81820914	de.regensburg-familienrecht
81820975	de.regensburg-news
81821305	de.regenwasser-haushalt
81821573	de.regierung-mv
81821678	de.regina-berlinghof
81821873	de.regina-schleheck
81822232	de.regine-marxen
81822473	de.regio-jobanzeiger
81822699	de.regiobranding
81822739	de.regioconsult-berlin
81822876	de.regiojobs-bb
81822877	de.regiojobs-be
81822878	de.regiojobs-bw
81822879	de.regiojobs-by
81822882	de.regiojobs-he
81822883	de.regiojobs-hh
81822884	de.regiojobs-mv
81822885	de.regiojobs-ni
81822886	de.regiojobs-nw
81822888	de.regiojobs-sh
81822889	de.regiojobs-sl
81822890	de.regiojobs-sn
81822891	de.regiojobs-st
81822892	de.regiojobs-th
81822909	de.regiokontext
81822991	de.region-80
81823243	de.regional-bei-dir
81823283	de.regional-in
81823314	de.regional-photovoltaik
81823327	de.regional-saisonal
81823332	de.regional-stadt
81823706	de.regionalheute
81823830	de.regionalpark-wedeler-au
81824109	de.regionsfraktion-gruene-hannover
81824195	de.regioradstuttgart
81824346	de.regis
81824372	de.regisonline
81824417	de.registerpilot
81824490	de.regklam
81824496	de.regle-deinen-kram
81824929	de.reha-aktivteam-muenchen
81825234	de.reha-ms
81825265	de.reha-passt
81825296	de.reha-recht
81825314	de.reha-salus
81825395	de.reha-sz
81825397	de.reha-team
81825402	de.reha-team-busch
81825404	de.reha-team-halle
81825408	de.reha-team-leer
81825410	de.reha-team-lueneburg
81825416	de.reha-team-wagener
81825634	de.rehacare
81825661	de.rehadat-adressen
81825674	de.rehadat-hilfsmittel
81825678	de.rehadat-literatur
81825681	de.rehadat-seminaranbieter
81825966	de.rehamigo
81826295	de.rehateamoberland
81826362	de.rehavital
81827191	de.reibu
81827214	de.reich-bauunternehmung
81827379	de.reichardtpartner
81827548	de.reichelt-makler
81827583	de.reichenau-tourismus
81828243	de.reichtummonitor
81828272	de.reichwaldschultz
81828288	de.reichweite-akademie
81828401	de.reiermann
81829472	de.reifen24-chemnitz
81830356	de.reifferscheidt
81830934	de.reikiland
81831230	de.reimanngmbh
81831323	de.reimer-rae
81831396	de.reimertshofer-herne
81831521	de.rein-gold-perle
81831664	de.reinberger
81831813	de.reinecke-dienst
81832394	de.reinfeld-aktiv
81832766	de.reinhardhauff
81832805	de.reinhardpeters
81832811	de.reinhardrotthaus
81833120	de.reinhold-friedrich
81833191	de.reinhold-stahlmetallbau
81833309	de.reinickendorf-nachrichten
81833608	de.reinigungmunchen
81833647	de.reinigungsanbieter
81833900	de.reinigungsservice-fuessen
81833947	de.reinigungsservice-richter
81834246	de.reinmarplatz
81834752	de.reischlhof
81835133	de.reise-preise
81835219	de.reise-stories
81835259	de.reise-typ
81835321	de.reise-zikaden
81835503	de.reiseaufnahmen
81835626	de.reiseberichte-und-meer
81835677	de.reiseblog-bayern
81835715	de.reiseboersen
81835736	de.reisebuch
81835854	de.reisebuero-badcamberg
81836279	de.reisebuero-idstein
81836294	de.reisebuero-in-stein
81837408	de.reisedurchmeinbuntesleben
81837464	de.reisefeder
81837469	de.reisefein
81837673	de.reisehappen
81837886	de.reisekultouren
81837976	de.reiseland-niedersachsen
81838525	de.reisemobilpartner-lippe
81838643	de.reisen-eifel
81838774	de.reisen-macht-reich
81838966	de.reisen-unter-segeln
81839077	de.reisenet
81839158	de.reisenohnelimit
81839204	de.reisenurlaub
81839302	de.reisepodcasts
81839441	de.reiserat
81839542	de.reiseschein
81839546	de.reiseschmaus
81839553	de.reiseschreibe
81839896	de.reisetrifftgenuss
81840001	de.reisewege-ungarn
81840139	de.reisezeit-breuer
81840209	de.reisezieledeutschland
81840234	de.reisezwerge
81840379	de.reisroutes
81840510	de.reissner-lammfelle
81841632	de.reitenundrelaxen
81841748	de.reiter-software
81842032	de.reiterhof-frank
81842058	de.reiterhof-gruendeich
81842069	de.reiterhof-harms
81843508	de.reitschuster
81844536	de.reittherapie-jessica-stanton
81844765	de.reitverein-am-kloevensteen
81845082	de.reitverein-juelich
81845474	de.reitverein-wuermtal
81846182	de.rekord-p2-forum
81846315	de.rel-omnis
81846351	de.relaio
81847118	de.relexa-hotel-hamburg
81847119	de.relexa-hotel-muenchen
81847427	de.relipuls
81847557	de.relocation
81847575	de.relocation-services
81847842	de.remapping-hamburg
81847975	de.remax-living
81848069	de.rembert-rechtsanwaelte
81848649	de.remo-gmbh
81848757	de.remondis-industrie-service
81848999	de.remotely
81849244	de.remscheidlokal
81849269	de.remsecker-waldlauf
81849515	de.rena-immobilien
81849802	de.renate-hudak
81849903	de.renate-rennebach-stiftung
81850254	de.renaturierung-muehlbach
81851008	de.renchtal-apo
81851229	de.renditemitrecht
81851275	de.rendsburg
81851316	de.rendsburgerblog
81851323	de.rendtel
81851916	de.renephoenix
81852098	de.renewa
81852166	de.renewz
81852299	de.renk-magazin
81852355	de.renkimmobilien
81852390	de.renn-netzwerk
81852407	de.rennau-erdbau
81852749	de.rennies-immobilien
81852790	de.rennkuckuck
81852795	de.rennkutter-nobile
81853025	de.rennstadt-cup
81853151	de.rennsteigmarketing
81853159	de.rennsteigpizzeria
81853560	de.renovieren
81853627	de.renovierung-schneider
81853931	de.rent-a-room-munich
81854034	de.rent-my-guitar
81854184	de.rentahand-hnd
81854385	de.rente-rentenberater
81854455	de.rentenantrag-altersrente
81854589	de.rentenberatungamdeich
81854769	de.rentila
81854840	de.rentner-news
81854947	de.rentrisch
81855119	de.renz-steuerberater
81855469	de.repaircafe-groebenzell
81856313	de.report-digital
81856354	de.reportdcat-ap
81856371	de.reporter4you
81856714	de.reproplan-jepp
81856871	de.reptilienauffangstation
81858159	de.rescue-mate
81858826	de.reserwirt
81859196	de.residenz-kompass
81859219	de.residenz-muenchen
81859387	de.residenztheater
81859453	de.resilientcities
81860013	de.resoportal
81860056	de.resorti
81860575	de.ressource-deutschland
81861078	de.restaurant-aperon
81861313	de.restaurant-billstedt
81861394	de.restaurant-brook
81861768	de.restaurant-dorf
81861784	de.restaurant-dressler
81862108	de.restaurant-galleria
81862546	de.restaurant-im-parkhotel
81862907	de.restaurant-lafontana-hameln
81863420	de.restaurant-namaste
81863580	de.restaurant-osolemio
81863709	de.restaurant-phoenix-bremen
81865918	de.restauration-fabian
81866003	de.restauratoren
81866145	de.restaurierung-kunst-art
81866294	de.restauro
81866381	de.restgedanken
81866774	de.resumewritingservice
81866955	de.retamo
81867078	de.rethbergsee
81867103	de.rethink-cities
81867126	de.rethink-muenchen
81867204	de.rethwischdorf
81868650	de.retrocat
81868676	de.retrocut
81869758	de.rettedeinennahverkehr
81869943	de.rettet-den-buergerentscheid
81870033	de.rettet-die-elbe
81870102	de.rettet-hamburgs-gruen
81870179	de.rettetdenvolksentscheid
81870292	de.rettler
81870628	de.rettungsdienst-forschung
81871510	de.rettungsmagazin
81871592	de.rettungsrobotik
81871910	de.return-abrechnung
81874025	de.revolutionbabyrevolution
81874073	de.revolutionstadtverkehr
81874848	de.rewist
81875002	de.rexbegegnen
81875381	de.rezeitkon
81875582	de.rezeptexperte
81875948	de.rfc1437
81876264	de.rfp-steuerberatung
81876375	de.rftv-requisiten
81876455	de.rfv-dorfchemnitz
81876501	de.rfv-gross-zimmern
81876625	de.rfv-ossweil
81876997	de.rg-fos
81877011	de.rg-hamburg
81877344	de.rgausbildung
81877708	de.rge-partner
81877922	de.rghansa
81878420	de.rgre
81878467	de.rgross
81878733	de.rgtgroup
81880620	de.rhebs
81880644	de.rhede-ems
81881249	de.rhein-neckar-skater
81881555	de.rheinanzeiger
81881606	de.rheinbach
81881854	de.rheinda
81882460	de.rheinhausen
81882476	de.rheinherztelbe
81882506	de.rheinhessen-gegen-rechts
81883341	de.rheinmarketing
81883390	de.rheinneckarblog
81883493	de.rheinposten
81883541	de.rheinreport
81883752	de.rheinstetten
81884374	de.rheuma-liga
81884395	de.rheuma-liga-hamburg
81884403	de.rheuma-liga-muenchen
81884427	de.rheuma-online
81884695	de.rheumatologie-wittenberge
81884844	de.rhhb
81885194	de.rhodan59
81885483	de.rhoen-barrierefrei
81885711	de.rhoener-naturgaerten
81885778	de.rhoengym
81885813	de.rhoenkanal
81886253	de.rhs-pinneberg
81886433	de.rhwonline
81886832	de.rialto-lichtspiele
81886982	de.riba-it
81887596	de.richard-dj1pi
81887665	de.richard-keller-kg
81887687	de.richard-linde-weg
81888017	de.richards-fotowelt
81888486	de.richter-garten
81888585	de.richter-malereibetrieb
81888661	de.richter-ralf
81888730	de.richter-strafrecht
81889233	de.richtigteuer
81889321	de.richtungspfeil
81889564	de.rickmer-rickmers
81889925	de.rid-stiftung
81890588	de.rieck-partner
81890761	de.riedel-gruppe
81890894	de.riedelshotel
81891074	de.riedl-aufzuege
81891109	de.riedl-makler
81891334	de.riegel-immobilien
81891833	de.riem
81892094	de.rieplhof-samerberg
81892155	de.riesa
81892413	de.riesenmaschine
81892446	de.riesenradln
81892929	de.rietdorfprill
81893033	de.rietzel-plexi
81893860	de.rikscha-deluxe
81894070	de.rim-marktforschung
81894117	de.rimaldi
81894499	de.rind-schwein
81894600	de.rinderpraxis-unterschweinbach
81894650	de.rindocks
81894792	de.ring-of-fire
81894843	de.ring2
81894871	de.ringbahn
81895314	de.ringhotel-ahrensburg
81896503	de.ris-dienstleister
81896522	de.ris-muenchen
81896541	de.risa-hamburg
81896622	de.rischkau
81896768	de.risetimes
81896781	de.rish
81897174	de.risknet
81897207	de.risling-produktionen
81897256	de.risp-duisburg
81897314	de.rissen
81897324	de.rissenersv
81898146	de.ristorante-pizzeria-da-cono-e-franzy
81899328	de.ritter-harras
81900347	de.riva-filter
81901211	de.rjf-webdesign-studio
81901766	de.rkb-sales-trainings
81901859	de.rkg-freiburg-2000
81901899	de.rkhoed
81902030	de.rkm-journal
81902339	de.rkw-kompetenzzentrum
81902720	de.rlp
81903059	de.rm-jobconsulting
81903067	de.rm-kurier
81903102	de.rm-news
81904504	de.ro80club
81904601	de.road2openness
81905160	de.roba-info
81905467	de.roberge
81905671	de.robert-gerwig-gymnasium
81906919	de.robertvonheeren
81907150	de.robin-schicha
81907583	de.robinwood
81908090	de.roboterzone
81908814	de.rochow-prozessberatung
81909177	de.rock-links
81910723	de.rockmode
81911026	de.rockradio
81912842	de.rodenbach
81913208	de.rodeomuenchen
81913482	de.rodewisch
81913776	de.rodiekvm
81915126	de.roedelheimer
81915635	de.roedig-schop
81915835	de.roehe
81916369	de.roemer-rechtsanwaelte
81916908	de.roentgenkongress
81917210	de.roeser-medienhaus
81917561	de.roesslerpr
81917783	de.roethig-immobilien
81917796	de.roethmoorweg
81917871	de.roettingen
81917922	de.roevenich-immobilien
81918260	de.roger24
81918338	de.rogers-immobilien
81918453	de.roggel-steuerberater
81918470	de.roggenbuck
81918620	de.rogsurvey
81918680	de.rohaartsfotografie
81918763	de.rohde-baunatal
81918852	de.rohdecan
81919309	de.rohprog
81919460	de.rohr-jumbo
81919524	de.rohr-mfr
81920395	de.rohrer-firmengruppe
81920421	de.rohrer-muenchen
81920476	de.rohrexpress
81921071	de.rohrmaxx
81921953	de.rohrreinigung-einert
81922343	de.rohrreinigung-hamburg
81922813	de.rohrreinigung-klaus
81922864	de.rohrreinigung-kraft
81924239	de.rohrreinigung-zerbst
81925855	de.roik-architekt
81927805	de.roland-osten
81929853	de.rolf-dreher
81929886	de.rolf-froehling
81930433	de.rolfkaul
81930788	de.rolladen-atzert-bruns
81931148	de.rollatorfaltbar
81931495	de.rollenzudir
81931588	de.roller-versichern
81931947	de.rollibee
81931949	de.rolliboard
81932206	de.rollisweb
81932337	de.rollladen-meyer-edemissen
81932550	de.rollobau
81932842	de.rollstuhlfahrenfueranfaenger
81932927	de.rollt-magazin
81934359	de.romed-deutschland
81934487	de.romerotage
81935347	de.rondo-frohnau
81938830	de.roomrights
81939567	de.ropf
81939862	de.rosa-photovoltaik
81940036	de.rosakrokodil
81940135	de.rosalux
81940169	de.rosaminze
81940869	de.rosegoldandmarble
81940959	de.rosemarie-benke-bursian
81941145	de.rosen-apotheke-nahe
81941791	de.rosenfrosch
81941836	de.rosengarten-dresden
81941927	de.rosengartenlauf
81941992	de.rosenheim
81942189	de.rosenhof-sh
81942541	de.rosenstein
81942615	de.rosenthal-am-rennsteig
81942772	de.rosepartner
81942775	de.rosepflege
81943025	de.rosienernotizen
81943210	de.rositakuerbis
81943231	de.rosiwal-steck
81943582	de.rossberger-immobilien
81943655	de.rosserer-wirt
81944045	de.rosstal
81944264	de.rostock
81944442	de.rostockaktuell
81944615	de.rostocksailing
81944865	de.rot
81945288	de.rotary-glueckseisuche
81945351	de.rotary-muc
81945696	de.rote-hilfe
81945935	de.rotelistezentrum
81946219	de.roterhahn-feuerwehrhamburg
81946323	de.roterteppichfuerkinder
81947702	de.rotkreuzklinikum-muenchen
81947715	de.rotkreuzschulen
81947947	de.rotorjunkies
81948054	de.rotschies-bau
81948091	de.rotstift
81948509	de.rottmannschule
81948960	de.rotweissmuenchen
81949452	de.rousseau-immobilien
81949608	de.routenplaner
81949624	de.routenplaner24
81950662	de.royal-transfer
81950688	de.royal-yacht-academy
81950820	de.royale-escort
81951993	de.rpi-loccum
81952007	de.rpi-virtuell
81952154	de.rpo-rechtsanwaelte
81952293	de.rptu
81953061	de.rrp
81954095	de.rs-security-chemnitz
81954106	de.rs-sfbau
81954736	de.rsc-harsefeld
81954953	de.rschr
81955186	de.rsfelixwilhelm
81955228	de.rsg-blankenese
81955850	de.rso-m
81956025	de.rsr
81956157	de.rss-verzeichnis
81956512	de.rsv-ev
81956769	de.rsv-volleyball
81956857	de.rsvimmobilien
81956925	de.rsw-ehh
81956931	de.rsw-nord
81957085	de.rt-europaallee
81957346	de.rt220
81957532	de.rtc-muelheim
81957826	de.rtl
81958027	de.rtpartner
81958105	de.rts-relocationservices
81958350	de.ru-neufahrn
81958449	de.rub
81959275	de.rucker-elektro
81959353	de.rucksackgefluester
81959840	de.rudern
81960286	de.rudisch-bau
81960385	de.rudolf-augstein-stiftung
81960818	de.rudolfschaefer
81961039	de.rudow-hamburg
81961159	de.ruebcke-kopp
81961948	de.ruedele-architektur
81962844	de.ruegenurlaub
81962991	de.ruehlemanns-forum
81963166	de.ruempel-engel
81963235	de.ruempelblitz24
81963268	de.ruempelhelden
81963601	de.rueter-fernverkehr
81964056	de.ruf-wce-ace
81964331	de.rufposten
81965000	de.ruhenderverkehr
81965204	de.ruhfus-verlag
81965263	de.ruhla
81965381	de.ruhpolding
81965600	de.ruhr-uni-bochum
81965624	de.ruhr24jobs
81965654	de.ruhrbarone
81965960	de.ruhrkultour
81966018	de.ruhrmentar
81966169	de.ruhrpott-kurier
81966975	de.rum-architekten
81967214	de.rumfordlabor
81968068	de.rund-um-meine-stadt
81968214	de.rundblick-rahlstedt
81968332	de.runder-tisch-moorburg
81968554	de.rundgang-reformschule
81968789	de.rundschau24
81968790	de.rundschauduisburg
81969051	de.rundumdenkonflikt
81969469	de.runfurther
81969490	de.runge-bank
81969744	de.runnersworld
81969907	de.runningphysios
81969922	de.runningsushimuenchen
81970234	de.rupert-scouts
81970489	de.ruppert-hamburg
81970928	de.rusch-stiftung
81971698	de.russischlehrer-hh
81971743	de.russkoepole
81971890	de.rust
81972275	de.rutesheim
81972588	de.ruthfeile
81972753	de.ruthstoltenberg
81972797	de.rutisreisen
81972966	de.ruv
81973012	de.ruvival
81973041	de.ruwe-haustechnik
81973169	de.rv-albersloh
81973909	de.rvbille
81974930	de.rwf-fos
81975040	de.rwi-essen
81975278	de.rws-seminare
81975289	de.rws-verlag
81975325	de.rwstiftung
81975908	de.ryuten
81976018	de.rz-muenchen
81976085	de.rzadow
81976197	de.rzm
81976425	de.s-bahn-4
81976426	de.s-bahn-ausbau
81976435	de.s-bahn-hamburg
81976440	de.s-bahn-muenchen
81976461	de.s-balt
81977018	de.s-i-s
81977115	de.s-k-a-g
81978010	de.s-weinel
81978297	de.s2lab
81978349	de.s3-innova-fenster-verkleiden
81978513	de.s4v3
81979539	de.saab-cars
81979612	de.saad-fm
81979658	de.saake-int
81980444	de.saarbruecken
81980656	de.saarheim
81980737	de.saarland
81980806	de.saarland-nachhaltig
81981248	de.saascom
81981406	de.saatundtat
81981634	de.sabapeduek
81981695	de.sabbalodd
81981870	de.sabienes
81981871	de.sabienes-welt
81982129	de.sabine-dicklberger-massschneiderei-muenchen
81983163	de.sabinedinkel
81983348	de.sabinehirschfeld
81983544	de.sabinemariaschoeneich
81983916	de.sabinesteppat
81984016	de.sabinewenig
81984473	de.sabrinabesic
81984496	de.sabrinaegly
81984878	de.sac7
81985079	de.sachindex
81985111	de.sachkundenachweis-hunde
81985267	de.sachsen
81985277	de.sachsen-anhalt
81985321	de.sachsen-b-ansbach
81985324	de.sachsen-bahn-schweiz
81985800	de.sachsenlift-treppenlift
81985986	de.sachsenwaldhotel
81986037	de.sachspur
81986041	de.sachstruktur
81986374	de.sachverstaendiger-kaufmann
81986380	de.sachverstaendiger-knobloch
81986404	de.sachverstaendiger-maschinen
81986504	de.sachverstaendiger-voss
81986990	de.sadaba
81988037	de.saemann-uebersetzungen
81988161	de.saengerbund-obergrombach
81988438	de.saengerpate
81988634	de.saevert
81988939	de.safe-mind
81989196	de.safelanedeutschland
81989315	de.saferpage
81989427	de.safetravels
81991466	de.sailauf
81991718	de.sailingshirt
81991847	de.sailtrain
81992019	de.saints-and-scholars
81992455	de.sakewitz
81992888	de.salamanderanwalt
81993138	de.salberghaus
81993311	de.salem-dargow
81993355	de.salemkolleg
81993699	de.salesianum
81993708	de.salesjob
81993775	de.salesrakete
81993927	de.saliba
81994121	de.salinenpark
81994310	de.sally-below
81994491	de.salmonidenfreund
81994560	de.salomekammer
81995831	de.salonamgrindel
81995934	de.salondergegenwart
81995936	de.salonderguten
81996918	de.salsaland
81996934	de.salsamas
81996935	de.salsamas-pasing
81997425	de.salue
81997495	de.salus-ambulant
81998596	de.salzinsel-binz
81998680	de.salzlandkreis
81999688	de.samberger24
81999758	de.samby
81999929	de.samenhaus-jehle
81999977	de.samerberg
82000062	de.samhealth
82001237	de.samsbaum
82001299	de.samson-magazin
82001484	de.samtgemeinde-amelinghausen
82001512	de.samtgemeinde-oderwald
82001578	de.samtpfoten-ries
82001824	de.samui-restaurant
82002036	de.san-benno
82002136	de.san-remo
82002240	de.sana-mente
82002490	de.sanaste
82002885	de.sandberg-rhoen
82003071	de.sander-dickkopp
82003205	de.sander-touristik
82003398	de.sandfueralle
82003778	de.sandoichi
82004556	de.sandraczok
82004914	de.sandraromero
82005076	de.sandrasingh
82005140	de.sandraundkai
82005318	de.sandrokappe
82005411	de.sandstein
82005508	de.sandstrahlen-berlin-brandenburg
82006316	de.sani-aktuell
82006351	de.sani-klein
82006375	de.sani-rauchfrei
82006386	de.sani-speer
82006407	de.sani-werner
82006959	de.saniplus-baunatal
82007292	de.sanitaer-heizung-oswald
82007377	de.sanitaer-john
82007670	de.sanitaer-walz
82007862	de.sanitaerwirtschaft
82007975	de.sanitaetshaus-busch
82008023	de.sanitaetshaus-feix
82008054	de.sanitaetshaus-goethe
82008079	de.sanitaetshaus-hellwig
82008112	de.sanitaetshaus-jansen24
82008133	de.sanitaetshaus-kersting
82008151	de.sanitaetshaus-kocher
82008156	de.sanitaetshaus-koeppchen
82008194	de.sanitaetshaus-liebe
82008205	de.sanitaetshaus-lorch
82008217	de.sanitaetshaus-maisch
82008280	de.sanitaetshaus-pauli
82008289	de.sanitaetshaus-pohlig
82008409	de.sanitaetshaus-traub
82008474	de.sanitaetshausbauer
82008530	de.sanitar-rohrreinigung
82008634	de.sanive
82008769	de.sankt-afra-meissen
82008823	de.sankt-augustin
82008901	de.sankt-emmeram
82008962	de.sankt-hedwig
82009332	de.sanktaugustin-journal
82009513	de.sanktpaulioffice
82009541	de.sanktsophien
82009714	de.sanne-kurz
82009741	de.sannes-block
82009992	de.sanquell
82010397	de.santapolis
82010845	de.sanushabitare
82011173	de.saphenion
82011394	de.sapos
82011804	de.sara-thaimassage
82011847	de.saraci-design
82012653	de.sarahmaier
82012889	de.sarahsembritzki
82012907	de.sarahsofia
82013249	de.sarawolff
82013276	de.saraydorf
82013290	de.saraykebap-arnstadt
82013459	de.sarefi
82013780	de.sarkome
82013885	de.saroshi
82013933	de.sarre-musikprojekte
82014013	de.sartori-immobilien
82014056	de.sartreonline
82014275	de.sasaundderbootsmann
82014280	de.sasbach
82014695	de.saschabiedenstein-heidemann
82014799	de.saschaheidemann
82015131	de.sasel-haus
82015135	de.saseler-heimatfest
82016277	de.satiresenf
82016384	de.sato-alsterdorf
82016522	de.satsang-uwe
82017691	de.sauber-man
82017747	de.saubere-fenster
82018348	de.sauerlach
82019204	de.sauna-bund
82019409	de.sauna-wellness-update
82019462	de.saunabau
82019629	de.saunamagie
82020756	de.savethedate-escort
82020925	de.savjetnik
82021187	de.sawalha
82021423	de.sax1
82021889	de.saxophonunterricht-muenster
82021898	de.saxoprint
82021948	de.saxsolar
82022092	de.sayedi-autohandel
82022564	de.sb-objektreinigung
82022656	de.sb-susanne-beckmann
82022965	de.sbb-steuerberater
82023115	de.sbc-lohr
82023196	de.sbe-bioenergie
82023198	de.sbe-elektroservice
82023437	de.sbi
82023634	de.sbl-fraktion
82023645	de.sbl-mv
82023783	de.sbn-elbinseln
82023978	de.sbr-rhein-ahr
82023990	de.sbr-telekom-siegen
82023994	de.sbr-wiesbaden
82024006	de.sbraun-speck
82024144	de.sbs-legal
82024247	de.sbsfahrdienst
82024497	de.sbw-flexible-hilfen
82024568	de.sbz-am-hart
82024589	de.sbz-monteur
82024590	de.sbz-ndh
82025083	de.sc-haagen
82025104	de.sc-hamm-02
82025174	de.sc-hochvogel
82025342	de.sc-lerchenauer-see
82025598	de.sc-rhe
82025837	de.sc-vermoegensmanagement
82025838	de.sc-victoria
82025888	de.sc-weisse-dame
82026008	de.sc1906muenchen
82026053	de.sc4
82026163	de.scafom-rux
82026248	de.scala-sportclub
82027370	de.scavengerhunt
82027562	de.scc-industriemontagen
82027650	de.sccondor
82027735	de.scdiogenes
82027764	de.sce
82027940	de.scenic-circus
82028321	de.schaager-karnevalsgesellschaft
82028345	de.schaal-eum
82028379	de.schaalsee
82028543	de.schabernack-musik
82028623	de.schach-aschaffenburg
82028848	de.schach-segeberg
82029003	de.schachbund
82029383	de.schachfreunde-sasel
82029484	de.schachkicker
82029728	de.schachsophie
82029735	de.schachstiftung-muenchen
82029762	de.schacht-immobilien
82030367	de.schadenpartner24
82030874	de.schaedlingsbekaempfung-ulmer
82030900	de.schaedlingshero
82030903	de.schaedlingshilfe-hamburg
82031352	de.schaefer-seo
82031815	de.schaefers-apotheke
82032558	de.schaffer-gutachter
82032565	de.schaffer-partner
82032648	de.schaffranka
82032993	de.schaible-gmbh
82033292	de.schalkermarkt
82033300	de.schalketotal
82033651	de.schallplattenankauf-berliner-rille
82034402	de.schamong-hof
82034763	de.schanzenturm
82034951	de.schapperer-optik
82036002	de.scharlatan
82036014	de.scharlau
82036491	de.schatten-spenden-muenchen
82038158	de.schatzlgasse36
82038286	de.schatzsuche-kita
82038576	de.schau-mal-frau
82038867	de.schauber-gmbh
82041182	de.schauspielschule-buehnenstudio
82041219	de.schauspielschule-zerboni
82041221	de.schauspielschule-zerboni-hamburg
82041701	de.schaustellerverband-schleswig-holstein
82042251	de.scheckhotel
82042866	de.scheer-heizsysteme
82043127	de.scheessel
82043804	de.scheib-hochzeitsfotografie-hamburg
82044323	de.scheider
82044587	de.scheidungskanzlei-online
82045867	de.schela-schule
82046079	de.schellenberger-hof
82046249	de.schellkopf
82046278	de.schellwald-hannover
82046511	de.schemmannludewig
82048189	de.schennjesse
82048506	de.scherben-der-ns-zeit
82048578	de.schereleimpapier
82048727	de.scherer-portal
82048905	de.scherfose
82048954	de.scheriau
82049309	de.schernthaner
82050273	de.scheunencafe
82050314	de.scheunenparty-eisborn
82050503	de.scheytt-muenchen
82051054	de.schieb
82051633	de.schieferco
82052110	de.schiel-bestattungen
82052819	de.schierhorn-nordheide
82053570	de.schiffbau-hamburg
82053739	de.schiffe-und-kreuzfahrten
82054279	de.schifffahrtsmuseum-rostock
82054304	de.schifffahrtundtechnik
82054952	de.schiffsingenieure-hamburg
82055498	de.schiffsverfolgung
82055571	de.schiffszimmerer
82055658	de.schifterhof
82056209	de.schilder-schreiber
82056300	de.schilderkroeten
82056507	de.schildstattschwert
82056516	de.schildverlag
82056659	de.schiller-apotheke-hamburg-app
82056689	de.schiller-buch
82056742	de.schiller-hilfswerk
82056824	de.schiller-wimmer
82057577	de.schimmelbeseitigungmuenchen
82057583	de.schimmelbutze
82057601	de.schimmelexpertehamburg
82057650	de.schimmelpeter
82057776	de.schimmer-partner
82057957	de.schindler
82058073	de.schindler-umzuege
82058081	de.schindler-weilheim
82059169	de.schladen-werla
82059476	de.schlafen-in-hannover
82059507	de.schlafenimhafen
82059801	de.schlafraeume
82059977	de.schlafzimmer
82060007	de.schlafzone-eu
82060065	de.schlaganfall-hilfe-dortmund
82060250	de.schlager-radio-sender
82060760	de.schlaitdorf
82061133	de.schlaraffenwelt
82061265	de.schlather
82061566	de.schlaue-stimmen
82061686	de.schlaumik
82062671	de.schleipfnerhof-chiemsee
82063150	de.schlepper-freunde-anspach
82063217	de.schlepperfreunde-ries
82063451	de.schleswig
82063460	de.schleswig-flensburg
82063464	de.schleswig-holstein
82064067	de.schliengen
82064438	de.schlittermann
82064445	de.schlittschuh-service
82064633	de.schloesser-burgen-ruinen
82064650	de.schloesser-guide
82064673	de.schloesser-schleissheim
82064999	de.schloss-arnsberg
82065130	de.schloss-burg-verkauf
82065187	de.schloss-dienst
82065449	de.schloss-hilbringen
82065545	de.schloss-kapfenburg
82065782	de.schloss-nymphenburg
82065876	de.schloss-reinbek
82065940	de.schloss-schedling
82066741	de.schlossdienst-sachsen
82066825	de.schlosser-verlagshaus
82067249	de.schlosserei-ph
82068449	de.schlosspretzfeld
82068522	de.schlossrudolfshausen
82069325	de.schluesselad
82069658	de.schluesseldienst-bad-duerrenberg
82069731	de.schluesseldienst-bauer
82069883	de.schluesseldienst-borna
82070125	de.schluesseldienst-eilenburg
82070242	de.schluesseldienst-festpreise
82070424	de.schluesseldienst-grimma
82070441	de.schluesseldienst-guckes
82071058	de.schluesseldienst-langella
82071089	de.schluesseldienst-leipzig
82071171	de.schluesseldienst-luebeck-umgebung
82071215	de.schluesseldienst-markkleeberg
82071216	de.schluesseldienst-markranstaedt
82071250	de.schluesseldienst-merseburg
82071320	de.schluesseldienst-muenchen-24std
82071780	de.schluesseldienst-schaffrath
82071800	de.schluesseldienst-schkeuditz
82072182	de.schluesseldienst-taucha
82072388	de.schluesseldienst-weissenfels
82072951	de.schluesselexperten-hamburg
82073334	de.schlueter-weiss
82073370	de.schluetersche
82073587	de.schluss-mit-austeritaet
82073691	de.schlutup-online
82074145	de.schmank
82074350	de.schmeckthier
82074539	de.schmelter-company
82074851	de.schmerzensgeldtabelle24
82075424	de.schmerztherapiemueller
82075459	de.schmerzzentrum-frankfurt
82076110	de.schmid-urlaub
82076139	de.schmid10
82076830	de.schmidt-hausverwaltung-muenchen
82077250	de.schmidt-roemhild
82077493	de.schmidt-vogt
82077811	de.schmidtlers-nest
82077832	de.schmidtmedia
82077840	de.schmidtmitdete
82079337	de.schmittroth
82079769	de.schmitzartiges
82080378	de.schmuck-show
82081358	de.schmusebacke
82082488	de.schnee-gronauer
82082665	de.schneehoehen
82082779	de.schneeren
82082884	de.schneespur
82083152	de.schneider-bedachungen
82083199	de.schneider-chauffeur
82083253	de.schneider-direktmarketing
82083849	de.schneider-steuern
82083944	de.schneider-weisse
82084003	de.schneideranwaelte
82084832	de.schnell-dienstleistungen-stuttgart
82084933	de.schnell-schluesseldienst-stuttgart
82085059	de.schnelldorf
82085205	de.schneller-durch-hamburg
82085237	de.schneller-radweg-muenchen-ebersberg
82085475	de.schnellnhof
82085597	de.schnelltest-heimtest
82085817	de.schnelsen-sued
82085819	de.schnelsenarchiv
82085820	de.schnelsener-moorlauf
82085914	de.schneverdingen
82086325	de.schnittger-architekten
82086361	de.schnittke-akademie
82086733	de.schnitzelevents
82087029	de.schnizz
82087210	de.schnubbeldup
82087609	de.schnurpsel
82087677	de.schnurstein
82088125	de.schoeffen-nord
82088193	de.schoeler-recht
82088214	de.schoell-consultingpartner
82088400	de.schoen-finanzen
82088438	de.schoen-klinik
82088492	de.schoen-solar
82088572	de.schoenau-im-schwarzwald
82088662	de.schoenberg-immobilien
82089153	de.schoene-stadtfuehrung-muenchen
82089349	de.schoenecke
82089495	de.schoenen-dunk
82089716	de.schoenerblog
82089757	de.schoenerie
82089792	de.schoenerschulen
82090211	de.schoenhalde-tierbestattung
82090362	de.schoenheitschirurgiedortmund
82090522	de.schoenheitsweg
82090583	de.schoenherr-reisen
82090604	de.schoenhoeft-gmbh
82090744	de.schoenle-versicherungsmakler
82090761	de.schoenleiter
82090808	de.schoenningstedt
82090987	de.schoensten-orte
82090998	de.schoenstezeit
82091386	de.schoettl-haustechnik
82091946	de.schola-cantorosa
82092133	de.scholldigital
82092725	de.schonach
82093028	de.schoolbikers
82093508	de.schorleblog
82093703	de.schornsteinbau-karlsruhe
82093978	de.schornsteinfeger-gas
82094344	de.schornsteinfeger-moldenhauer
82094421	de.schornsteinfeger-peters
82094881	de.schornsteinfegermeister-schroeder
82094974	de.schornsteintechnik-eder-mannheim
82095041	de.schorsch-hh
82095179	de.schotenroehr-strahlregler
82095354	de.schottenunterwegs
82095447	de.schottie
82095609	de.schrade-praxisberatung
82095728	de.schraeder-fensterbau
82095893	de.schramm
82095898	de.schramm-assekuranz
82095918	de.schramm-einbeck
82096076	de.schrank-frankfurt-wiesbaden-darmstadt
82096170	de.schranners-hotel
82096593	de.schreberrebellen
82096598	de.schrebitz
82097014	de.schreibenmitlimo
82097754	de.schreibwaren-lindner-muenchen
82097896	de.schreibzeug-podcast
82098223	de.schreiner-lederer
82098603	de.schreinerei-babinger
82099148	de.schreinerei-federer-freiburg
82099303	de.schreinerei-geiger-oestringen
82099397	de.schreinerei-gratzer
82100382	de.schreinerei-merkl
82100570	de.schreinerei-nuss
82102825	de.schriftsteller-bayern
82102861	de.schriftunterbild
82104291	de.schrottankauf-gegen-bares
82104894	de.schubert-heuk
82105655	de.schuelerbanking-hh
82105734	de.schuelerforschungszentren
82105866	de.schuelerpaten-hamburg
82105874	de.schuelerpilot
82105969	de.schuelerzeitung
82107090	de.schuetzen-festzelt
82107375	de.schuetzen-online
82107615	de.schuetzenapotheke-muenchen
82108677	de.schuetzenlisl2
82110263	de.schuetzenverein-wusterhausen
82110545	de.schugar
82111064	de.schuhbauer-containerdienst
82111936	de.schuhmacherei-fuchs
82112660	de.schul-astronomie
82112706	de.schul-it-navigator
82112905	de.schulamt-muenchen
82112980	de.schulaufsicht
82113027	de.schulbauopensource
82113055	de.schulbegleitung-helfende-haende
82113066	de.schulbenachrichtigung
82113110	de.schulbibo
82113182	de.schulbyod
82113379	de.schuldenuhr-muenchen
82113409	de.schuldlos
82113507	de.schuldnerberatung-hilfswerk
82113538	de.schuldnerberatung-nachrichten
82113569	de.schuldnerberatung-sh
82113627	de.schuldnerhilfe-hamburg
82113630	de.schuldnerhilfe-neuesleben
82113655	de.schuldock
82113826	de.schule-am-neuen-teich-luebz
82113950	de.schule-arnkielstrasse
82113955	de.schule-asbach
82113994	de.schule-beim-pachthof
82113995	de.schule-bekkamp
82114083	de.schule-bw
82114192	de.schule-elfenwiese
82114208	de.schule-ernst-henning-strasse
82114241	de.schule-formular
82114242	de.schule-forsmannstrasse
82114257	de.schule-fuenfhausen-warwisch
82114313	de.schule-furtweg
82114324	de.schule-gegen-sexuelle-gewalt
82114341	de.schule-global
82114373	de.schule-grumbrechtstrasse
82114425	de.schule-hirtenweg
82114438	de.schule-hohe-landwehr
82114464	de.schule-im-aufbruch
82114513	de.schule-in-bayern
82114517	de.schule-in-der-digitalen-welt
82114521	de.schule-in-deutschland
82114571	de.schule-kapellenweg
82114654	de.schule-leuschnerstrasse
82114692	de.schule-marckmannstrasse
82114708	de.schule-mendelstrasse
82114709	de.schule-mer
82114730	de.schule-mit-wissenschaft
82114769	de.schule-nettelnburg
82114776	de.schule-neubergerweg
82114840	de.schule-ohne-rassismus-in-mv
82114854	de.schule-osterbrook
82114895	de.schule-rahlstedter-hoehe
82114924	de.schule-roenneburg
82114936	de.schule-rothestrasse
82114941	de.schule-rungwisch
82114951	de.schule-sander-strasse
82114977	de.schule-schnuckendrift
82114995	de.schule-sethweg
82115042	de.schule-studium
82115069	de.schule-traberweg
82115080	de.schule-turmweg
82115092	de.schule-und-gentechnik
82115128	de.schule-verstehen
82115193	de.schule-wirtschaft-hamburg
82115247	de.schule50
82115277	de.schuleamgutspark
82115304	de.schuleamschlosspark
82115359	de.schuleberuf
82115402	de.schulefaehrstrasse
82115488	de.schulemarmstorf
82115499	de.schulen
82115555	de.schulen-gestalten-zukunft
82115636	de.schulen-planen-und-bauen
82115692	de.schulenfoerdern
82115896	de.schulescheesselerkehre
82115924	de.schuletrenknerweg
82115947	de.schulewirtschaft
82116018	de.schulferien-hamburg
82116095	de.schulforum-berlin
82116107	de.schulfotografenwerft
82116309	de.schulinno
82116330	de.schulische-teilhabe
82116397	de.schulkinowoche-hamburg
82116490	de.schullandheim-erlenried
82116606	de.schulleitungsverbaende
82116646	de.schullogin
82116683	de.schulmediothek
82116728	de.schulmun
82116930	de.schulradrouten
82117066	de.schulruderverband
82117120	de.schulschwestern
82117206	de.schulsport-hamburg
82117253	de.schulsprecher-podcast
82117437	de.schulte-frohlinde
82117543	de.schulte-otto
82117631	de.schultech
82117993	de.schultz-gruppe
82118153	de.schulungen-bremen
82118157	de.schulungen-dortmund
82118159	de.schulungen-duesseldorf
82118167	de.schulungen-nuernberg
82118168	de.schulungen-sachsen
82118205	de.schulungskauf
82118473	de.schulwegplaene
82118928	de.schulzbauprojekte
82120090	de.schuntersiedlung-online
82120228	de.schurahamburg
82120459	de.schuster-claus
82120564	de.schuster-pollithy
82120596	de.schuster-ulm
82121047	de.schutzgemeinschaft-italien
82121139	de.schutzkonzepte-hamburg
82121722	de.schwaben-sonne
82121940	de.schwabenpark
82122087	de.schwabinger-gisela
82122090	de.schwabinger-hausarztpraxis
82122105	de.schwabinger-stifte
82122124	de.schwabingerweihnachtsmarkt
82122180	de.schwabsoien
82122270	de.schwaebisch-hall
82122288	de.schwaebische
82122404	de.schwaebischhall
82122678	de.schwalbe-umzuege
82122731	de.schwalbennest
82122970	de.schwammerlscholz
82123091	de.schwand-parkstein
82123342	de.schwanenwik
82123428	de.schwanger-in-landshut
82123459	de.schwanger-null-promille
82123506	de.schwangerinmeinerstadt
82123507	de.schwangerinmuenchen
82123616	de.schwangerschaftszeit
82123704	de.schwannverlag
82124570	de.schwarzarius
82127002	de.schwarzweissmuenchen
82127099	de.schwbv
82127462	de.schwedenstube
82127536	de.schwedischer-chor
82127826	de.schweigers-landgasthof
82127929	de.schweinchenbau
82128071	de.schweinerei-hannover
82128247	de.schweisfurth-stiftung
82128262	de.schweiss-shop
82128585	de.schweitzer-messtechnik
82128960	de.schwelm
82129319	de.schwerbehindertenantrag
82129321	de.schwerbehindertenausweis
82129437	de.schwerereitermusik
82129482	de.schwerhoerigenforum
82129498	de.schwerin
82129537	de.schwerin-lokal
82129900	de.schwerte-lokal
82129998	de.schwertkampf-ochs
82130040	de.schwertransport
82130262	de.schwesternschaft-muenchen
82130276	de.schwesternzeit
82130302	de.schwetzingen
82130377	de.schwichtenberg-gmbh
82130398	de.schwieberdingen
82130588	de.schwimmbad
82130656	de.schwimmbad-in-der-naehe
82131774	de.schwind-immobilien
82132256	de.schwul-depressiv-hamburg
82132365	de.schwulissimo
82132550	de.scib-team
82132617	de.science-cafe-muenchen
82133728	de.scoaladeromana
82134038	de.scooterhelden
82134599	de.scout-magazin
82134601	de.scout-o-wiki
82134802	de.scpoppenbuettel
82135930	de.screenwriterslounge
82136267	de.scriessersee
82136861	de.scrollheim
82137039	de.scs-holzshop
82137168	de.scsperber
82137266	de.sctoe
82137799	de.scvm-volleyball
82140186	de.sdginteractive
82140249	de.sdi-muenchen
82140403	de.sdl2025
82140618	de.sds-apo68hh
82140690	de.sds-steuerberater
82140790	de.sdu-architekten
82140808	de.sdui
82140875	de.sdw-hamburg
82140944	de.sdworx
82141264	de.se-steuerberatung
82141291	de.se-unit
82141597	de.seagent
82141744	de.sealtek
82141745	de.sealtek-deutschland
82141886	de.seaports
82142081	de.searchteq
82142919	de.seb-sandgrube
82144496	de.sebastian-hofer
82146303	de.sebastian-weisenburger
82147332	de.sebastianklawiter
82147383	de.sebastiankurtenbach
82148559	de.sebnitz-aktuell
82148737	de.sebsn
82148788	de.sec-coaching
82149759	de.sechzger
82150248	de.secondella
82151017	de.secuconcept
82151235	de.secure-travel
82151710	de.securitytreff
82152248	de.see-it-service
82152809	de.seebruecke-muenchen
82153217	de.seeforfree
82153349	de.seeger-gesundheit
82153578	de.seehaus-ev
82153917	de.seejazz
82154050	de.seel-elektrotechnik
82154178	de.seele-in-heilung
82154330	de.seelen-pflege
82154424	de.seelenbalancieren
82154536	de.seelenfarben
82155056	de.seelenschmeichelei
82155781	de.seemannschor-hannover
82155912	de.seen
82156134	de.seepark-klinik
82156180	de.seeperle-pfeiffer
82156201	de.seepferdchen-kita
82156275	de.seerechtsstiftung
82156366	de.seerose-schwindebeck
82156391	de.seerosenkreis-bk
82156851	de.seevetal-decatur
82157006	de.seeyou-hamburg
82157126	de.sefket-autopflege-stadthagen
82157255	de.seg-tour
82157344	de.segeberg
82157658	de.segelfliegertag-2025
82157931	de.segeln-mosel
82158032	de.segelprojektev
82158296	de.segelverband-hh
82158450	de.seger-metallbeschichtung
82159088	de.sehenswerter-bayerischer-wald
82159089	de.sehenswertes-bayern
82159176	de.sehfahrten
82161953	de.seinszeiten
82162650	de.seitnerhof
82162666	de.seitup
82163129	de.seko-bayern
82163270	de.sekten-sachsen
82163282	de.sektenwatch
82163638	de.selacor
82164028	de.selbstaendigen-rechner
82164218	de.selbstbewusst-und-gluecklich
82164362	de.selbstevaluation
82164427	de.selbstgesteuertes-lernen
82164583	de.selbsthilfe-haeusliche-gewalt-muenchen
82164626	de.selbsthilfe-kompass
82164796	de.selbsthilfebeirat-muenchen
82165183	de.selbststaendig
82165209	de.selbststaendigkeit
82165277	de.selbstversorgt
82165464	de.selbstwege
82165551	de.selde-bloemche
82165638	de.select-property
82165775	de.selection-magazin
82167137	de.selle-online
82167166	de.seller-szene
82167177	de.sellerconnect
82167391	de.sellpage
82167410	de.sellstedt
82167428	de.sellwerk
82167437	de.sellwerk-sachsen
82167499	de.selma-ulgur
82167514	de.selmalagerloefschule
82168019	de.semantic-network
82168215	de.semesterticket-muenchen
82168280	de.semifobi
82168334	de.seminar-baden-wuerttemberg
82168370	de.seminar-frankfurt
82168397	de.seminar-koeln
82168424	de.seminar-nuernberg
82168510	de.seminararkaden
82168630	de.seminare-niedersachsen
82168647	de.seminare-schleswig-holstein
82168979	de.seminarraeume-holzhafen-hamburg
82169242	de.semmelbahn
82169722	de.senac
82169769	de.senat-deutschland
82169836	de.senatspreis
82169927	de.send-ev
82170072	de.senderliste
82170151	de.sendlinger-apotheke
82170154	de.sendlinger-bergweihnacht
82170162	de.sendlinger-minis
82170995	de.senioren-dbbhamburg
82171008	de.senioren-emsdetten
82171138	de.senioren-lurup
82171210	de.senioren-ratgeber24
82171321	de.senioren-und-gebaeudeservice
82171361	de.senioren-union-muenchen-kv
82171369	de.senioren-union-quickborn
82171387	de.senioren-vreden
82171506	de.seniorenag-waldkirchen
82171508	de.seniorenagentur-frankfurt
82171596	de.seniorenassistenz-madler
82171728	de.seniorenbeirat-lh
82171738	de.seniorenbeirat-muenchen
82171742	de.seniorenbeirat-neustadt-holstein
82171775	de.seniorenbeirat-stralsund
82171807	de.seniorenberatung-online
82171882	de.seniorenbetreuung-nrw
82171952	de.seniorenbuero
82171959	de.seniorenbuero-hamburg
82172313	de.seniorenheim-hege
82172477	de.seniorenheimoppen
82172623	de.seniorenkompass-bad-vilbel
82172692	de.seniorennet-hamburg
82172775	de.seniorenpension-moeller
82172845	de.seniorenpolitik-aktuell
82173169	de.seniorenservice-muenchen
82173330	de.seniorentreff
82174070	de.seniorpartnerinschool
82174679	de.sensebox
82175716	de.seo-agentur-hamm
82175928	de.seo-freelancer-agent
82176005	de.seo-inform
82176047	de.seo-kueche
82176180	de.seo-portal
82176321	de.seo-suchhund
82176369	de.seo-trainee
82176493	de.seoagents
82176506	de.seoagentur-webdesign-bonn
82176785	de.seokratie
82176948	de.seopen
82177130	de.seotrust
82177176	de.seowall
82177198	de.seowerk
82177229	de.sep-hamburg
82177604	de.sepserv
82177805	de.sequoia-schule
82178157	de.serena-rust
82178166	de.serenade-im-park
82178703	de.seriodigitalino
82179091	de.sersheim
82179156	de.serumdepot
82179188	de.servaholics
82179689	de.serverproject
82179759	de.servervoice
82180110	de.service-gruppe-werner
82180401	de.service-people
82180443	de.service-rds
82180446	de.service-rechtsschutz
82180688	de.service-wp
82181047	de.servicelearning
82181074	de.servicemarkenschutz
82181215	de.serviceportal-zuhause-im-alter
82181342	de.servicestelle-gegen-zwangsarbeit
82181346	de.servicestelle-jba
82181760	de.servtec
82181828	de.servuskids
82182228	de.sessner-werbetechnik
82183591	de.severin-groebner
82183667	de.severinsviertelerhalten
82183785	de.sevobau
82184223	de.sexalog
82185539	de.seydelmann-gmbh
82185747	de.sezession
82185816	de.sf-bichl
82185978	de.sf-hueingsen
82186011	de.sf-laubendorf
82186358	de.sfb-muenchen
82186412	de.sfb1328
82186446	de.sfb24
82186899	de.sfg-parchim
82187266	de.sfn24
82187474	de.sfs-safety
82187516	de.sfsh
82187620	de.sfv
82187976	de.sfz-hamburg
82188237	de.sg-aulendorf-fussball
82188303	de.sg-benefeld-cordingen
82188715	de.sg-flensburg-handewitt
82188906	de.sg-hamburg-nord
82189435	de.sg-moeschlitz
82189482	de.sg-neu-trudering
82189568	de.sg-oberhoechstadt
82189762	de.sg-reussen
82189820	de.sg-roth-simmersbach
82189847	de.sg-salzboede-lahn
82190436	de.sg1871loeberitz
82190772	de.sgbo
82190797	de.sgbsb
82191131	de.sgg-hamburg
82191134	de.sgg-qp
82191177	de.sggutachten
82192138	de.sgrim
82192393	de.sgsorgau
82192837	de.sgwattenscheid09
82192966	de.sh-annamaier
82193022	de.sh-business
82193050	de.sh-dessous
82193258	de.sh-kunst
82193327	de.sh-mueller
82193586	de.sha-elbinseln
82194068	de.shagahoi
82194937	de.shanghai24
82195092	de.shanti-dog
82195384	de.shaolin-muenchen
82195474	de.shape-shift
82196092	de.sharkbite-podcast
82196734	de.she-said
82196749	de.she-works
82197704	de.sherpafonds
82197844	de.shevents
82198035	de.shg-gartenbau
82198362	de.shi-institut
82199751	de.ship-spotting
82200177	de.shirtfabrik24
82200408	de.shisha-bar-hamburg
82201044	de.shk-hamburg
82201701	de.shmh
82201993	de.shogihamburg
82202470	de.shop-bestensee
82202491	de.shop-bkb
82203814	de.shop24-eberstadt
82203938	de.shopanbieter
82204006	de.shopblogger
82204009	de.shopboostr
82204601	de.shopping-mall
82204812	de.shoppingvorteil
82204886	de.shops-muenchen
82205803	de.show-trucks
82206176	de.shows-und-tickets
82206350	de.shp-beratergruppe
82207252	de.shw-bt
82207352	de.shz
82207357	de.shz-muenchen
82207371	de.si-am
82207387	de.si-bausparen
82207695	de.siaf
82207899	de.siart
82207961	de.sib-ms
82208747	de.sicher-am-steuer
82208808	de.sicher-hasak
82208839	de.sicher-in-muenchen
82208894	de.sicher-reisen
82208919	de.sicher-steuern
82208949	de.sicher-wollenberg
82209062	de.sichere-pflegeeinrichtung
82209073	de.sichere-schule
82209159	de.sichererhafen
82209191	de.sicheres-krankenhaus
82209231	de.sicherewiesn
82209467	de.sicherheits-campus
82209511	de.sicherheitsanker
82210171	de.sicherheitstechnik-tst
82210468	de.sicherzurschule
82210511	de.sicht-vom-hochblauen
82210708	de.sichtkraft-studio
82211154	de.sid
82211679	de.sie-inspiriert-mich
82212120	de.siebengebirgsmuseum
82212265	de.siebensonnen
82212971	de.siedlerverein-schwarzhoelzl
82212990	de.siedlung-august-woelken
82213048	de.siedlungswerk-fulda
82213188	de.siegburg-kurier
82213405	de.siegen-immobilienmakler
82213436	de.siegen-umzug
82214119	de.siegmedia
82214329	de.sieker
82214710	de.siemerundpartner
82214794	de.sien-tied-bestattungen
82214914	de.sierksdorf-ferienpark
82215271	de.siewertakustik
82215378	de.sifatec
82215513	de.siga-bau
82215973	de.sightseeing-kontor
82215993	de.sightstories
82216053	de.sigigoetz-entertainment
82216230	de.sigma-mann
82216499	de.signal-iduna
82216501	de.signal-iduna-agentur
82216544	de.signalarchiv
82216609	de.signalraum
82216656	de.signamedia
82217167	de.sigrid-hamburg
82217267	de.sigridbehrens
82217451	de.sigu-plattform
82217539	de.sihle-wissel
82217570	de.sii-talents
82218037	de.silber
82218430	de.silberkind
82219342	de.sileo-services
82219351	de.silesia-pflege
82219776	de.silke-bertram
82219841	de.silke-geissen
82219899	de.silke-jaeger
82220049	de.silke-seif
82220086	de.silke-tobeler
82220157	de.silkebartnick
82220275	de.silkehoock
82220638	de.silkostu
82220646	de.silkrail
82220862	de.silobrand
82220915	de.silozentrale
82221264	de.silver-tipps
82221357	de.silvercurlyart
82221401	de.silverfriend
82221513	de.silverpearlphotography
82221689	de.silvester-all-inclusive
82222400	de.silviatietz
82222916	de.simbakids
82223227	de.simillimum
82223885	de.simon-oehmichen
82224176	de.simonbamberger
82224504	de.simone-mentz
82224741	de.simoned
82225435	de.simons-fahrschule2000
82226051	de.simplefit
82226764	de.simplystyling
82227208	de.simsonforum
82227490	de.simvalley-communications
82227491	de.simvalley-mobile
82227851	de.sinans
82227903	de.sinascherer
82227917	de.sinasolar
82228187	de.sindiaboldt
82228276	de.sine-institut
82228797	de.singen-ist-stark
82229154	de.singin-ida
82229195	de.singingsues
82229436	de.single-verzeichnis
82229478	de.singleboersen-finder
82229531	de.singleelternhilfe
82229802	de.singletreffen
82229872	de.singold-restaurant
82230256	de.sinn-schaffen
82230439	de.sinnes-reisen-blog
82230566	de.sinneundreisen
82230883	de.sinntegra
82230900	de.sinnundgesellschaft
82231326	de.sinti-verein
82231341	de.sintiundroma
82231538	de.sinzenburg
82231955	de.sir-barkalot
82232012	de.sir-sander
82232043	de.sira-kinderbetreuung
82232080	de.siralfonso
82232163	de.sirelo
82232369	de.sirius-seminaristik
82232477	de.siro-muenchen
82232640	de.sis
82232702	de.sis-schwerin
82232718	de.sis-tagesaktuell
82232762	de.sisap-ausstellung
82232806	de.siseva
82233524	de.sistrix
82234637	de.sitnskate
82235295	de.sivakids
82235382	de.siwa-ev
82235420	de.siwes
82235434	de.siwiarchiv
82235780	de.sixtbikers
82236730	de.sk-dorfmark
82236857	de.sk-handy
82237115	de.sk-physio
82237576	de.skaioffice
82237958	de.skanholz-onlineshop
82238303	de.skateboard-germany
82238403	de.skatehallehamburg
82238515	de.skaterahrensburg
82239560	de.skd-schaedlingsbekaempfung
82240848	de.skf-muenchen
82242273	de.skialpine
82248349	de.skip-seminare
82248681	de.skipperguide
82249443	de.skischule-kober
82249592	de.skischule-stpauli
82250732	de.skizzensafari
82251161	de.sklassetaxi
82251576	de.skm-augsburg
82253595	de.skomaker
82253842	de.skop-photos
82257726	de.skverlag
82257984	de.skwschwarz
82258238	de.sky-company
82258383	de.sky-flight
82261686	de.skyline-run
82262190	de.skymodel
82263292	de.skytours-ballooning
82265721	de.slanted
82266438	de.slawinski
82266607	de.slbremen
82266633	de.slc-sylviacarlile
82268478	de.slg-stoertebeker
82268876	de.slides-only
82274576	de.slowfashionblog
82274624	de.slowfood
82274653	de.slowfood-muenchen
82276009	de.sltranslations-beglaubigte-uebersetzungen
82276062	de.slub-dresden
82276665	de.slv-spediteure
82276740	de.slvsh
82277937	de.sma-sicherheitsdienste
82278286	de.smago
82279957	de.smart-and-agile
82280641	de.smart-city-dialog
82280709	de.smart-cityguide
82281095	de.smart-die-kunstagentur
82282337	de.smart-mama
82283230	de.smart-rechner
82283361	de.smart-repair-muenchen
82283481	de.smart-roadster-club
82285991	de.smartcity-eichenzell
82286024	de.smartcityhotel-hamburg
82287818	de.smarter-together
82287897	de.smartercamping
82288874	de.smartgeber
82290356	de.smartilience
82290613	de.smartissimo
82290786	de.smartklar
82290996	de.smartlightliving
82291554	de.smartmiete
82292772	de.smartphone-sprechstunde
82293254	de.smartphonepiloten
82295036	de.smartsteuer
82295322	de.smarttravelers
82297958	de.smc-noris
82298046	de.smc2-bau
82302445	de.smitka
82302907	de.smm-hamburg
82303045	de.smnews
82304730	de.smoogsch
82305216	de.smopi
82308285	de.smutje-hh
82308790	de.smz
82308865	de.sn
82311097	de.snafu
82315618	de.snm-hnee
82315863	de.snokido
82316194	de.snoopsmaus
82318356	de.snsb
82319494	de.so-fo
82320506	de.so-viele
82321468	de.sobanski-psychotherapie-haidhausen
82322553	de.soccer-fans
82325549	de.socialdesign
82326380	de.socialmatch
82326590	de.socialmediakonzepte
82326811	de.socialmediarecht
82326888	de.socialmediastatistik
82327125	de.socialnet
82328496	de.socken-pindl
82328761	de.sockenqualmer
82331434	de.soelke
82332364	de.soeren-schumacher
82332782	de.soerjadi
82333210	de.soestra
82334217	de.sofas-berlin-entsorgen
82335638	de.sofort-schilder
82337412	de.softcom-bg
82338634	de.softwareforfuture
82338720	de.softwaremodernisierung
82338862	de.softwarezentrum
82339097	de.soham
82339602	de.soklapptjugendverband
82339863	de.sol-spanisch-institut-muenchen
82340011	de.solalinden-apotheke-muenchen-app
82340158	de.solar-braeu
82340555	de.solar-profi24
82340784	de.solar2030
82340799	de.solar4hamburg
82340901	de.solaranlagen-portal
82340928	de.solaranlagenportal
82341277	de.solardoktor
82341656	de.solaridee
82341687	de.solarinput
82341711	de.solaris-am-lech
82341810	de.solarize
82342099	de.solaroffensive-hamburg
82342397	de.solarschlau
82342413	de.solarserver
82342653	de.solartechnik-bayern
82342882	de.solarverband-bayern
82342946	de.solarwatt
82343045	de.solarzentrum-hamburg
82343286	de.solawi-vierlande
82343415	de.soldanmoot
82344316	de.solidaritaet-gegen-gewalt
82344352	de.solidaritaetskonzerte
82344516	de.solidimmo
82344979	de.solisolar-hamburg
82345161	de.soll-galabau
82345204	de.soller-businesshotel
82345300	de.solln
82345313	de.sollnerhof
82345530	de.solobusinesstribe
82345853	de.soltaris
82345883	de.soltauer-sportclub-02
82345902	de.soltech-go-hybrid
82346457	de.solvimus
82346487	de.solvito
82346641	de.soma-psychotherapie
82346691	de.somacare-osteopathie
82346701	de.somacos
82347211	de.somikon
82347409	de.sommer-in-hamburg
82347592	de.sommer-umzugsservice-muenchen
82348136	de.sommerjung
82348765	de.somosazubis
82348931	de.sonamkoenigsmark
82349100	de.sonderabfall-wissen
82349107	de.sonderanalyse
82349159	de.sonderbriefing
82349196	de.sonderfokus
82349222	de.sonderjournal
82349232	de.sonderkost
82350121	de.sonilift
82350146	de.sonita-cocktails
82350193	de.sonja-bagge
82350254	de.sonja-epple
82350645	de.sonjageisenberger
82350950	de.sonjastadje
82350982	de.sonjavonberg
82351347	de.sonne-wolken
82351566	de.sonnen-apotheke-freising
82351638	de.sonnen-apotheke-neubiberg
82351834	de.sonnenalm
82352131	de.sonnenblume-wolnzach
82352203	de.sonnenbuehl
82352446	de.sonnengarten-solln
82352534	de.sonnenhaus-institut
82352884	de.sonnenkinder-hamburg
82352930	de.sonnenklartv-reisebuero
82352958	de.sonnenkraft-freising
82352987	de.sonnenland-hamburg
82353054	de.sonnenmakler
82353132	de.sonnenquell-montessori
82353370	de.sonnenschmied-home-systems
82353501	de.sonnenschutz-muenchen
82353565	de.sonnenschutz-waschow
82354000	de.sonnentaler
82354044	de.sonnentor-theaterfestival
82354563	de.sonntagsblatt
82354833	de.sonolux
82355065	de.sontags-apotheken
82355262	de.sonyuserforum
82355811	de.sophie-barat-schule
82356135	de.sophien-leipzig
82356186	de.sophienklinik
82356357	de.sophisticon
82356360	de.sophistique-hochzeiten
82357068	de.sorison
82357448	de.sos-flugverspaetung
82357528	de.sos-kinderdorf
82357702	de.sos007
82358133	de.sotrainings
82359059	de.souljobs
82359673	de.sound-burg
82360130	de.soundcheck-in
82360535	de.soundofmunichnow
82363416	de.southafricansingermany
82363543	de.southside-battery
82363700	de.sovd
82363712	de.sovd-bawue
82363714	de.sovd-bbg
82363720	de.sovd-bohmte
82363771	de.sovd-hb
82363778	de.sovd-hh
82363828	de.sovd-nordfriesland
82363840	de.sovd-ostholstein
82363862	de.sovd-rlp-saarland
82363876	de.sovd-sh
82364027	de.sowa-immobilien
82364146	de.sowi-online
82364202	de.sowirdsbesser
82364249	de.sowon-muenchen
82364412	de.sozial
82364545	de.sozialarbeit-im-norden
82364668	de.sozialdienst-tuerkenfeld
82364834	de.soziale-schuldnerberatung-hamburg
82364982	de.sozialer-wohnungsbau
82365111	de.sozialesmarketing
82365127	de.sozialestadt-muenchen
82365242	de.sozialhelden
82365342	de.sozialkontor
82365378	de.soziallotse-merkstein
82365387	de.sozialmarketing
82365438	de.sozialphobie-do
82365459	de.sozialpolitik-aktuell
82365518	de.sozialraum
82365519	de.sozialraum-altona
82365520	de.sozialraum-bergedorf
82365526	de.sozialraum-nord
82365527	de.sozialraum-wandsbek
82365564	de.sozialrecht-lotse
82365687	de.sozialstation-boennigheim
82365972	de.sozialstation-sindelfingen
82366357	de.soziokultur
82366513	de.soztheo
82366525	de.sozwissarchiv
82367540	de.spacefrog
82367758	de.spaceteams
82368335	de.spaki-berlin
82368696	de.spandauer-tageszeitung
82368740	de.spaness
82369241	de.spanischer-kindergarten
82369453	de.spanndecken-dezett
82369874	de.sparcampus
82369905	de.sparda-bank-hamburg
82369931	de.sparda-m
82369982	de.spardaimmobilien
82370045	de.sparego
82370132	de.sparepartsnow
82370565	de.sparhandy
82370591	de.sparifankerl-pass
82370652	de.sparkasse
82370783	de.sparkasse-freiburg
82371402	de.sparkassenverband-bayern
82371656	de.sparneuwagen
82372033	de.sparwelt
82372423	de.spata-bonn
82372631	de.spatzennest-muenchen
82372771	de.spazieren
82372996	de.spd-allach-untermenzing
82373125	de.spd-aubing
82373138	de.spd-ba17
82373480	de.spd-bramfeld
82373986	de.spd-feldmoching-hasenbergl
82374036	de.spd-fraktion-bergedorf
82374050	de.spd-fraktion-eimsbuettel
82374052	de.spd-fraktion-erlangen
82374061	de.spd-fraktion-hamburg
82374064	de.spd-fraktion-harburg
82374083	de.spd-fraktion-leipzig
82374311	de.spd-geschichtswerkstatt
82374485	de.spd-haidhausen
82374489	de.spd-haimhausen
82374515	de.spd-hamburg
82375494	de.spd-ludwigsvorstadt-isarvorstadt
82375683	de.spd-milbertshofen
82375742	de.spd-moosach
82375773	de.spd-muenchen
82375777	de.spd-muenchennordost
82375778	de.spd-muenchner-sueden
82375804	de.spd-naila
82375867	de.spd-neuhausen
82375885	de.spd-neuperlach
82376245	de.spd-pasing
82376269	de.spd-perlach-waldperlach
82376396	de.spd-rathausmuenchen
82376672	de.spd-sasel
82376771	de.spd-schwabing
82376792	de.spd-schwanthalerhoehe
82376842	de.spd-sendling-westpark
82376900	de.spd-solln
82377149	de.spd-tornesch
82377168	de.spd-trittau
82377173	de.spd-trudering-riem
82377247	de.spd-untergiesing
82377318	de.spd-voerden
82377410	de.spd-wandsbek
82377619	de.spd-wirtschaftsforum
82377737	de.spdaltona
82377795	de.spdeimsbuettel
82377826	de.spdfraktion-hamburg-mitte
82377838	de.spdfraktionnord
82378202	de.speakeasy-munich
82378355	de.spechbach
82379330	de.specksteine
82381374	de.spedition-goers
82384015	de.speed-magazin
82384266	de.speedbeat-motorsport
82384842	de.speedy-courier
82385134	de.speichensport
82385371	de.speicherstadt
82385383	de.speicherstadtmuseum
82385869	de.spektrum
82385900	de.spektrum-islam
82386288	de.spendenaktion
82386353	de.spendenladen
82386408	de.spendenportal
82387136	de.sperrgebiet-hamburg
82387273	de.spesen-ratgeber
82387330	de.spessart-mainland
82388631	de.spickermann
82388704	de.spicys
82388907	de.spiegel
82389256	de.spiegl-galabau
82389257	de.spiegl-gartenbau
82389628	de.spielautocasino
82389858	de.spielbanken-bayern-online
82389869	de.spielbanken-norddeutschland
82390072	de.spiele-4-you
82390481	de.spielemesse-hh
82390731	de.spielerecht
82391018	de.spielfeldklassik
82391124	de.spielgestalter
82391526	de.spielkiste-online
82391573	de.spielkultur
82391599	de.spiellandschaft
82392252	de.spielmotor
82392585	de.spielplatzkinder
82392779	de.spielregeln-spielanleitungen
82392907	de.spielsucht-hamburg
82393041	de.spielundlern
82393344	de.spielwiesn
82393782	de.spiesen-elversberg
82394006	de.spili-team
82394241	de.spinagel
82395007	de.spinnen-netz
82396575	de.spirituelle-reisen
82397451	de.spitznagel-partner
82397854	de.splashawards
82398213	de.splus-hamburg
82398624	de.spokita
82399097	de.sporerhof
82399778	de.sport-iat
82399894	de.sport-jugend-kultur
82400174	de.sport-osteopathie-bergedorf
82400370	de.sport-schuetzenverein
82400968	de.sportandpolitics
82401438	de.sportbootschule-nautilus
82402020	de.sportfestival
82402087	de.sportfischerverein-elbe
82402267	de.sportfreunde-bengen
82402360	de.sportfreunde-loxten
82402397	de.sportfreunde-sailauf
82402896	de.sporthopaedie-braunschweig
82403089	de.sporting-magazin
82403385	de.sportkegeln-bayreuth
82403423	de.sportkidsclub
82404277	de.sportpaedagogik-online
82406085	de.sportspitze
82406585	de.sportunterricht
82406661	de.sportverein-dornbusch
82406965	de.sportwagen-infos
82407308	de.sportwissenschaft
82407334	de.sportxperten
82407390	de.sportzauber
82407497	de.spot-bremen
82407562	de.spotclique
82407676	de.spotlight-real
82408166	de.sprachbruecke-hamburg
82408181	de.sprachcaffe
82408363	de.sprachen-bilden-chancen
82408974	de.sprachlog
82409193	de.sprachschule-aktiv
82409208	de.sprachschule-aktiv-hamburg
82409218	de.sprachschule-aktiv-muenchen
82409257	de.sprachschule-creative
82409335	de.sprachschule-ole
82410417	de.sprechkabine
82410456	de.sprechrun
82410538	de.sprechwege
82410556	de.sprechzeit-hamburg
82410737	de.spreeblogger
82410751	de.spreebote
82410838	de.spreehafenlauf-veddel
82411191	de.spreewald-nachrichten
82411521	de.spreez
82411897	de.sprick-gmbh
82412078	de.springer-berlin
82412412	de.sprinkenhof
82412916	de.sproutbleistift
82413241	de.sprungnetz
82413427	de.sps-zehmisch
82413985	de.spurenimvest
82414026	de.spurensuche-kreis-pinneberg
82414136	de.spurwechsel-muenchen
82414142	de.spurwechselab55
82414308	de.spvgg-altenerding-fussball
82414522	de.spvgg-reinsdorf-vielau
82414567	de.spvgg-thalkirchen
82414584	de.spvgg-vreden
82415381	de.squareplan
82416256	de.src-viernheim
82416361	de.sretenie
82416828	de.srl
82417212	de.srv-berlin
82417295	de.srvw
82419441	de.sskm
82419469	de.ssksecurity
82420873	de.ssr-whm
82421214	de.ssv-allna-ohetal
82421321	de.ssv-eggenfelden
82421629	de.ssv-muenchen
82421996	de.ssvep
82422611	de.st-bergweh
82422933	de.st-esch
82422999	de.st-franziskus-hamburg
82423353	de.st-irmingard
82423899	de.st-laurentiuskirche
82423973	de.st-ludwig-muenchen
82424502	de.st-michaelis
82424692	de.st-pauli-archiv
82424710	de.st-pauli-selber-machen
82424714	de.st-pauli-theater
82424832	de.st-petri-rodewisch
82424834	de.st-petri-schloss-chemnitz
82425086	de.st-steuerberatung
82425120	de.st-theresia-muenchen
82425139	de.st-thomas-lorenz
82425143	de.st-thomas-rbo
82425292	de.st-viti
82425348	de.st-wilhelm
82425563	de.staab-pr
82425766	de.staatsanzeiger
82425813	de.staatsbibliothek-berlin
82425969	de.staatstheater-darmstadt
82426185	de.stabile-psyche
82426479	de.stachus-apotheke
82426668	de.stade-tourismus
82426694	de.stadel-hof-altoetting
82426950	de.stadionreport
82427188	de.stadt-abenberg
82427646	de.stadt-fuehrungen
82427862	de.stadt-land-biene
82427990	de.stadt-lorch
82428057	de.stadt-muenchen
82428085	de.stadt-neustadt
82428200	de.stadt-regional
82428245	de.stadt-schenefeld
82428258	de.stadt-schoemberg
82428385	de.stadt-und-gesundheit
82428389	de.stadt-und-land
82428401	de.stadt-und-werk
82428515	de.stadt2030
82428535	de.stadtakademie-muenchen
82428749	de.stadtarchiv-digital
82429024	de.stadtbauen
82429037	de.stadtbauraum-gelsenkirchen
82429346	de.stadtblatt-online
82429372	de.stadtblogozin
82429395	de.stadtbranchenbuch
82429411	de.stadtbranchenbuch-muenchen
82429676	de.stadtcad
82429792	de.stadtdigital
82429805	de.stadte-gemeinden
82430088	de.stadtfeste-in-deutschland
82430197	de.stadtfreak
82430233	de.stadtfuehrer-fuzi-muenchen
82430243	de.stadtfuehrer-max
82430244	de.stadtfuehrer-minden
82430275	de.stadtfuehrung-celle
82430495	de.stadtgarde-zu-pferd
82430564	de.stadtgelueste
82430597	de.stadtgeschichte-muenchen
82430686	de.stadtgruendungsfest-muenchen
82430692	de.stadtgueter-muenchen
82430693	de.stadtgui
82431073	de.stadthaushotel
82431142	de.stadthotel-erding
82431268	de.stadtimpuls-genossenschaft
82431908	de.stadtklima-stuttgart
82431983	de.stadtkueken
82431990	de.stadtkultur-bayern
82432020	de.stadtkuratorin-hamburg
82432159	de.stadtlandmama
82432184	de.stadtlandtour
82432305	de.stadtlogik
82432516	de.stadtmarketing-lennestadt
82432589	de.stadtmarketing-weiden
82432626	de.stadtmarlow
82432817	de.stadtmuseum
82432844	de.stadtmuseum-duisburg
82433010	de.stadtnachacht
82433049	de.stadtnetz-wuppertal
82433140	de.stadtpanoramen
82433204	de.stadtparkhund
82433205	de.stadtparkknirpse
82433223	de.stadtparkverein
82433494	de.stadtradeln
82433521	de.stadtradlueneburg
82433594	de.stadtratsberichte
82433753	de.stadtsanierung-giesing
82433757	de.stadtsanierung-moosach
82433758	de.stadtsanierung-neuperlach
82433791	de.stadtschnauzen
82434021	de.stadtspiegel-online
82434285	de.stadtteilarbeit
82434296	de.stadtteilarchiv-ottensen
82434308	de.stadtteilbeirat-wilhelmsburg
82434328	de.stadtteilbuero-neuperlach
82434337	de.stadtteilbuero-temu
82434343	de.stadtteildiakonie
82434370	de.stadtteilgenossenschaft-horn
82434374	de.stadtteilgeschichte-muenchen
82434399	de.stadtteilklinik-hamburg
82434421	de.stadtteilladen-giesing
82434454	de.stadtteilraeume
82434455	de.stadtteilrat
82434456	de.stadtteilrat-rothenburgsort
82434464	de.stadtteilschule-bramfeld
82434466	de.stadtteilschule-eidelstedt
82434470	de.stadtteilschule-muemmelmannsberg
82434471	de.stadtteilschule-niendorf
82434473	de.stadtteilschule-rissen
82434475	de.stadtteilschule-suederelbe
82434476	de.stadtteilschule-walddoerfer
82434477	de.stadtteilschule-wilhelmsburg
82434533	de.stadtteilwochen-muenchen
82434542	de.stadtteilzentren-inklusiv
82434613	de.stadttiere-bs
82434694	de.stadtundbild
82434699	de.stadtundgruen
82434718	de.stadtundwirtschaft
82434808	de.stadtvermessung-muenchen
82434832	de.stadtverwaltungstest
82435472	de.stadtwerke-muenster
82435842	de.stadtwerkeprojekt
82435880	de.stadtwiki-baden-baden
82435900	de.stadtwikidd
82435913	de.stadtwirtschaftsstrategie
82436079	de.staedtebauliche-laermfibel
82436081	de.staedtebaumanufaktur
82436231	de.staedtetag
82436242	de.staedtetripsindeutschland
82436294	de.staedtisches-luisengymnasium
82436331	de.staeger
82436833	de.stage-entertainment
82437154	de.staggenborg-apotheke-elmshorn
82437181	de.staging-community
82437222	de.staging-websites
82437878	de.stahlberg-partner
82438380	de.stahlundfarbe
82438886	de.stalking-justiz
82439667	de.stammbaum-schulze
82440254	de.stand-up-winterhude
82440470	de.standesamt-muenchen
82440479	de.standesamtfotograf
82440489	de.standesbeamte-hamburg
82440576	de.standleitungen-hamburg
82440758	de.standpunktschanze
82441057	de.stanislaw-lem
82441519	de.staplerberater
82442018	de.star61
82443274	de.starke-meinungen
82443391	de.starkedemokratie
82443512	de.starker-unternehmer
82443775	de.starkregen
82443786	de.starkregengefahr
82443790	de.starkregenmanagement
82444089	de.starmobile
82444122	de.starnberg
82444159	de.starnbergammersee
82444169	de.starnberger-ferienwohnung-im-gruenen
82444205	de.starnbergersee-fewo
82444498	de.starsandrisingstars
82444761	de.start-orchestrating
82444790	de.start-talking
82444815	de.start-up-lotse
82444830	de.start-up-services
82444936	de.startbase
82445056	de.starten-bahn-west
82445096	de.startercenter-westfaelisches-ruhrgebiet
82445138	de.startext
82445147	de.startfinder
82445245	de.startinfood
82445259	de.starting-up
82445430	de.startplatz
82445631	de.startup-base
82445680	de.startup-factories
82445706	de.startup-heroes
82445721	de.startup-in-munich
82445801	de.startup-report
82445989	de.startupport
82446089	de.startwithafriend
82446106	de.startzentrale
82446218	de.starwit-technologies
82446282	de.starzip
82446874	de.station-weisswasser
82447043	de.statistik-nord
82447118	de.statistischeberatung
82447121	de.statistischedatenanalyse
82447263	de.stattbau-hamburg
82447264	de.stattbau-muenchen
82447342	de.stattreisen-muenchen
82447443	de.statusgmbh
82447470	de.statussymbol-internet
82447794	de.staucherhof
82447849	de.staudeintern
82448123	de.staufen
82448241	de.staufer
82448540	de.stavenhagenhaus-hamburg
82448590	de.stawi
82449082	de.stb-bauwens
82449165	de.stb-bobke
82449651	de.stb-goetz-kollegen
82449815	de.stb-hemicker
82449991	de.stb-jss
82450074	de.stb-kittel
82450119	de.stb-kny
82450202	de.stb-kuenster
82450275	de.stb-lienig
82450409	de.stb-michaelmueller
82450713	de.stb-riecker
82451040	de.stb-stanovski
82451093	de.stb-studtrucker
82451221	de.stb-voltenauer
82451322	de.stb-wiesbaden
82451516	de.stbg-schneider
82451556	de.stbilderwelten
82451572	de.stbin-rehm
82451592	de.stbk-hamburg
82451751	de.stbr-faerber
82452493	de.steakhousebattenberg
82452550	de.stealers
82452898	de.stecher-schilling
82453207	de.steco
82453747	de.steenkamper
82454194	de.stefan-goreiski
82454285	de.stefan-herker
82454512	de.stefan-leuchtenberg
82454645	de.stefan-niggemeier
82455333	de.stefandeutsch
82455948	de.stefanie-mayer-friseurhandwerk
82456099	de.stefanie-stolle
82456647	de.stefanietaschinski
82456715	de.stefanimhoff
82456930	de.stefanlederer
82457148	de.stefanpreiss
82457229	de.stefans-apotheke-muenchen
82457542	de.stefanux
82457823	de.steffen-frank
82458193	de.steffendobbert
82458742	de.steffi-line
82458923	de.steffimachtinternet
82458996	de.steffis-haushaltshilfe
82459185	de.steffiwzk
82459302	de.steg-hamburg
82459392	de.stegemannmedia
82459401	de.stegemoeller-muenster
82459721	de.stehblog
82459912	de.steide-runners
82459940	de.steidle-architekten
82460324	de.steilshoop-zentrum
82460325	de.steilshooper
82460883	de.steinacker-sachverstaendige
82461005	de.steinbach-hotel
82461007	de.steinbach-im-netz
82461052	de.steinbach24
82461542	de.steinbock-partner
82461627	de.steinbrenner-umzuege
82461725	de.steinburg
82462214	de.steiners-hofladen
82462223	de.steinerschule-bergstedt
82462470	de.steingaden
82462757	de.steinhauser-akademie
82462785	de.steinheil16
82462928	de.steinhorster
82463147	de.steinkeramiksanitaer
82463528	de.steinmetz-denkmal
82463598	de.steinmetz-gloge
82463763	de.steinmetz-lodahl
82463768	de.steinmetz-luibl
82463844	de.steinmetz-reichel-goerlitz
82464127	de.steinmetzhesse
82464709	de.steinundbayer
82465046	de.steinzentrum-wunsiedel
82465290	de.stella-fulda
82465548	de.stellaris-apartment
82465646	de.stelldirvor-xr
82466133	de.stellenwerk
82467312	de.stempelwerkzeuge
82467349	de.stemracing
82467448	de.stendebachoutlet
82467571	de.stenger2
82467934	de.step2diz
82467978	de.stepanini
82468108	de.stephan-bechtel
82468286	de.stephan-hertz
82468321	de.stephan-jersch
82468445	de.stephan-muth
82468710	de.stephanbirkholz
82468714	de.stephanbleek
82468796	de.stephangamm
82469181	de.stephanieakowalski
82469367	de.stephaniephilipp
82469445	de.stephanievogel
82469463	de.stephaniewittern
82469605	de.stephannagel
82469893	de.stephanusgarten
82469905	de.stephanuskirche
82470050	de.stephienchen
82470062	de.stephionline
82470129	de.steplavage
82470263	de.steppingout
82470356	de.stepsforchildren
82470456	de.steramed
82470466	de.sterbeamme
82470646	de.sterejo
82471023	de.sterly-paulsen
82471312	de.stern-riesa
82471532	de.sternchenbande
82471776	de.sternenbruecke
82471821	de.sternenfee-kita
82472294	de.sternfreunde-muenster
82472378	de.sternipark
82472557	de.sternschanze1942
82472714	de.sternstundenfestival
82472755	de.sterntaler-hamburg
82473082	de.sternwollspinnerei
82473154	de.sterr
82473558	de.steuer-husum
82473599	de.steuer-kuper
82473845	de.steuerazubi
82474003	de.steuerberater-berlin-schuermann
82474040	de.steuerberater-blaeser
82474133	de.steuerberater-burgkirchen
82474183	de.steuerberater-dick
82474485	de.steuerberater-hamburg-online
82474494	de.steuerberater-hannover-halle
82474570	de.steuerberater-hierling
82474872	de.steuerberater-kurth
82475200	de.steuerberater-otte
82476002	de.steuerberaterin-huber
82476110	de.steuerberaterin-trier
82476390	de.steuerberatung-breit
82476631	de.steuerberatung-hartmann
82477051	de.steuerberatung-plesa
82477068	de.steuerberatung-protze
82477272	de.steuerberatung-twilfer
82477373	de.steuerberatung-zietemann
82477386	de.steuerberatungbeck
82477531	de.steuerbuero-dorwarth
82477821	de.steuerdelikt
82477853	de.steuererklaerung-polizei
82477962	de.steuergo
82478007	de.steuerimgriff
82478129	de.steuerkanzlei-brugger
82478221	de.steuerkanzlei-felbermeir
82478236	de.steuerkanzlei-fricke
82478279	de.steuerkanzlei-hackl
82478592	de.steuerkanzlei-reichert
82478604	de.steuerkanzlei-riedler
82478658	de.steuerkanzlei-schneidereit
82478874	de.steuerkanzleikunz
82479014	de.steuern-aw
82479127	de.steuern-und-strafe
82479412	de.steuerstudies
82479435	de.steuertipps
82479502	de.steuerverwaltung-hamburg
82479645	de.stevanpaul
82480121	de.stevieschmiedel
82480210	de.stewuki
82480454	de.stgb
82480679	de.sti-stender
82482003	de.stiehl-naehmaschinen
82482362	de.stiften-und-helfen
82482373	de.stifter-fuer-stifter
82482433	de.stiftl
82482435	de.stiftl-festzelt
82482437	de.stiftl-oktoberfest
82482438	de.stiftl-portal
82482439	de.stiftl-sportpark
82482474	de.stiftmausmedienwelt
82482694	de.stiftung-ausgleich-altenwerder
82482709	de.stiftung-bayerische-gedenkstaetten
82482909	de.stiftung-drja
82482931	de.stiftung-eilbeker-gemeindehaus
82483070	de.stiftung-gegen-rassismus
82483142	de.stiftung-hamburg-maritim
82483145	de.stiftung-hamburger-schulverein
82483234	de.stiftung-hsh
82483345	de.stiftung-kinderjahre
82483347	de.stiftung-kinderklinik-schwabing
82483422	de.stiftung-kulturglueck
82483503	de.stiftung-lebensraum-elbe
82483517	de.stiftung-leistungssport
82483988	de.stiftung-steb
82484062	de.stiftung-umweltenergierecht
82484077	de.stiftung-valentina
82484084	de.stiftung-verbundenheit
82484096	de.stiftung-volksdorf
82484193	de.stiftung-zusammentun
82484330	de.stiftunglebensraumelbe
82484857	de.stilbrise
82484901	de.stilconceptstore
82484939	de.stilecht-erding
82485023	de.stilfinderin
82485902	de.stillsparkling
82485990	de.stilnet-design
82486219	de.stilvolle-grabsteine
82486311	de.stilz-partner
82486340	de.stimbergstadt
82486593	de.stimme-zur-stille
82487117	de.stimpfle-freiburg
82487441	de.stipshausen-idarkopf
82487703	de.stjoachim
82487712	de.stjohannes
82487741	de.stjohnberchmans
82488165	de.stmarkushoheluft
82488634	de.stockach
82489559	de.stoehr-mobility
82490549	de.stoffladen-giesing
82491115	de.stoiberschau
82491333	de.stoll-agentur
82491499	de.stolle-ot
82491505	de.stolle-rg
82491615	de.stollfuss
82491682	de.stolpen-lokal
82491730	de.stolpersteine-berlin
82491733	de.stolpersteine-bischofsheim
82491770	de.stolpersteine-goeppingen
82491776	de.stolpersteine-hamburg
82491803	de.stolpersteine-kl
82491815	de.stolpersteine-luebeck
82491826	de.stolpersteine-muenchen
82491849	de.stolpersteine-rosenheim
82492153	de.stoma-welt
82492817	de.stop-the-hate
82493434	de.storch-adebar
82493439	de.storch-beller
82493449	de.storch-elektro
82494249	de.stormarnlexikon
82494304	de.stormerland
82494561	de.storyal
82494715	de.storypendler
82494962	de.stottern-der-kongress
82495219	de.stpaulinu
82495671	de.strafakte
82495789	de.strafrecht-bundesweit
82495867	de.strafrecht-mv
82496027	de.strafverteidiger-gp
82496081	de.strafverteidiger-salzgitter
82496148	de.strafverteidigertag
82496383	de.strahlenschutzkurse-online
82496639	de.straight
82497326	de.strandcamp
82497352	de.stranddomicil-steiner
82497386	de.strandfamilie
82497577	de.strandhaus-kollmar
82497638	de.strandhausapp
82497691	de.strandhotel-groemitz-ostsee
82497801	de.strandkinder-blankenese
82498007	de.strandliebe-kellenhusen
82498348	de.strandweiss
82498454	de.strangerthanusual
82498689	de.strasse-hat-zukunft
82498728	de.strassen-namen-leuchten
82498823	de.strassenbahnreisen
82498922	de.strassenblues
82498971	de.strassenfrachter
82499005	de.strassenindex
82499236	de.strassenverkehr-muenchen
82499239	de.strassenverkehrsamt
82499343	de.strasskind
82499896	de.strato
82500148	de.straubinger-fuchs
82500259	de.strauchdiehl
82500409	de.strauss-media
82500709	de.straycolors
82501154	de.streblow-zahnarztpraxis
82501448	de.streetart-fuehrungen
82501949	de.streetwork-bayern
82502407	de.streit-immo
82502429	de.streit-software
82502738	de.streppel
82503760	de.strickblog
82504337	de.strings-musikschule
82504628	de.strips-stories
82505302	de.strohmberg-hof
82505386	de.strohtektur
82505390	de.strohvieh
82505416	de.strokarck
82506488	de.stromvermittlung
82506945	de.strubbl
82507175	de.struensee-gymnasium
82507760	de.sts-bergedorf
82507803	de.sts-flottbek
82507837	de.sts-horn
82507878	de.sts-niendorf
82507929	de.sts-stelli
82507964	de.sts-winterhude
82507978	de.stsbl
82508010	de.stsfkw
82508018	de.stshorn
82508028	de.stsoe
82508447	de.stuck-hh
82508524	de.stuck-sprenger
82508616	de.stuckateur-doll
82509126	de.stud-telefonseelsorge
82509143	de.studemy
82509168	de.student-first
82509550	de.studentenumzug-berlin
82509594	de.studentenwerk-hannover
82509675	de.studentenwohnheim-hh
82509800	de.studentjob
82509862	de.studentsforfuture-hamburg
82509911	de.studex
82510000	de.studibuch
82510245	de.studienkolleg-beratung
82510257	de.studienkolleg-hamburg
82510259	de.studienkolleg-hh
82510487	de.studienundberufsberatung
82510496	de.studienwahl
82510501	de.studienwahltest
82510564	de.studieren
82510598	de.studieren-in-bayern
82510699	de.studieren-ohne-abitur
82510715	de.studieren-weltweit
82510787	de.studierendenwerk-muenchen-oberbayern
82510812	de.studierenichtdeinleben
82511393	de.studio-flex
82511915	de.studio-navivo
82512233	de.studio-stadt-region
82512256	de.studio-stricker
82512277	de.studio-tanzraum
82513523	de.studioimnetz
82514201	de.studiosilas
82514485	de.studiozeiler
82514801	de.study-in-bavaria
82514881	de.studyflix
82515028	de.stuebi-hamburg
82515029	de.stuebi-makerspace
82515105	de.stuecklhof
82515255	de.stueps
82515649	de.stuhhdium
82515720	de.stuhlgrosshandel
82515764	de.stuhloase
82515766	de.stuhlpapst
82516121	de.stummiforum
82516249	de.stun-mv
82516741	de.sturm-teleprofi
82516937	de.sturmsucht
82517265	de.stuttgart-fotos
82517324	de.stuttgart-journal
82517460	de.stuttgart-seminar
82517484	de.stuttgart-startups
82517714	de.stuttgarter-immobilienwelt
82517941	de.stuttgartersingles
82518154	de.stuzubi
82518271	de.stvo
82518433	de.stwhh
82519343	de.stylish-living
82519659	de.stzv
82519804	de.su-weilerswist
82519907	de.sub-bavaria
82519932	de.sub-i
82520919	de.suburbanitaet
82521633	de.suchguru
82521768	de.suchmaschinen-datenbank
82521943	de.suchnase
82522035	de.sucht-hamburg
82522049	de.sucht-motiv
82522123	de.suchtberatung-hamburg
82522394	de.suchtpraevention-fortbildung
82522396	de.suchtpraevention-hamburg
82522403	de.suchtpraevention-vm
82522416	de.suchtrausch
82522439	de.suchttherapietage
82522444	de.suchtundwendepunkt
82522716	de.suderbruch
82522717	de.suderburg
82522732	de.sudermannapo-app
82522966	de.sue-uni-stuttgart
82523082	de.sued-kultur
82523380	de.sueddeutsche
82523524	de.suederelbe24
82523826	de.suedlese
82524331	de.suedstaedterin
82524714	de.suedwestwork
82524788	de.suehnekreuz
82524835	de.suelldorf
82524861	de.suely-lauar
82525248	de.suessen
82525548	de.sufch
82525789	de.sugarberry
82525830	de.sugardaddy
82526427	de.suizidpraevention
82526435	de.suizidpraevention-hamburg
82526447	de.suizidprophylaxe
82526669	de.sul-ueberlingen
82526817	de.sulixo
82527604	de.summerfeeling
82528773	de.sunday-entertainment
82530052	de.sunnys-side-of-life
82530427	de.sunrisemedical
82531084	de.suntour-reisen
82531181	de.sunwave
82533021	de.superleipzig
82533261	de.supernane
82533778	de.superurban
82533835	de.supervision-baumeister
82533984	de.supervision-fuchs
82534116	de.supervision-kotonski-immig
82534394	de.supervision-wuerflinger
82534549	de.superzartfestival
82534795	de.supperosteo
82535035	de.support4vetmed
82535049	de.supportblock
82535597	de.surenland
82535785	de.surface-tattoo
82536039	de.surfersmag
82536164	de.surfmedia
82536171	de.surfmusik
82536850	de.survivalrace
82537710	de.susanne-edelmann
82538091	de.susanne-maria-elten
82538515	de.susanne-wosnitzka
82538535	de.susannealbers
82538863	de.susannekleiber
82539015	de.susannepittroff
82539195	de.susannesteinmassl
82539298	de.susannewittek
82539464	de.susbuer
82539641	de.sushi-badkissingen
82540270	de.sushiya
82540625	de.sussdorff
82540729	de.sustainable-event-solutions
82540791	de.sustainablemedia365
82540808	de.sustainament
82540834	de.sustainmare
82541058	de.sutter-local-media
82541064	de.sutter-pages
82541136	de.suundz
82541210	de.suveren2use
82541345	de.suyang
82541410	de.suzanne-von-borsody-krankheit
82541685	de.sv-1945-koenigshofen
82541731	de.sv-adorf-erzgebirge-sport
82541792	de.sv-allach-49
82542240	de.sv-binder
82542938	de.sv-durchhausen
82543767	de.sv-gross-hesepe
82543784	de.sv-grosshabersdorf
82544850	de.sv-lampertswalde
82545136	de.sv-m-schimmel
82545462	de.sv-murrhardt-karnsberg
82545592	de.sv-niedersachsen-goettingen
82545736	de.sv-oberzissen
82546651	de.sv-rot-gelb
82547074	de.sv-soechering
82547245	de.sv-strahlenschutz
82547322	de.sv-taelchen-krettnach
82547918	de.sv-wessobrunn
82548029	de.sv-winterstettenstadt
82548242	de.sv08-kuppenheim
82548807	de.svartland
82548842	de.svaubing
82548957	de.svb-gunnarwalther
82549052	de.svb-piontek
82549067	de.svb-rintelen
82549131	de.svb-verein
82549767	de.sve-hamburg
82549826	de.svea-walter-physiotherapie
82550669	de.svengeorge
82551392	de.svenskaklubben
82551444	de.svensteinmeyer
82551881	de.svg-akademie
82552431	de.svgs-hamburg
82552510	de.svhage
82552538	de.svhamborn1890-handball
82552551	de.svhanse
82553642	de.svlurup
82553869	de.svmerkur
82553908	de.svmm
82553990	de.svn-muenchen
82554015	de.svna
82554717	de.svr1920
82554947	de.svrwf
82555635	de.svuffing
82555902	de.svwilhelmsburg-tennis
82557137	de.swapfiets
82557162	de.swapycar
82557804	de.sweet-home-apartments
82557878	de.sweet-rosalie-photography
82559062	de.swim
82559069	de.swim-coach
82559312	de.swimy
82560469	de.swk-haustechnik
82560523	de.swl-brandschutz
82560565	de.swm
82560582	de.swm-infrastruktur
82560603	de.swm-pflegeschule-muenchen
82560925	de.swphl
82561440	de.sww-muenchen
82562031	de.sybillebauriedl
82562208	de.sydoublefun
82562412	de.sylent-press
82562875	de.sylter-deichwiesen
82562915	de.sylter-hunde
82562946	de.sylter-rabe
82562981	de.sylter-swim-academy
82563042	de.syltfee-untervegs
82563987	de.sylvialehner
82564604	de.symcon
82565290	de.symphonikerhamburg
82566192	de.synagogen-projekt
82566289	de.synapse-ki-agentur
82566290	de.synapse-ki-beratung
82567884	de.synergetik-molnar
82568414	de.syntaxa
82568836	de.syring-partner
82568958	de.syrtaki-rd
82569841	de.systematischgesund
82570043	de.systemfehlr
82570821	de.systemischepraxis-braun-trier
82570865	de.systemischerdialog
82570900	de.systemisches-institut
82571069	de.systemproblem
82571412	de.sytra
82571588	de.sz-gipfel
82571633	de.sz-jobs
82571829	de.sza-online
82571877	de.szallies
82571899	de.szardien
82572333	de.szene-ahrensburg
82572637	de.szenekultur
82574277	de.t-c-e
82574456	de.t-green
82574567	de.t-k-j
82574794	de.t-online
82575335	de.t1p
82575998	de.ta2dk
82576536	de.tabea-fachklinik
82577302	de.tabularasamagazin
82577456	de.tacheles-sozialhilfe
82577733	de.tacklefever
82578825	de.taetigehilfe-hh
82579277	de.tafelfreuden-biocatering
82579565	de.tag-der-demokratie-geschichte
82579686	de.tag-der-staedtebaufoerderung
82579747	de.tag-des-mittelstands
82579751	de.tag-des-offenen-denkmals
82579837	de.tag24
82579893	de.tagbote
82579942	de.tagderjuedischenkultur
82579994	de.tagderstadtnaturhamburg
82580053	de.tagdeswissens
82580120	de.tageblatts
82580195	de.tagederindustriekultur
82580290	de.tagerechner-online
82580305	de.tages-pflege-hannover
82580566	de.tagesjournal
82580734	de.tagesmuetter-hamburg
82580976	de.tagesmutter-in-muenchen
82581799	de.tagespflege-villa-via-vita
82582204	de.tagseoblog
82582355	de.tagungen-im-landhotel
82582434	de.tagungshotel-alpenblick
82583185	de.taiger
82583497	de.taimakoo
82583893	de.tajof-india
82583966	de.takako-oishi
82584269	de.takemetogermany
82584317	de.takeoff-magazin
82584499	de.taklyontour
82584696	de.taktlos-online
82585319	de.talenthund
82585419	de.talentplus
82585443	de.talentrocket
82585650	de.taletamer
82585843	de.talisonline
82586257	de.tallshipfriends
82586611	de.tamagothi
82586630	de.tamalan-theater
82587266	de.tamisblog
82587314	de.tamm-und-meier
82587423	de.tampentrekker-hamburg
82587516	de.tamstheater
82587753	de.tandem-hamburg
82587774	de.tandem-muenchen
82587950	de.tandlerhans
82587978	de.tandoori-hut
82588309	de.tango-chocolate
82588502	de.tango-vagabundo
82588637	de.tangokalender-hamburg
82588762	de.tangosociety
82588964	de.tanis-berlin
82589017	de.tanja-banner
82589080	de.tanja-fischer-photography
82589399	de.tanja-viessmann
82589721	de.tanjapraske
82590017	de.tank-deutschland
82590196	de.tankhof-braun
82590379	de.tankservice-karlsruhe
82590411	de.tankstelle-brandshof
82590841	de.tannenhof-hohnsbehn
82591454	de.tantepanadas
82591465	de.tantepop
82591605	de.tantra-refugium
82591855	de.tanz-bei-schwarz
82591869	de.tanz-bruecke
82592017	de.tanz-muenchen
82592041	de.tanz-quelle
82592424	de.tanzbueromuenchen
82592689	de.tanzen-im-muldental
82593028	de.tanzflair
82593182	de.tanzhans
82593399	de.tanzkreuzfahrten
82593586	de.tanznetz
82593592	de.tanznord
82593636	de.tanzparterre
82594077	de.tanzschule-hinkelbein
82594152	de.tanzschule-l33
82594235	de.tanzschule-muenchen-dt
82594480	de.tanzschule-weiland
82594950	de.tanzstudio-lara
82594953	de.tanzstudio-letas
82595109	de.tanztendenz
82595244	de.tanztriennale
82595361	de.tanzwerk-muenchen
82595799	de.tapagirl-berlin
82596106	de.tapeten-bock-bs
82597903	de.targettalk
82598230	de.tarifo
82598326	de.tarifvertrag-online
82598453	de.tarmstedt
82599527	de.taskforcefgm
82600148	de.tassenkuchenblog
82601362	de.tastenfeuer
82601928	de.tastetheworld
82603319	de.tatendrang
82603916	de.tatortsteuern
82604026	de.tattoo-bewertung
82605052	de.taubenloft
82605074	de.taubenschlag
82605153	de.tauber-solar
82605160	de.tauberbischofsheim
82605282	de.taubhorn
82605289	de.taublog
82605801	de.taucherarzt-berlin
82606227	de.tauchsport-glaesser
82606536	de.taufkirchen
82606609	de.tauleo
82606991	de.taunusstein-lokal
82608591	de.taxen-union-hamburg
82608648	de.taxi-15111
82608685	de.taxi-agentur
82608808	de.taxi-bayern
82608832	de.taxi-betrieb-wedding
82609237	de.taxi-goch
82609436	de.taxi-in-stralsund
82609680	de.taxi-magazin
82610230	de.taxi-stamme
82610315	de.taxi-tonn
82610439	de.taxi-westpark
82610541	de.taxi211211
82610558	de.taxi24for7
82610631	de.taxiadler-unna
82610761	de.taxicenter-muenchen
82610837	de.taxiforum
82610840	de.taxiforum-luebeck
82610904	de.taxihamburg
82610937	de.taxiintuebingen
82611137	de.taxirechner
82611182	de.taxiruf-offenbach
82611201	de.taxiruf441011
82611337	de.taxiteam-harburg
82611405	de.taxivereinigung-hamburg
82611578	de.taxos-software
82611641	de.taxucations
82611826	de.taz
82612006	de.tb-guide
82612622	de.tbli
82612726	de.tbo-versicherungsmakler
82613131	de.tc
82613400	de.tc-blau-gelb-hamburg
82613892	de.tc-geretsried
82615101	de.tc-schwabing
82615336	de.tc-umzuege
82617446	de.tcrh
82617756	de.tcvolksdorf
82617999	de.td42
82618527	de.tdub
82618903	de.teachsam
82619162	de.team-arbeit-hamburg
82620054	de.team-laurien-alex
82620760	de.team-tarantula
82620801	de.team-timmermann
82621194	de.team79
82621290	de.teamazing
82622169	de.teammuenchen
82622210	de.teamnushu
82623019	de.teamwaermepumpen
82623024	de.teamwalk
82623207	de.teamworks-gmbh
82623922	de.tech-aktuell
82624201	de.techanzeiger
82624225	de.techbanger
82624421	de.techfacts
82624507	de.techhilfe-hamburg
82624590	de.techkrams
82624764	de.techni-translate
82625200	de.technikaffe
82625322	de.technikerschule-muenchen
82625523	de.technikquatsch
82626141	de.technologer
82626186	de.technologiebox
82626633	de.techpresse
82626720	de.techsonar
82626943	de.techzeitgeist
82629124	de.teestube-komm
82629194	de.teetz-bau
82629375	de.teg-sv
82629398	de.tegas-wurzen
82629580	de.tegernseer-badmanufaktur
82629615	de.tegernseer-tal-tourismus
82629626	de.tegernseerstimme
82630184	de.teichwiesen
82630609	de.teiln
82630725	de.teilzeitreisender
82630881	de.tek0
82630882	de.tek1
82630886	de.tek4
82631118	de.tekola
82631351	de.telco-stammtisch
82631439	de.tele-energie
82631552	de.teleauskunft
82631809	de.telefon-treff
82631884	de.telefonassistent
82631906	de.telefonbuch
82631922	de.telefonbucheintrag
82631929	de.telefonbuchverlag-potsdam
82632461	de.telefreizeit
82632764	de.teleinternetcafe
82632813	de.telekanzlei
82633426	de.telekom-senioren-essen
82633469	de.telekom-stiftung
82634269	de.telemarie
82634366	de.telemassaker
82636406	de.telespiegel
82636709	de.teletrans
82637491	de.tell-info
82637509	de.tell-online
82637726	de.tellows
82637844	de.telos
82637854	de.telos-verlag
82637896	de.telse-hansen
82638243	de.temmels
82638381	de.tempel-muenchen
82638434	de.tempelhof-schoeneberg-zeitung
82638785	de.templin-thiess
82638864	de.tempoflat
82638925	de.temporaryart
82638969	de.temps
82639030	de.tempus-muenchen
82639140	de.ten-y
82639164	de.tenahead
82639316	de.tenderzen
82639535	de.tengen
82639604	de.teningen
82639820	de.tennis-bremen-borgfeld
82640202	de.tennis-markelsheim
82640468	de.tennis-stories
82641930	de.tennisschwabing
82642194	de.tenorissimo
82642810	de.teppich-concept
82642905	de.teppich-ryan
82642924	de.teppich-suntrup
82643051	de.teppichgalerie-isfahan
82643241	de.teppichreinigung-nord
82643256	de.teppichreinigung-sommer
82643264	de.teppichreinigung-tonollo
82643739	de.tereg
82644275	de.termine
82644312	de.termine-reservieren
82644368	de.terminland
82644429	de.terminsvertretung
82644469	de.termios
82644663	de.terra-blog
82644819	de.terra-mater
82645135	de.terraelements
82645158	de.terrafinanz
82645497	de.terrarien-freunde-hamburg
82645906	de.terrassenschnaeppchen
82645933	de.terrassenueberdachung-mit-montage
82646159	de.terrestris
82646864	de.teslaclub-germany
82646880	de.teslamag
82647428	de.test-wasser
82647621	de.testberichte
82647794	de.testefreizeitparks
82647965	de.testhexen
82648047	de.testjetzt
82648054	de.testkalender
82648168	de.testoev
82648628	de.testtermin
82648707	de.testwatch
82648931	de.testzentrum-wartenberg
82648967	de.tesu-umzug
82649019	de.teteaporter
82649034	de.tetenbuell
82649375	de.teucher-marcel
82649635	de.teulux
82649945	de.teutonia10
82650174	de.tewin
82650927	de.textaussage
82650985	de.textbroker
82651178	de.textem
82651251	de.texterella
82651325	de.textezuhamburg
82651392	de.textfuss
82651860	de.textilekonzepte
82652211	de.textilpflege-wille
82652528	de.textinitiative-fukushima
82652913	de.textschnittstelle
82653030	de.textundblog
82653076	de.textundwert
82653261	de.textzicke
82654506	de.tga-effizienz
82654567	de.tga-praxis
82654847	de.tggaa
82654876	de.tghamburg
82654923	de.tgimmobilien-luebeck
82655000	de.tgm-gonsenheim
82655562	de.th-deg
82655578	de.th-eilbeck
82655624	de.th-h
82655655	de.th-koeln
82655714	de.th-nuernberg
82655759	de.th-rosenheim
82655857	de.tha
82656110	de.thai-massage-eggers
82656161	de.thai-massage-nong
82656592	de.thailand-villa
82657093	de.thaining
82657318	de.thalau-relations
82657498	de.thalia-theater
82659004	de.thc-hornhamm
82661202	de.the-british-shop
82662501	de.the-duesseldorfer
82662675	de.the-flag
82662692	de.the-flying-condors
82663032	de.the-hostess
82663178	de.the-kingfishers
82663772	de.the-playbook
82664227	de.the-stadium
82664791	de.theactivistsguide
82664881	de.thealit
82665626	de.theater
82665965	de.theater-das-zimmer
82666010	de.theater-des-westens
82666354	de.theater-hochx
82666391	de.theater-im-glien
82666423	de.theater-im-oeffentlichen-raum
82666437	de.theater-im-schlosskeller
82666563	de.theater-kallesroadshow
82666882	de.theater-neue-flora
82667924	de.theaterbueromuenchen
82668154	de.theaterfabrik-muenchen
82668920	de.theaterineutin
82669305	de.theatermanagement-aktuell
82669665	de.theaterrlp
82669883	de.theatersprachcamp
82670101	de.theateruebersetzen
82670386	de.theaterviellaermumnichts
82670536	de.theaterzeithamburg
82671089	de.thebetterdays
82671812	de.thecoach-koeln
82672292	de.thediaryofd
82674087	de.thegreatnorth-hotel
82674208	de.theguitarschool
82674688	de.theinformationlab
82674803	de.theisel-j
82675120	de.thekielnews
82675396	de.theletsmen
82675723	de.thema1
82675960	de.themen-blog
82676063	de.themennetzwerke
82676380	de.themunichpost
82676381	de.themunichshow
82676548	de.thenhart
82676806	de.theoblog
82676881	de.theodor-haubach-schule
82677153	de.theologie-und-kirche
82677214	de.theologisches-studienseminar
82677369	de.theorieblog
82677850	de.thepoetryproject
82678292	de.theramia
82678597	de.therapie
82678600	de.therapie-5elements
82678933	de.therapie-gern
82678963	de.therapie-haeusler
82678965	de.therapie-hagen
82679006	de.therapie-hh
82679444	de.therapie-schwarz
82679448	de.therapie-schwinn
82679459	de.therapie-shiatsu
82679545	de.therapie-uhlig
82679892	de.therapiehund-maja
82679939	de.therapieinhamburg
82679994	de.therapiemesse-muenchen
82680057	de.therapiepraxis-beltran
82680160	de.therapiepunkt
82680214	de.therapieraumhamburg
82680696	de.therapiezentrum-korte
82681180	de.theraversum
82681576	de.therese-giehse-realschule
82681963	de.therme-in-der-naehe
82682300	de.thermodirekt
82682946	de.thesamplers
82682993	de.theschool
82683369	de.theso
82683674	de.thesuites
82683886	de.thetawelle
82684838	de.thevacationworld
82684984	de.thevolcanoes
82685294	de.thewollium
82685575	de.thg-goettingen
82686252	de.thieme
82686502	de.thies-haverkamp
82686920	de.thing-hamburg
82686945	de.thinglabs
82687039	de.think-fitness
82687688	de.thishotel
82687903	de.thkas-moba
82688964	de.thomas-friese
82689484	de.thomas-knaus
82689874	de.thomas-numberger
82690251	de.thomas-sinn-immobilien
82690573	de.thomas-wrage
82690757	de.thomasblechschmidt
82691000	de.thomasfeltes
82691343	de.thomashuck
82691368	de.thomasius
82691899	de.thomaspawlitzki
82692035	de.thomasrosin
82692120	de.thomasschoo
82692572	de.thomm-online
82692856	de.thonhausen-freund
82693109	de.thorejensen
82693118	de.thorerlehen
82693215	de.thorn-arbeitsrecht-muenchen
82693243	de.thornet
82693445	de.thorsten-kausch
82693456	de.thorsten-knabe
82693516	de.thorsten-peters
82694510	de.threebestrated
82694669	de.thriene
82694864	de.thru
82694960	de.ths-offenbach
82695221	de.thueringen-digital
82695408	de.thueringer-beamtenbund
82695487	de.thueringer-gebaeudeverwaltung
82695612	de.thueringer-rechnungshof
82695809	de.thuermer-tours
82696086	de.thunderbike
82696953	de.thw-muenchen-mitte
82697825	de.tibarg
82698330	de.tichyseinblick
82698583	de.ticketfritz
82698982	de.tid-immoverwaltung
82699048	de.tidenet
82699170	de.tiedeke
82699203	de.tiedemann-vermessung
82699508	de.tiefbohren-graf-klett
82699543	de.tiefegeothermie
82699581	de.tiefenbacher-insolvenzverwaltung
82699586	de.tiefenbacherwinzergemeinschaft
82699684	de.tiefenschaerfe
82699782	de.tiefgaragenhelden
82700325	de.tier-parks
82700597	de.tieraerztekammer-hamburg
82700690	de.tieraerztin-mannheim
82700922	de.tierarzt-auf-raedern
82701150	de.tierarzt-busch
82701291	de.tierarzt-driessen
82701486	de.tierarzt-glinde
82702139	de.tierarzt-ms
82702154	de.tierarzt-muenchen-innere
82702585	de.tierarzt-schmidt-nu
82703033	de.tierarztbergedorf
82703111	de.tierarztleipzig
82703257	de.tierarztpraxis-am-millerntor
82703555	de.tierarztpraxis-bruckmuehl
82703592	de.tierarztpraxis-butzbach
82704168	de.tierarztpraxis-heubeck
82704336	de.tierarztpraxis-kania
82705042	de.tierarztpraxis-reuter
82705282	de.tierarztpraxis-sibylledeuker
82705485	de.tierarztpraxis-usedom
82705593	de.tierarztpraxis-welz
82706590	de.tierenzyklopaedie
82706863	de.tierfreunde-taunusstein
82707026	de.tiergaerten
82707386	de.tierheilpraktiker-arndt
82707396	de.tierheilpraktiker-bremer
82707539	de.tierheilpraxis-3felle
82708306	de.tierheilpraxis-weltersbach
82708732	de.tierheim-ostermuenchen
82709509	de.tierische-tipps
82710089	de.tierliebe-hund
82711597	de.tierrechte
82711771	de.tierscherzgebiet
82711805	de.tierschutz-bad-nauheim
82711852	de.tierschutz-erkrath
82712107	de.tierschutzbund
82712207	de.tierschutzpartei
82712787	de.tiertafelhamburg
82712956	de.tiertipp24
82714329	de.tikamana
82714331	de.tikamtibarg
82714519	de.tikvahinstitut
82714848	de.till-westermayer
82714938	de.tillglaeser
82715165	de.tillsteffen
82715319	de.tilmanhuebner
82715407	de.tilo-hensel
82715750	de.tim-muenchen
82715764	de.tim-ong
82715828	de.tim-schmuckall
82715857	de.tim-stoberock
82716771	de.timehouse
82718156	de.timo-hamburg-umland
82718177	de.timo-jann-bau
82718248	de.timo-rieg
82718265	de.timo-schrader
82718324	de.timobaumann
82718730	de.timothykahler
82719000	de.timsieberpolitik
82719356	de.tina-lilian
82719530	de.tinabhh
82719600	de.tinagadow
82719741	de.tinameier
82720439	de.tinkarchiv
82720490	de.tinkerbelle-werbeagentur
82720648	de.tinnitus-muenchen
82721265	de.tinto
82721391	de.tiny-house-verband
82721439	de.tiny-tool
82721519	de.tinyfarms
82721687	de.tinypopup
82722310	de.tippland
82722358	de.tipps-archiv
82722368	de.tipps-for-trips
82722402	de.tipps-muenchen
82722417	de.tipps-tricks-kniffe
82722456	de.tippscout
82723168	de.tisch-ingbuero
82724003	de.tischlerei-behn
82724070	de.tischlerei-bischoff
82724273	de.tischlerei-dehner
82724813	de.tischlerei-heine-magdeburg
82725242	de.tischlerei-kracke
82725413	de.tischlerei-loering
82726084	de.tischlerei-schneider-ruehen
82726664	de.tischlerei-wuellner
82727342	de.tischtennis-bramfeld-1929
82727415	de.tischtennis-in-muenchen-ost
82728187	de.titelschutz-magazin
82728225	de.titisee-neustadt
82728400	de.titus-beratung
82728438	de.titus-waldenfels
82728579	de.tivo-berlin
82729005	de.tjjv
82729085	de.tk
82729180	de.tk-dachservice
82729211	de.tk-elektrotechnik-ol
82729261	de.tk-gisbertz
82729558	de.tka-koebele-akkutechnik
82729907	de.tkh-supermarkt
82730271	de.tksom
82730287	de.tksworld
82731814	de.tmlaw
82732622	de.tmxreisen
82733069	de.tnb-travel
82734214	de.tnt3dprint
82734585	de.toa-servicebuero
82734853	de.tobekatzen
82735048	de.tobias-braendle
82735729	de.tobiasdaniel
82735892	de.tobiasherz
82736038	de.tobiasmaasland
82737247	de.toechterdesaufbruchs
82737316	de.toegel-web
82737563	de.toenning
82737633	de.toepfer
82737666	de.toepfer-stiftung
82738125	de.toerteli-immobilienbewertung
82739378	de.tolkcast
82739437	de.toll-betreuung
82739662	de.tollerort-hamburg
82739855	de.tolstoi
82739990	de.tom-fahrdienste
82740253	de.tom-tailor
82740822	de.tomburg-forschung
82740910	de.tomduval
82741107	de.tomhinzmannspd
82741768	de.tomontour
82742068	de.toms-personaltraining
82742081	de.toms-racingworld
82742435	de.tomundhilde
82742708	de.tonali
82744040	de.tonkuenstler-muenchen
82744209	de.tonnikum
82744612	de.tontrix
82745063	de.toolbox-regionalparks
82745155	de.toolkit-digitalisierung
82745441	de.toool
82745523	de.top-10-liste
82745773	de.top-dj-muenchen
82745815	de.top-elternblogs
82746045	de.top-hotels-und-restaurants
82746191	de.top-magazin-berlin
82746200	de.top-magazin-hamburg
82746518	de.top-seminarhotels
82747054	de.top50startups
82747122	de.topagemodel
82747151	de.topalpha
82747317	de.topblogs
82747682	de.topfgucker-tv
82748549	de.topografie-transfer-politische-bildung
82748644	de.topos-planung
82748799	de.toppoint
82749159	de.topsportvereine
82749210	de.topsubmit
82749857	de.torbens-web
82750233	de.torhauskantine
82750893	de.torsten-christoph
82751258	de.torstenmeise
82751332	de.torstenstapelkamp
82751913	de.torwo
82752486	de.total-autoexport
82752543	de.total-lokal
82753432	de.touchyou
82753507	de.toulouse
82753801	de.toureal
82754381	de.tourismus-stormarn
82754511	de.tourismusmarketing-digital
82754648	de.tourispo
82755019	de.tourliebhaber
82755205	de.toushenne
82755347	de.tower-assist
82755507	de.town-express
82755521	de.townadventure
82755729	de.toxikologie
82756171	de.toyota-supra
82756862	de.tp-presseagentur
82757550	de.tpt
82758317	de.trace-center
82758526	de.trachten24
82758541	de.trachtendirndl
82758841	de.trachtenverband-bayern
82758884	de.trachtenverein-bruckmuehl
82758978	de.trachtenverein-menzing
82759245	de.trackdesk
82759369	de.tracksandthecity
82759727	de.tradenova-dienstleistung
82760225	de.traditionelle-europaeische-medizin
82760352	de.traditionsverband285
82760444	de.traduco
82760449	de.traductor-jurado-alemania
82760462	de.traduset
82760521	de.traegerverbund-innenstadt
82760627	de.traeumen-mit-herz
82761327	de.tragweite
82761361	de.tragwerkeplus
82761444	de.trail-pfoten
82761687	de.trailpark-kiel
82761712	de.trailrunnersdog
82761747	de.trails4friends
82761935	de.trainee-baubranche
82761962	de.trainer-baade
82762256	de.training-hilft
82763807	de.trans-inter-beratungsstelle
82763843	de.trans-miriquidi
82764090	de.transbwg
82764122	de.transcom-europa-logistik
82764261	de.transfer-21-hh
82764309	de.transfer-politische-bildung
82764390	de.transferinitiative
82764431	de.transferprint
82764542	de.transform-magazin
82764873	de.transgen
82764941	de.transhealth-muenchen
82764999	de.transistornet
82765023	de.transit-magazin
82765450	de.transmann
82765613	de.transparency
82765619	de.transparent-beraten
82765649	de.transparente-demokratie
82765717	de.transparenzgesetz-mv
82765718	de.transparenzgesetz-nds
82765916	de.transport-news24
82765968	de.transport24-umzuege
82766029	de.transportbranche
82766414	de.transportrecht-muenchen
82767469	de.trattoria-porto-cervo
82767702	de.trau-dich
82767771	de.traub-gruenwald
82768537	de.trauermantel
82769398	de.traum-verleih
82769509	de.trauma-und-sucht
82769624	de.traumalbum
82769716	de.traumatherapie-anne-weiss-muenchen
82769736	de.traumatherapie-ferenczy
82769746	de.traumatherapie-grassme
82769911	de.traumberuf-messe
82770132	de.traumferienhaus-plauer-see
82770461	de.traumimmo
82770720	de.traumorte-entdecken
82771058	de.traumunterreet
82771071	de.traumurlaub-cuxhaven
82771325	de.traunstein-news
82771403	de.trauredner-gluecksmomente
82772089	de.travanto
82772098	de.trave
82772156	de.travekids
82772222	de.travel-dogs
82772224	de.travel-du
82772384	de.travel-tipps
82772445	de.travel4med
82772456	de.traveladdiction
82772537	de.travelblogging
82772778	de.travelingtheworld72
82772816	de.traveljunkyz
82772871	de.travellersarchive
82772873	de.travellersdelight
82773039	de.traveloptimizer
82773065	de.travelpicture24
82773120	de.travelsanne
82773135	de.travelseeker
82773156	de.travelslam
82773225	de.travelty
82773259	de.travelworklive
82773264	de.travelworldonline
82773309	de.travemuende-tourismus
82774104	de.tree-solution
82774189	de.treehouse-kids
82774210	de.treelax
82774246	de.treenecamp
82774313	de.treetex
82774388	de.treff-mosaik
82774707	de.treffpunkt-kommune
82774805	de.treffpunkt-philosophie
82774939	de.treffpunkt55plus
82775127	de.treibauf-band
82775285	de.treibholz-geiseltalsee
82775433	de.treitschke-zwickau
82775566	de.trekkingguide
82775679	de.trellisterium
82775862	de.trend-e-zine
82776008	de.trend-update
82776357	de.trendjam
82776421	de.trendlogik
82776523	de.trendposten
82776595	de.trends2move
82777686	de.treppenlift-vergleich
82777735	de.treppenliftpilot
82777878	de.treptow-koepenick-zeitung
82778041	de.tresolution-energy
82778621	de.tretroller-magazin
82778640	de.tretrollerwandern
82778711	de.treu-wert-duesseldorf
82778891	de.treuhand-hochrhein
82778992	de.treuratiogmbh
82779444	de.tria-seligenstadt
82780148	de.triathlonhamburg
82781589	de.triebhof
82782200	de.trierer-umschau
82783756	de.trillen
82783987	de.trimex-gmbh
82784250	de.trinitatiskirche-chemnitz
82785061	de.triohilaris
82785327	de.tripada-wuppertal
82785329	de.tripada-yoga-ehrmanntraut
82785330	de.tripada-yoga-hendrichs
82785407	de.tripl3leader
82785777	de.trips4kids
82786954	de.triteamhamburg
82787430	de.trittau-wiki
82788876	de.trixitumert
82789255	de.trock24
82789346	de.trockenbau-bunge-binz
82789530	de.trockenbau-panarat-braunschweig
82789715	de.trockenbautoprak
82789904	de.trockenlegung-hannover
82790007	de.trocknerbereich
82790018	de.trocknung-24
82790405	de.troger-apotheke-muenchen
82790479	de.troisdorf-lokal
82790596	de.trojerhof
82790707	de.trolley-portal
82790709	de.trolley-tourist
82791209	de.trompetenunterricht-muenster
82791431	de.tropeninstitut
82791754	de.tropos
82791868	de.trost-steuerberatung
82791890	de.trostberg
82792726	de.truckgate
82792763	de.truckonline
82792945	de.trudering
82792946	de.trudering-riem
82792948	de.truderinger
82792951	de.truderinger-kulturkreis
82792960	de.truderingimwandel
82793436	de.truemper-immobilien
82794136	de.truffls
82794161	de.trufitnessoutdoor
82795531	de.trustlocal
82795584	de.trustpromotion
82795594	de.trustsiegel
82795610	de.trustumzug
82795714	de.truxi
82795931	de.tryseo
82795950	de.trytrytry
82797166	de.tsc-europa
82797332	de.tsc-poseidon-muenchen
82797552	de.tschaikowsky-saal
82797646	de.tschechisch-service
82797920	de.tschuess-kohle
82798298	de.tsg-bergedorf
82798694	de.tsg-stadtbergen
82798721	de.tsg-trier-biewer
82799661	de.tss-logistik
82800019	de.tsv-altenwal
82800303	de.tsv-braunsbach
82800719	de.tsv-frommern
82800887	de.tsv-grosshadern
82801412	de.tsv-leuna-fussball
82801763	de.tsv-oberensingen
82802098	de.tsv-sarau
82802310	de.tsv-steinbach
82802325	de.tsv-stellingen
82802539	de.tsv-waldtrudering
82802590	de.tsv-weisstal
82802715	de.tsv-zornheim
82802770	de.tsv1860
82802853	de.tsv1899dromersheim
82803076	de.tsvcarlsdorf
82803159	de.tsvek
82803879	de.tsvwandsetal
82805085	de.ttc-finow
82805286	de.ttc-muenchen
82805350	de.ttc-protesia
82805484	de.ttc-waldhaus
82805852	de.ttf-neuzelle
82806515	de.ttsf-hohberg
82807002	de.tu-berlin
82807008	de.tu-braunschweig
82807021	de.tu-chemnitz
82807031	de.tu-darmstadt
82807045	de.tu-dortmund
82807051	de.tu-dresden
82807103	de.tu-muenchen
82807140	de.tu-was-hamburg
82807663	de.tucholsky-gesellschaft
82807860	de.tuebingen
82807901	de.tuebingen-suedstadt
82807956	de.tuebinger-linke
82808200	de.tuepedia
82808596	de.tuerkenrat-muenchen
82808597	de.tuerkenschule
82808764	de.tuermerinvonmuenster
82808835	de.tuersprechanlage-beratung
82808972	de.tuev-media
82808979	de.tuev-nord
82809072	de.tufast-racingteam
82809229	de.tuhh
82809347	de.tuina-hamburg
82809449	de.tukan-kreis
82809681	de.tulpe-production
82809710	de.tulpentopf
82809728	de.tulua
82809737	de.tum
82810214	de.tumorzentrum-muenchen
82810252	de.tumthinktank
82810673	de.tundg-lkw
82812344	de.tuningen
82812920	de.tunix-openair
82813054	de.tunnelaktion
82813434	de.tuntopia
82814039	de.turbodeutsch
82814380	de.turgaer
82815202	de.turner-schule
82815283	de.turnfest
82815287	de.turnfest-muenchen
82815413	de.turnhalle-hh
82816249	de.tus-bad-driburg-fuba
82816854	de.tus-lindenholzhausen
82817026	de.tus-osdorf
82817555	de.tusch-hamburg
82817688	de.tusfinkenwerder
82817976	de.tuspo-handball
82818162	de.tuswiescherhoefen
82818248	de.tutech
82818306	de.tutonaut
82818668	de.tuwas-deutschland
82818816	de.tuxradio
82819403	de.tv-fischbek
82820237	de.tv-ochsenbach
82820804	de.tv-waldenburg
82821118	de.tv2
82821291	de.tvb-steuer
82821722	de.tvfischbek
82822121	de.tvist
82822183	de.tvjestetten
82822358	de.tvluke
82822688	de.tvpecee
82822843	de.tvs-com
82823618	de.twc
82824532	de.twingotuningforum
82825040	de.twkom
82825419	de.twojapolonia24
82825590	de.twotribes
82826105	de.tyczka-energy
82826139	de.tyfudewo
82826147	de.tygodnik
82826218	de.tymia
82826547	de.typisch-hamburch
82827251	de.tyskret
82827684	de.tzk-kleve
82827811	de.tzw-muenchen
82827878	de.u-bahnsicherheit
82827972	de.u-dl
82827977	de.u-drive
82828202	de.u-r-rennert
82828317	de.u-voss
82828461	de.u25-berlin
82828463	de.u25-deutschland
82828464	de.u25-dortmund
82828466	de.u25-dresden
82828467	de.u25-emsland
82828468	de.u25-freiburg
82828469	de.u25-gelsenkirchen
82828470	de.u25-hamburg
82828472	de.u25-muenster
82828475	de.u25-paderborn
82829053	de.uav-hamburg
82829965	de.ubahnbau-muenchen
82830097	de.ubb
82830254	de.ubbser-haeschenbande
82830506	de.ubenke
82830892	de.ubermorgenlabor
82832266	de.ubo9
82832428	de.ubs-tax
82832542	de.ubuntuusers
82832627	de.uc-bayern
82832630	de.uc-bw
82832713	de.ucb-hamburg
82833408	de.udk-berlin
82833576	de.udo-leuschner
82834407	de.ueberallistesbesser
82834531	de.uebergabe
82834545	de.uebergangschuleberuf
82834736	de.uebermedien
82834750	de.uebermorgen-programm
82835005	de.uebersetzer-mannheim
82835037	de.uebersetzerin-franzoesisch
82835041	de.uebersetzerin-leipzig
82835196	de.uebersetzungen-rosinowa
82835311	de.uebersetzungsdienst-de-ru
82835374	de.uebersteiger
82835389	de.uebertrittbayern
82835568	de.ueckendorf-aktuell
82835817	de.uelzen
82836408	de.uferloos
82836443	de.uferstrasse
82836893	de.ufu-muenchen
82836907	de.ufuq
82836926	de.ufz
82837516	de.uher
82837548	de.uhh
82837760	de.uhlenbrock-immobilien
82837771	de.uhlendorff-projekte
82837835	de.uhlhorn-dienstleistungen
82837840	de.uhlhorns
82839162	de.uhtenwoldt
82839482	de.uiuiuiuiuiuiui
82839683	de.uk-nord
82839854	de.uke
82839855	de.uke-alumni
82839866	de.uke-io
82839930	de.ukh
82839956	de.ukikrippe
82840199	de.ukrainechor
82840263	de.ukrainianingermany
82840274	de.ukrainisch-uebersetzer
82840303	de.ukrainskagazeta
82840329	de.ukrus-tran
82840621	de.ula
82841210	de.uli-arndt
82841439	de.uliglaserdesign
82841994	de.ullascharfenberg
82842050	de.uller-winterdienst
82842593	de.ulm
82842975	de.ulmer-schluesseldienste
82843103	de.ulmlokal
82843532	de.ulrich-menzel
82843710	de.ulrich-trebbin
82843728	de.ulrich-von-kusserow
82843730	de.ulrich-vosgerau
82843947	de.ulrichkurz
82844142	de.ulrichwiesner
82844234	de.ulrike-brandi
82844238	de.ulrike-breunig
82844515	de.ulrike-peetz
82844703	de.ulrikearabella
82844719	de.ulrikebergermann
82844776	de.ulrikefruehwald
82848276	de.umad
82848377	de.umart
82848463	de.umbaustadt
82848494	de.umblaetterer
82848630	de.umco
82848748	de.umeme-magazin
82848816	de.umfis
82849088	de.umingo
82849174	de.umkreis-institut
82849330	de.ummelden
82849405	de.umparken-schwabing
82849726	de.umsetzungsbegleitung-bthg
82849957	de.umtl-umzug
82850158	de.umwelt-campus
82850184	de.umwelt-fair-aendern
82850204	de.umwelt-im-unterricht
82850275	de.umwelt-suche
82850301	de.umwelt-watchblog
82850308	de.umwelt-whistleblower
82850346	de.umweltanalytik-hamburg
82850383	de.umweltberatung-nord
82850398	de.umweltbewusst-bauen
82850413	de.umweltbildung
82850419	de.umweltbildung-bremen
82850472	de.umweltbrief
82850488	de.umweltbuero-weissensee
82850489	de.umweltbund
82850492	de.umweltbundesamt
82850555	de.umwelterziehung
82850563	de.umweltfairaendern
82850660	de.umweltgutachter
82850794	de.umweltministerkonferenz
82850820	de.umweltpartnerschaften
82850864	de.umweltprojekte-nord
82851082	de.umwelttisch
82851185	de.umziehen
82851210	de.umzuege
82851248	de.umzuege-brandlmeier
82851424	de.umzuege-nah-und-fern
82851515	de.umzuege-stefanklein
82851526	de.umzuege-stutz
82851530	de.umzuege-teichert
82851646	de.umzug-blum-hamburg
82851723	de.umzug-ganzeinfach
82851741	de.umzug-hamburg-bewernick
82851742	de.umzug-hamburg24
82851809	de.umzug-kreider
82851849	de.umzug-mit
82851868	de.umzug-muenchen-bayern
82851881	de.umzug-neumann-muenchen
82852022	de.umzug-wolf-hamburg
82852087	de.umzugmanders
82852103	de.umzugprime
82852155	de.umzugsblog
82852208	de.umzugsfirma-berlin
82852451	de.umzugshelferberlin
82852566	de.umzugslogistik-meier
82852663	de.umzugsprofi-fischer-hamburg
82852671	de.umzugsprofi-hamburg
82852679	de.umzugsprofi-kruemmel-hamburg
82852682	de.umzugsprofi-lenz-muenchen
82852708	de.umzugsrabatt
82852709	de.umzugsratgeber
82852717	de.umzugsservice-bayern
82853154	de.una-hakra
82854157	de.underdoghotels
82854224	de.underground-racing
82854534	de.undmang
82854710	de.unendlich-viel-energie
82854773	de.unerhoert-filmfest
82854819	de.unerwuenschte-wahrheiten
82854828	de.unesco
82855658	de.ungarnurlaub
82855852	de.unger-rechtsanwaelte
82856207	de.uni
82856237	de.uni-augsburg
82856241	de.uni-bamberg
82856253	de.uni-bayreuth
82856262	de.uni-bielefeld
82856281	de.uni-bonn
82856290	de.uni-bremen
82856346	de.uni-due
82856393	de.uni-flensburg
82856405	de.uni-frankfurt
82856415	de.uni-freiburg
82856438	de.uni-goettingen
82856443	de.uni-greifswald
82856460	de.uni-halle
82856464	de.uni-hamburg
82856469	de.uni-hannover
82856490	de.uni-heute
82856494	de.uni-hildesheim
82856526	de.uni-jena
82856540	de.uni-kassel
82856554	de.uni-kindergarten
82856573	de.uni-koeln
82856600	de.uni-leipzig
82856615	de.uni-luebeck
82856625	de.uni-mainz
82856628	de.uni-mannheim
82856629	de.uni-marburg
82856655	de.uni-muenchen
82856657	de.uni-muenster
82856691	de.uni-oldenburg
82856692	de.uni-online
82856695	de.uni-osnabrueck
82856708	de.uni-passau
82856719	de.uni-potsdam
82856744	de.uni-regensburg
82856755	de.uni-rostock
82856761	de.uni-saarland
82856790	de.uni-speyer
82856808	de.uni-stuttgart
82856836	de.uni-trier
82856841	de.uni-tuebingen
82856847	de.uni-ulm
82856866	de.uni-weimar
82856883	de.uni-wuerzburg
82856886	de.uni-wuppertal
82857018	de.unibw
82857086	de.unicards
82857136	de.unicef
82857209	de.unico-singen
82857600	de.uniflott-reinigung
82857843	de.unikasso
82858134	de.uniklinikum
82858142	de.uniklinikum-leipzig
82858172	de.unikorncatering
82858322	de.unimedizin-greifswald
82858467	de.uninetzpe
82859260	de.uniquedrinks
82859296	de.uniquelounge
82859390	de.unirents
82859560	de.unisono-muenchen
82859973	de.united-internet-media
82860044	de.united-secguardians
82860578	de.univativ-magazin
82860589	de.univention
82860682	de.universal-hausmeisterservice
82860792	de.universalclean
82860998	de.universellewahrheitenuebertodundsterben
82861054	de.universitaetssammlungen
82861143	de.universum-medienbildung
82861232	de.uniwunder
82861316	de.unkauf
82861591	de.unlimited-bodyart
82861916	de.uno-werbung
82862048	de.unplexit
82862245	de.uns-architektur
82862382	de.unser-altona
82862412	de.unser-bahnhof
82862448	de.unser-bogenhausen
82862471	de.unser-burgdorf
82862846	de.unser-luebeck
82862850	de.unser-lurup
82862987	de.unser-quartier
82863076	de.unser-stadtplan
82863133	de.unser-vaihingen
82863291	de.unsere
82863349	de.unsere-champions
82863412	de.unsere-grundrechte
82863520	de.unsere-messestadt
82863620	de.unsere-swn-unsere-waerme
82863709	de.unserebrd
82863984	de.unserlaechelnhilft
82864021	de.unsermassen
82864071	de.unserrechtbrauchtdich
82864107	de.unsertag
82864252	de.unsin-heizung
82864417	de.untenamhafen
82864471	de.unter-deutschland
82864489	de.unter-hamburg
82864614	de.unterbiberger
82864633	de.unterborn-entsorgung
82864667	de.unterdarchinger-musi
82864772	de.unterelbe
82864781	de.unterensinger-blasmusik
82864833	de.unterfoehring
82864891	de.untergrainswiesen
82865454	de.untermaierhofer
82865548	de.unternehmen-biologische-vielfalt
82865616	de.unternehmen-integrieren-fluechtlinge
82865940	de.unternehmensberatung-muenchen-fragner
82866134	de.unternehmensgruppe-schlamp
82866355	de.unternehmenswelt
82866383	de.unternehmer
82866561	de.unternehmeredition
82866623	de.unternehmerinfo
82866699	de.unternehmerkanal
82866725	de.unternehmerlexikon
82866806	de.unternehmerstammtisch-laim
82866837	de.unternehmertum
82866965	de.unterricht-digital
82866988	de.unterrichte-nachhilfe
82866993	de.unterrichtimwald
82867202	de.unterstroemt
82867297	de.unterulpoint
82867491	de.unterwegs-in-spandau
82867564	de.unterwegsinsachenkunst
82867631	de.unterwirt-eggstaett
82867732	de.untrouble
82867791	de.unverbissen-vegetarisch
82868273	de.uog-ev
82868284	de.uokg
82868285	de.uol
82868738	de.upcyclingboerse-hannover
82868798	de.update-seele
82869144	de.upistex
82869147	de.upj
82869262	de.upload-magazin
82869684	de.upstall
82869733	de.upsydaisy
82869743	de.uptech-energietechnik
82869934	de.ur
82870098	de.uralan
82870241	de.urbach
82870284	de.urban-alcove
82870377	de.urban-design-reader
82870380	de.urban-digital
82870448	de.urban-health
82870481	de.urban-kemmler
82870519	de.urban-matters
82870680	de.urban-types
82870682	de.urban-upcycling
82870721	de.urbana-moebel
82870774	de.urbanauth
82870821	de.urbancatalyst
82870871	de.urbandesire
82870891	de.urbane-architektur
82870900	de.urbane-gaerten
82870901	de.urbane-gaerten-muenchen
82870959	de.urbaneo
82871082	de.urbanground
82871110	de.urbanhof-reif
82871158	de.urbanista
82871172	de.urbanizers
82871199	de.urbanlife
82871200	de.urbanlife-eg
82871227	de.urbanmeanderer
82871328	de.urbanrocket
82871463	de.urbanuncut
82871909	de.urheberrecht-halle
82871948	de.urholz
82872068	de.urjo
82872158	de.urkundenportal
82872162	de.urkundenstelle
82872307	de.urlaub-am-staffelsee
82872424	de.urlaub-bayern-erlebnis
82872519	de.urlaub-busreisen
82872651	de.urlaub-gastgeber
82872664	de.urlaub-gosch
82872785	de.urlaub-im-rottal
82873211	de.urlaub-naturpark
82873403	de.urlaub-sonnenhof-mittenwald
82873819	de.urlaubinsicht
82873908	de.urlaubs-express
82874113	de.urlaubsguru
82874245	de.urlaubsnachrichten
82874296	de.urlaubspiraten
82874315	de.urlaubspunkt
82874376	de.urlaubsreisen-mega
82874495	de.urlaubsverzeichnis-online
82874910	de.uro-muc
82875041	de.urologe-bad-godesberg
82875582	de.urologie-hannover-listermeile
82875644	de.urologie-isartor
82875755	de.urologie-meyer-venter
82876387	de.ursdaun
82876496	de.urspringer
82876554	de.urstabbert
82876776	de.ursula-neumann
82876843	de.ursula-sowa
82877183	de.urteile-zum-winterdienst
82877184	de.urteilfinden
82877271	de.urval
82878993	de.usabilityblog
82879742	de.usbekistan-seidenstrasse
82880374	de.usedom-beachcup
82880983	de.usethenews
82881036	de.usfun-bowling
82881087	de.ush-umzug
82881130	de.usiart
82882046	de.utakoloczek
82883568	de.uts-germany
82883752	de.utzenfeld
82883783	de.utzverlag
82883828	de.uum-ac
82883867	de.uuurble
82884009	de.uva-trostberg
82884158	de.uvhh
82884213	de.uvm-hamacher
82884233	de.uvnord
82884244	de.uvp
82884249	de.uvp-portal
82884402	de.uw-versicherungsmakler
82884708	de.uwe-heger
82884952	de.uwe-projekt
82885086	de.uwe-stiftung
82885511	de.uwelilienthal
82885632	de.uwes-apartment-norderstedt
82885834	de.uwewiest
82886156	de.uwinsports
82886440	de.uxhh
82886584	de.uzbonn
82886909	de.v-h-w
82886938	de.v-i-r
82888076	de.vachroi-variable
82888351	de.vaeter
82888408	de.vaeterfuerkinder
82888430	de.vaeternotruf
82888496	de.vafev-kita
82888509	de.vafk-koeln
82888529	de.vag
82888611	de.vagabunt-agentur
82888641	de.vagen
82888908	de.vaillant
82889544	de.valentin-karlstadt-musaeum
82889546	de.valentin-kirchmann
82889900	de.valentum-kommunikation
82890006	de.valerie-jung
82890026	de.valerie-wilms
82890081	de.valeriewagner
82890629	de.valoni-bischberg
82892671	de.valyours
82892938	de.vamia-hundetraining
82893575	de.vamuki
82893600	de.vamv-muenchen
82895098	de.vanderberg-immobilien
82895669	de.vanessamohnke
82896038	de.vanille
82896975	de.vapetrade
82897129	de.var-traditionsgemeinschaft
82897155	de.varaneo
82897355	de.variadu
82897374	de.variant-haus-group
82897824	de.various-voices
82898034	de.varta-guide
82898112	de.varzil
82898125	de.vas-medicus
82898367	de.vasistdas
82898640	de.vaterfreuden
82898748	de.vaterstetten
82898749	de.vaterstetten-agenda21
82898789	de.vaterundsohnpodcast
82898827	de.vati-hilft
82898882	de.vattaunsa
82898883	de.vattenfall
82899231	de.vaybee
82899856	de.vbba-nrw
82899991	de.vbe-nrw
82900079	de.vbg
82900263	de.vbl-wiki
82900270	de.vblb-karriere
82900746	de.vc-allermoehe
82901017	de.vcd-ffb-sta
82901590	de.vcpc
82901872	de.vda-blog
82901916	de.vdaeae
82901934	de.vdaj
82901957	de.vdav
82902237	de.vdei
82902357	de.vdh
82902474	de.vdh-muenchen
82902715	de.vdiv-sa
82902722	de.vdj
82902731	de.vdk
82902798	de.vdkc
82902824	de.vdl-denkmalpflege
82902860	de.vdleyen
82902935	de.vdmd
82902955	de.vdmnw
82903072	de.vdpb-bayern
82903075	de.vdpb-praxisanleitung
82903207	de.vds-ev
82903267	de.vds-sulzbach
82903310	de.vdsg-bremen
82903313	de.vdsg-hh
82903332	de.vdskc
82903458	de.vdv-akademie
82903481	de.vdv-online
82903515	de.vdw-ev
82903556	de.vdwe
82903645	de.ve-muenchen
82903655	de.ve-strafrecht
82904215	de.veddel-aktiv
82904542	de.veeser-dombrowski
82904850	de.vegan-news
82905132	de.veganerezepte
82905560	de.vegas-store
82906151	de.vegetalis
82906164	de.vegetaria-catering
82909648	de.veko-online
82909882	de.velburg
82910150	de.velly-blue
82910162	de.velmede
82910340	de.velociped
82910390	de.velocompany
82910431	de.velofit-fahrradstationen
82910477	de.velokonzept
82911126	de.vema-eg
82911168	de.vemdb
82911232	de.ven-nds
82911645	de.venenzentrum-freiburg
82911785	de.venezia-restaurant
82912152	de.venrob
82912511	de.venturama-solar
82912983	de.ver
82913359	de.veraenderungsprozess24
82913407	de.verahofmann
82913972	de.veranstaltungstechnik-zeitler
82914189	de.veravonandrenyi
82914289	de.verband-baubiologie
82914300	de.verband-brg
82914424	de.verband-wohneigentum
82914457	de.verbandsbuero
82914604	de.verbietet-das-bauen
82914883	de.verbraucher60plus
82914902	de.verbraucherbildung
82914931	de.verbraucherforum-info
82915080	de.verbraucherzentrale
82915087	de.verbraucherzentrale-brandenburg
82915088	de.verbraucherzentrale-bremen
82915092	de.verbraucherzentrale-hessen
82915098	de.verbraucherzentrale-rlp
82915099	de.verbraucherzentrale-saarland
82915101	de.verbraucherzentrale-sachsen-anhalt
82915153	de.verbrecherverlag
82915173	de.verbrennungsmedizin
82915206	de.verbummler
82915661	de.verdi
82916002	de.vereda
82916016	de.vereev
82916113	de.verein-dachauer-moos
82916249	de.verein-fuer-die-schwarze-kunst
82916317	de.verein-goldenebildderfrau
82916411	de.verein-kulturleben
82916471	de.verein-muenchner-stadtteilgeschichte
82916821	de.vereinfernsehturmdresden
82917085	de.vereinscheck
82917186	de.vereinsheim-westfalia-hagen
82917277	de.vereinsplaner
82918216	de.verfassungsblog
82918241	de.verfassungsschutz-bw
82918405	de.vergabe24
82918410	de.vergabeblog
82918421	de.vergabekammer
82918446	de.vergaberechte
82918460	de.vergabetip
82918485	de.vergangenundvergessen
82918710	de.vergleich
82919113	de.vergolderei-nett
82920748	de.vericon24
82921188	de.verikom
82921249	de.verimi
82921971	de.verivox
82922103	de.verjun
82924489	de.verkehr-hamburg
82924953	de.verkehrsbehoerde-muenchen
82925138	de.verkehrserziehungkk
82925402	de.verkehrsirrsinn
82927810	de.verkehrswacht-hamburg
82927870	de.verkehrswacht-medien-service
82927886	de.verkehrswacht-muenchen
82928062	de.verkehrswende-darmstadt
82928074	de.verkehrswende-hagen
82928861	de.verladeturm
82929569	de.verlag-reiffer
82929861	de.verlagdasnetz
82933284	de.vermessung-und-geoinformation
82933492	de.vermessungs-bibliothek
82933508	de.vermessungsamt-aichach
82933518	de.vermessungsamt-coburg
82933522	de.vermessungsamt-ebersberg
82933525	de.vermessungsamt-freilassing
82933544	de.vermessungsamt-neustadt
82933548	de.vermessungsamt-pfarrkirchen
82933553	de.vermessungsamt-schweinfurt
82933554	de.vermessungsamt-straubing
82933555	de.vermessungsamt-traunstein
82933558	de.vermessungsamt-weilheim
82933690	de.vermessungsbuero-nitz
82933784	de.vermessungsgeschichte
82934251	de.vermieter-vorteil
82934575	de.vermieterverein
82937522	de.vernessahimmler
82937761	de.vernetzungsstelle
82938717	de.veronika-herrmann
82938913	de.veronika-vetterlein
82939726	de.verqueert
82939767	de.verrichtungen
82939775	de.verrier-antiquitaeten-und-schmuck
82940557	de.versetzteverse
82940579	de.versicheredeinauto
82940891	de.versicherung-tipps24
82940942	de.versicherungac
82940987	de.versicherungen-dambaur
82941192	de.versicherungen-werth
82941325	de.versicherungs-wiki
82941359	de.versicherungsamt-muenchen
82941422	de.versicherungsbote
82941462	de.versicherungsbuero-piehler
82941590	de.versicherungskontor-hamburg
82941797	de.versicherungsmakler-josef-becker
82941861	de.versicherungsmakler-meis
82942150	de.versicherungsrecht
82942176	de.versicherungsrecht-wittig
82942786	de.verstanden-gefuehlt
82942897	de.versteigerungspool
82943112	de.verteidigerin-braun
82943189	de.vertes-schuetter
82943678	de.vertrauenistgut-anwaltistbesser
82944092	de.vertriebspartner-forum
82944315	de.vervost
82944484	de.verwaltungsdaten-informationsplattform
82944527	de.verwaltungshochschulen
82944557	de.verwaltungsrebellen
82945081	de.vesc-superbar
82945277	de.vespaclub-bw
82945326	de.vespaonline
82945488	de.vest-dachteam
82946254	de.vetion
82946342	de.veto-mag
82946854	de.vexcash
82947093	de.vfb
82947115	de.vfb-artern
82947311	de.vfb-linz
82947348	de.vfb-niederdreisbach
82947891	de.vfg420
82947939	de.vfhg
82947973	de.vfib-ev
82948073	de.vfkv
82948077	de.vfl
82948628	de.vfl93
82948686	de.vflhalle96
82949038	de.vfr-fischeln
82949405	de.vfv-automobil-forum
82949514	de.vg-annweiler
82949589	de.vg-dierdorf
82949648	de.vg-furth
82949766	de.vg-lingenfeld
82949768	de.vg-lisberg
82949783	de.vg-marktl-stammham
82949785	de.vg-maxdorf
82949865	de.vg-pleissenaue
82949867	de.vg-poettmes
82949936	de.vg-stiefenhofen
82949999	de.vg-wilburgstetten
82950004	de.vg-wittislingen
82950106	de.vgd-rlp
82950134	de.vgem-altmuehltal
82950418	de.vgn
82950427	de.vgngth
82950484	de.vgrass
82950571	de.vgsch
82950575	de.vgsd
82950856	de.vhbs
82950968	de.vhh-mobility
82951096	de.vhrr
82951121	de.vhs-altomuenster
82951180	de.vhs-bamberg-land
82951187	de.vhs-bayern
82951200	de.vhs-bergkirchen
82951226	de.vhs-bondorf
82951287	de.vhs-dachau-land
82951294	de.vhs-deckenpfronn
82951295	de.vhs-deggendorf
82951317	de.vhs-don
82951346	de.vhs-ebersberger-land
82951364	de.vhs-em
82951389	de.vhs-ev
82951443	de.vhs-gelsenkirchen
82951507	de.vhs-hamburg
82951651	de.vhs-koblenz
82951673	de.vhs-kronach
82951818	de.vhs-moers
82951893	de.vhs-nrw
82951895	de.vhs-nufringen
82951917	de.vhs-odelzhausen
82951959	de.vhs-petershausen
82952007	de.vhs-regensburger-land
82952090	de.vhs-schwabhausen
82952136	de.vhs-speyer
82952138	de.vhs-sportjournalisten
82952171	de.vhs-suedost
82952274	de.vhs-weil-am-rhein
82952276	de.vhs-weimar
82952439	de.vhst
82952505	de.vhw
82952514	de.vhw-hamburg
82952515	de.vhw-hansestadt-hamburg
82952689	de.via-bayern
82952867	de.via-nova-chor
82952935	de.via-solutions-nord
82953014	de.viaawards
82953026	de.viaberlin
82953203	de.viaggio-in-germania
82953399	de.viamint
82953832	de.viba-hamburg
82954152	de.vibss
82954168	de.vic-chauffeurs
82954820	de.victoriakrafft-weddingphotography
82955044	de.victum24
82956296	de.videoprojektor24-service
82956914	de.viechtl
82957133	de.viel-unterwegs
82957364	de.vielfalt-in-bewegung
82957461	de.vielfalt-verankern
82957525	de.vielfaltleben
82957710	de.vielohrsophen
82957796	de.vielweib
82958308	de.vierlaender
82958323	de.vierlaender-speeldeel
82958337	de.vierlanden
82958380	de.viermalleben
82958383	de.viermalvier
82958682	de.viertelcheck
82958691	de.viertelgeschichte-isarvorstadt
82958692	de.viertelgeschichte-ludwigsvorstadt
82959015	de.vieth-hairstyling
82959290	de.vieventi
82959418	de.viewww
82959485	de.viff-fruehfoerderung
82959638	de.vigo
82959789	de.vijhamburg
82960150	de.viktoria-apo-muenchen
82960231	de.viktoria-heiden
82960298	de.viktoria-prost
82960349	de.viktoria11
82960525	de.viktorpasztor
82960578	de.viktualienmarkt-muenchen
82960585	de.viku-muenchen
82960704	de.vilena
82960745	de.vilisto
82960849	de.villa-amalie-kinderakademie
82961118	de.villa-dante
82961406	de.villa-hokus-pokus
82961421	de.villa-hufeland
82961456	de.villa-imperator
82961506	de.villa-k
82961888	de.villa-muehlenberg
82962080	de.villa-roma
82962410	de.villa-via-vita
82962573	de.villa-zaunkoenigin
82963079	de.villakunterbunt-kita
82963459	de.villastrandgut
82963464	de.villastuck
82963732	de.villingen-schwenningen
82963860	de.vils-residenz
82963861	de.vilsa
82964374	de.vincent-mitzev
82964775	de.vineta-bau
82964865	de.vineyardsaker
82965032	de.viniecibi
82966509	de.vinzentius-zv
82966589	de.vinzenzmurr
82966663	de.viokita
82966669	de.viol-online
82967408	de.vip-kartenlegen
82968030	de.vipumzug
82968456	de.viridis-planung
82969291	de.virtuelle-loipe
82969344	de.virtuelle-weltreise
82969349	de.virtuelleallgemeinbibliothek
82969529	de.virtuellesbrueckenhofmuseum
82969807	de.vis-naturalis
82969996	de.visalo-immobilien
82970974	de.visiondata
82971077	de.visiongesund
82971113	de.visionkino
82971351	de.visionweg
82971367	de.visionz
82971465	de.visit-hamburger-hafen
82971495	de.visit-muenchen-bayern
82971516	de.visit-segeberg
82971553	de.visitamunich
82971584	de.visitbiberach
82971806	de.visitmosel
82971870	de.visitrottweil
82971886	de.visitsights
82972297	de.vistanova
82972448	de.visual-history
82972879	de.visuellegedanken
82974058	de.vital-vogtland
82974212	de.vitalcentrum-tbb
82974417	de.vitalheilkunde
82974913	de.vitalnews
82975854	de.vitanimal
82975959	de.vitarelli
82976162	de.vitawell-koeln
82976385	de.vitlif
82976979	de.vitrea-gesundheit
82977544	de.vittra
82978240	de.viva-familienservice
82978894	de.vivabritannia
82978990	de.vivaclara
82980244	de.vivarium-online
82980545	de.vivemosna
82980726	de.viviamoin
82981063	de.vivimosen
82981663	de.vizthink
82981795	de.vjf-ev
82982119	de.vka-sh
82982323	de.vklarung
82982499	de.vku
82982737	de.vlamynck
82982781	de.vlbbayern
82982846	de.vlet-cooking-lounge
82982941	de.vliak-herrenwyk
82982959	de.vliesstoff
82983326	de.vm-laupheim
82983465	de.vma-makler
82983573	de.vmb-vierlande
82983708	de.vmg-nord
82983817	de.vmmw
82983925	de.vms-sportjournalisten
82984029	de.vmw
82984166	de.vndav
82984329	de.vnw-magazin
82984959	de.vocatium
82985095	de.vodafone
82985523	de.voehrenbach
82985709	de.voelkerschlachtdenkmal-wissen
82985793	de.voellereiundleberschmerz
82985960	de.vofinex
82985988	de.voge-online
82986070	de.vogel-fewo-bgbg
82986174	de.vogel-natur
82986294	de.vogel-zweirad
82986410	de.vogelforen
82987052	de.vogelschutzwarten
82987140	de.vogelundnatur
82987458	de.vogler-huette
82987654	de.vogt-mueller
82987905	de.vogtland-zauber
82988042	de.vogtpost
82988800	de.voigt-sicherheitsdienst
82989068	de.voit-services
82989125	de.voja
82992737	de.volkerkoenig
82992984	de.volkerpoehls
82993357	de.volkertshausen
82993687	de.volkmann-rechtsanwaelte
82997851	de.volksbund
82998070	de.volksdorf40
82998086	de.volksdorfer-zeitung
82998459	de.volksfeste-in-deutschland
82998584	de.volksflitzer
82998718	de.volksgesetzgebung-jetzt
82999232	de.volkskultur-muenchen
82999233	de.volkskultur-musikschule
82999338	de.volkslauf-bad-bergzabern
82999670	de.volksmusikkalender
83000038	de.volksrolli
83000046	de.volkssaengerei
83000800	de.volksverpetzer
83003388	de.volkverlag
83003585	de.voll-klang
83003754	de.vollack
83004494	de.vollelotte
83004597	de.voller-worte
83005221	de.volleyball-muenchen
83006009	de.vollgasorchester
83006165	de.vollhoefnerwald
83008054	de.volpini-apotheke-muenchen
83008774	de.volxmusik
83010390	de.vomfelszummeer-3wk
83010999	de.von-bendakahn
83011985	de.von-lucke
83012019	de.von-mema
83012257	de.von-stadt-zu-stadt
83012276	de.von-stosch
83012287	de.von-stuttgart-nach-muenchen
83012295	de.von-thal
83012464	de.vonallwoerden-hochzeitsreportagen
83012484	de.vonanfang
83012506	de.vonaspern-weddings
83013005	de.vondeska
83013211	de.vongruener-koch
83013895	de.vonridder
83013967	de.vonschlieben
83014207	de.vonwegenleer
83014252	de.vonwuerzen
83014556	de.vor9
83014712	de.vorbild-schule
83014898	de.vordrucke
83015179	de.vork-app
83015206	de.vorlaender
83015384	de.vormirdiewelt
83015525	de.vorort-links
83015545	de.vororth
83015547	de.vorortleben
83015617	de.vorratsdatenspeicherung
83016051	de.vorsorgewerkstatt
83016065	de.vorspeisenplatte
83016116	de.vorstadt-geckos
83016120	de.vorstadt-post
83016342	de.vorticity
83016346	de.vortiv
83016402	de.vorunruhestand
83016426	de.vorwaerts
83017118	de.vostel
83017610	de.voxel-man
83017998	de.vpe
83018064	de.vpi-nrw
83018131	de.vplaner
83018349	de.vpsserver2
83019946	de.vrham
83021095	de.vroni-graebel
83022551	de.vs-asbach
83022994	de.vs-ing
83023781	de.vsa-verlag
83024426	de.vsi-hh
83024547	de.vsm
83024866	de.vst-kritis
83025039	de.vsvi-blnbbg
83025044	de.vsvi-mv
83025407	de.vtf-hamburg
83025496	de.vthh
83025566	de.vtm-statik
83028465	de.vum-magazin
83028603	de.vut
83028799	de.vva-hamburg
83028906	de.vvf-medienconzepte-gmbh
83029022	de.vvn-bda
83030772	de.vzfk
83030785	de.vzhh
83030909	de.w-aufdenpunkt
83032001	de.w3-hamburg
83032002	de.w3-harburg
83032350	de.wa-nms
83032450	de.waage-hh
83032717	de.wabe
83032829	de.wabiha
83033433	de.wachstumslern
83033962	de.wackersberg
83033998	de.wackler-schmitt
83034045	de.wacor
83034464	de.waehltfrauen
83034529	de.waelderhaus
83034531	de.waelderhaus-veranstaltungen
83034846	de.waermegut
83034933	de.waermepumpe
83034938	de.waermepumpe-bwp
83034950	de.waermepumpe-installateur
83034960	de.waermepumpe-muenchen
83035114	de.waermestube-augsburg
83035188	de.waermewende-ffm
83036630	de.wagenbach
83036701	de.wagener-raumausstattung
83036945	de.waginger-see
83036983	de.wagner-am-maeuerchen
83037478	de.wagner-reisen
83037984	de.wags-hamburg
83038087	de.wahl
83038236	de.wahlamt-muenchen
83038343	de.wahlen-hamburg
83038360	de.wahlen-muenchen
83038606	de.wahlrecht
83038618	de.wahlreich
83038654	de.wahlstedt
83038677	de.wahlumfrage
83038952	de.wahrheitschecker
83039127	de.waiblingen-gutschein
83039165	de.waibstadt
83039718	de.wakenitz-villen
83039798	de.waki-hamburg
83039872	de.wako-in-hh
83040350	de.wald-neuried-erhalten
83041024	de.waldbronn
83041187	de.walddoerfer-sv
83041330	de.waldemar-bonsels-stiftung
83041430	de.waldenbuch
83041486	de.waldenserverein-palmbach
83042330	de.waldheim-lokal
83042766	de.waldimpuls-hamburg
83042773	de.waldingsound
83043163	de.waldkindergarten-muenchen
83043255	de.waldkindergarten-trudering
83043358	de.waldkita-hh
83043506	de.waldleben-muenchen
83043932	de.waldorfhaus-grosshadern
83044010	de.waldorfkindergarten-bogenstrasse
83044138	de.waldorfkindergarten-laim
83044236	de.waldorfkindergarten-schwabing
83044513	de.waldorfschule-nienstedten
83044560	de.waldorfschule-wandsbek
83044692	de.waldperlach
83044793	de.waldreport
83045006	de.waldschloesschenpraxis
83045439	de.waldthurn
83045820	de.walensky
83045900	de.walhalla
83045948	de.walhausen
83046294	de.walkingbands
83046550	de.wallaby
83046811	de.wallenhorst
83047211	de.wallner-bestattungen
83047217	de.wallner-filmservice
83047404	de.wallstein-verlag
83047508	de.wallygusto
83047828	de.walter-apotheke-muenchen
83048909	de.walther-blohm-stiftung
83048984	de.walther-rathenau
83049502	de.wamawimo
83049571	de.wamiz
83049874	de.wanddekoshop
83050247	de.wanderausstellung-elektromobilitaet
83050266	de.wanderbares-deutschland
83050632	de.wanderinstitut
83050735	de.wandermagazin
83051010	de.wandernd
83051292	de.wanderspuren
83051387	de.wanderverband
83051848	de.wandsbek
83051858	de.wandsbeker-apotheke
83051860	de.wandsbeker-gehoelz
83051874	de.wandsbektransformance
83052002	de.wanduhr-direkt
83052111	de.wangen
83052186	de.wangerooge-aktuell
83052387	de.wankum-kaarst
83052505	de.wannen-und-duschen
83053183	de.warburg-haus
83053470	de.warendorf-kurier
83054502	de.warpmatrix
83055312	de.was-geht-zu-weit
83055399	de.was-ist-eine-rons-org
83055555	de.was-mit-medien-und-so
83055617	de.was-sollen-wir-tun
83055628	de.was-stormarn
83055684	de.was-war-wann
83056681	de.waselternwollen
83056809	de.wasgehtapp
83056813	de.wasgehtheuteab
83056821	de.wasgehtinhamburg
83057184	de.wasmachendieda
83057557	de.wasser-recht
83058066	de.wasserburg
83058071	de.wasserburg-bodensee
83058308	de.wasserfilterpro
83058583	de.wasserkraft-in-hessen
83058619	de.wasserkunst-hamburg
83058693	de.wassermann-buecher
83058725	de.wassermann-tore
83058935	de.wasserpumpe-experte
83059530	de.wassersportmax
83060359	de.wasserwacht-muenchen
83060521	de.wasserwaermeluft
83060828	de.wastelbauerhof-bernau
83060861	de.wastl-ing
83060888	de.wasundwiefuerwen
83061149	de.watchblog-tv
83061199	de.watchforcyclists
83062028	de.watt-up-platt
83062134	de.wattenmeer-welterbe
83062135	de.wattenmeer-weltnaturerbe
83063244	de.wawzyniak
83063429	de.way2business
83064037	de.wb-web
83064085	de.wba-weimar
83064139	de.wbb-in-berlin
83064203	de.wbc-dienstleistung
83064330	de.wbg-bochum
83064740	de.wbm-rippien
83065786	de.wctag
83066076	de.wdg
83066234	de.wdost
83066478	de.we-are-curious
83066497	de.we-are-missall
83066671	de.we-inform
83067548	de.web-artgalerie
83067715	de.web-demokratie
83067961	de.web-graf
83068384	de.web-rostock
83069076	de.webador
83070730	de.webda
83070847	de.webdesign-aj
83070855	de.webdesign-altenberg
83071220	de.webdesign-hamburg
83071869	de.webdesign-wende
83072312	de.webdraft
83072512	de.weber-apotheken
83072800	de.weber-hof
83072887	de.weber-kunststofftechnik
83073050	de.weber-rechtsanwaeltin
83073207	de.weber-weidemeyer
83073217	de.weber-werbung
83073319	de.weberdesign
83073859	de.webflow
83074131	de.webhafen
83074911	de.webkatalog-linkkatalog
83075059	de.webkraft-digital
83075234	de.weblog-deluxe
83075366	de.webmarketiere
83075813	de.webnatur
83075825	de.webneo
83076085	de.webpiloten24
83076194	de.webprojekt-chemnitz
83076238	de.webqoo
83076372	de.webregionale
83076618	de.webseite-kindertagespflege
83076724	de.webseiten-fritz
83076857	de.webseitenliebe
83077256	de.website-check
83077417	de.website-pruefen
83077445	de.website-start
83077582	de.websitefilms
83077901	de.webspaceconfig
83077964	de.webspotting
83078041	de.webster-it
83078161	de.websuche
83078478	de.webulog
83078966	de.wecasa
83079634	de.wedding-board
83079870	de.weddingdjmunich
83079974	de.weddingmemories
83080093	de.weddingstyle
83080209	de.wedel-klartext
83080210	de.wedel-lokal
83080645	de.weeberpartner
83080729	de.weedate
83080956	de.weekly52
83080991	de.weener
83081210	de.wefugees
83081472	de.wegatech
83081991	de.wegenerimmobilien
83082391	de.wego-badcenter
83082591	de.wegweiser-demenz
83082596	de.wegweiser-duales-studium
83082644	de.wegweiser-mehrweg
83082674	de.wegweiser-suedniedersachsen
83082687	de.wegweiser-wohnen
83082772	de.wegzurstaerke
83083496	de.weichandhof
83083737	de.weide-displays
83083867	de.weidemoor-hh
83083890	de.weiden-news
83083895	de.weiden-region
83084070	de.weidenprofi
83084677	de.weigl-elektro
83084833	de.weiherfeld-dammerstock
83085625	de.weihnachtsleben
83085652	de.weihnachtsmaerkte-in-deutschland
83085751	de.weihnachtsmarkt-baden-wuerttemberg
83085810	de.weihnachtsmarkt-europa
83085812	de.weihnachtsmarkt-finden
83085851	de.weihnachtsmarkt-hessen
83085863	de.weihnachtsmarkt-info
83085883	de.weihnachtsmarkt-magazin
83085891	de.weihnachtsmarkt-mecklenburg-vorpommern
83085906	de.weihnachtsmarkt-niedersachsen
83085939	de.weihnachtsmarkt-schleswig-holstein
83086000	de.weihnachtsmarktbayern
83086003	de.weihnachtsmarktbrandenburg
83086007	de.weihnachtsmarktfinden
83086315	de.weikamm
83086328	de.weikersheim
83086368	de.weil-am-rhein
83086895	de.weiltingen
83086924	de.weimann
83087004	de.weimar-nord
83087056	de.weimar-west
83088732	de.weinbergkirche
83093564	de.weinheim
83095480	de.weinundfein-pizzeria
83095770	de.weinzierl
83096138	de.weisenbach
83096822	de.weissbier-karussell
83097034	de.weisse-rose-stiftung
83097148	de.weissekoffer
83097238	de.weissenfels
83097271	de.weissenhof-inzell
83097581	de.weisses-roessl-wallgau
83097808	de.weissleder-ewer
83097937	de.weisstdudass
83098175	de.weitblickforum
83098279	de.weiterbilden-sh
83098399	de.weiterbildung-ph
83098455	de.weiterbildungen-reinhold
83098578	de.weiterdenken
83098590	de.weitereideen
83098608	de.weitergen
83098658	de.weiterstadt
83098783	de.weitramsdorf
83098924	de.weitzenegger
83099051	de.wejher
83099175	de.wekita-muenchen
83099573	de.welcome-in-juechen
83100036	de.welivein
83100299	de.wellbeinghamburg
83100355	de.wellcome-online
83100534	de.wellendingen
83100585	de.welleniederrhein
83100610	de.wellenliebe
83101480	de.wellness-in-pulheim
83101522	de.wellness-kosmetikschule
83101611	de.wellness-mobil-owl
83101681	de.wellness-penthouse-meerblick
83102742	de.welovehamburg
83102821	de.weloveurlaub
83102922	de.welpenklappe-muenchen
83103010	de.welsch-gmbh
83103160	de.welt-an-der-wuerm
83103249	de.welt-der-legenden
83103341	de.welt-entdecker
83103439	de.welt-rheuma-tag
83103443	de.welt-sehen
83103444	de.welt-sehenerleben
83103536	de.weltanalyse
83103545	de.weltanschauungsrecht
83103546	de.weltansehen
83103585	de.weltbericht24
83103648	de.weltbriefing
83103764	de.weltderphysik
83103959	de.weltenbummlermag
83104184	de.welterbe-bernau
83104204	de.welterbe-mittelrheintal
83104209	de.welterbe-olympiapark
83104244	de.welterbetour
83104424	de.weltgesundheitstag
83104444	de.welthandeln
83104520	de.weltjournal
83105077	de.weltlesebuehne
83105092	de.weltlogik
83105163	de.weltmeldung
83105204	de.weltnaturerbe-wattenmeer
83105401	de.weltreise-info
83105521	de.weltschal
83105615	de.weltthema
83105689	de.weltverschwoerung
83105726	de.weltwanderin
83105756	de.weltweit-erfolgreich
83105858	de.weltwissen-kitas
83105868	de.weltwunderer
83106001	de.welzheim
83106043	de.wem-gehoert-die-welt
83106190	de.wembach
83106236	de.wemgehoertdiewelt
83106722	de.wendepunkt-ev
83106751	de.wendepunkt-schlaganfall
83106862	de.wendlaendische-hausgeister
83106884	de.wendland-elbe
83106906	de.wendland-moebel
83106921	de.wendland-sped
83106922	de.wendland-spedition
83107108	de.wendroth
83107274	de.wenex-it
83107772	de.wennfreundereisen
83107834	de.wennpferdeheilen
83107855	de.weno-elektroheizung
83107877	de.wensauer-apotheke
83107941	de.wentorf-im-blick
83107968	de.wentzel-dr
83108356	de.wepa-verpackungen
83108474	de.wepsert
83108550	de.wer-hat-urheberrecht
83108620	de.wer-liefert-was
83108672	de.wer-weiss-was
83109126	de.werbeagentur-haberland
83109613	de.werbeartikelmuenchen
83109788	de.werbedesign-lepschy
83109973	de.werbefotografie-koeln
83110230	de.werbegruen
83110728	de.werbeposterhalten
83110879	de.werbeschilder-wissen
83111554	de.werbicki
83112120	de.werde-magazin
83112265	de.werdenfelser-buendnis
83112285	de.werdenfelsschule
83112289	de.werdenktwas
83112367	de.werder-raute
83112377	de.werder-tours
83112433	de.werdernnews
83112484	de.werdetnachbarn
83113126	de.werkenntdenbesten
83113683	de.werkstadt-muenchen
83114371	de.werkstattkinder
83114619	de.werksviertel
83114667	de.werkundherz
83114926	de.werkzeugbau-vogel
83115335	de.werliefertwas
83115386	de.wermelskirchen-zeitung
83115733	de.werner-goetz
83116010	de.werner-nasahl
83116880	de.wernigerode
83117486	de.wertankauf
83117699	de.werteinitiative
83117700	de.werteinlagerung
83117940	de.wertgutachter-bonn
83117990	de.wertheim
83117994	de.wertheim-ferienwohnung
83118189	de.wertmarkenforum
83118673	de.werwick-assekuranz
83118769	de.wes-la
83118993	de.weselka
83119028	de.wesen-der-paedagogik
83119232	de.weser-kurier
83119356	de.weserbergland-nachrichten
83119514	de.wesermarsch
83119693	de.weshoplocal
83119898	de.wesperloh
83119968	de.wessel-wennemuth
83120133	de.wessin
83120735	de.westend-online
83120752	de.westend-united
83120816	de.westendmusiknacht
83120840	de.westendstudios
83121074	de.westermann
83122016	de.westfalenbande
83122589	de.westkuesten-immobilien
83122691	de.westmecklenburg
83122776	de.westpaket
83122971	de.westrad
83123063	de.westside-hotel
83123145	de.weststadtaktivkasse
83123797	de.wettbewerbszentrale
83124045	de.wetter-hamburg-langenhorn
83124089	de.wetter-in-ohlstedt
83124335	de.wetterau-autoservice
83124404	de.wetteraukreis
83124460	de.wetterdiagramme
83124548	de.wetterkontor
83124565	de.wetterlinks
83124608	de.wetterpilze
83125156	de.wetzlar
83125528	de.weyandt
83126042	de.wf-klingen
83126157	de.wf-stade
83127162	de.wfl
83127486	de.wfs-tagesschule
83129079	de.wg-welt
83129692	de.wgff
83130868	de.wh-p
83131261	de.whatsoever
83131552	de.wheeliewanderlust
83131824	de.whg-garching
83132074	de.whirlpool-reparatur-muenchen
83132710	de.whistleblower-net
83132791	de.white-cherry
83133516	de.whiteweddingmag
83134059	de.whudat
83134960	de.wichern-schule
83134964	de.wichernbau
83135482	de.wickeltechnik-langer
83135545	de.wickert-heinz
83136168	de.widmaier-immobilien
83137078	de.wieczorek-kleve
83137120	de.wiedbrauck
83138091	de.wiehl
83138424	de.wielebenwir
83138699	de.wiener-eispalast
83138845	de.wienroth-immobilien
83139010	de.wiesanha
83139130	de.wiesbaden-nordfriedhof
83139428	de.wiese-mobil1
83139492	de.wiesegg
83139979	de.wiesenwohl
83140038	de.wieseundsohn
83140122	de.wiesloch
83140325	de.wiesnglupperl
83140335	de.wiesnhit
83140344	de.wiesnkini
83140372	de.wiesnplaner
83140414	de.wiesnwirte
83140530	de.wietfeld
83140645	de.wiewardertatort
83141479	de.wiki
83141555	de.wikiartikel
83141627	de.wikihausen
83141648	de.wikilaw
83141679	de.wikimedia
83141902	de.wikipranger
83142217	de.wilburgstetten
83142335	de.wild-busreisen
83142433	de.wild-gmbh
83142468	de.wild-immo
83142932	de.wildbits
83143117	de.wilde
83143180	de.wilde-heimat
83143763	de.wildes-afrika
83143766	de.wildes-bayern
83143768	de.wildes-berlin
83143775	de.wildes-fraeulein
83144344	de.wildkolleg
83144867	de.wildniswissen
83144904	de.wildpark-camping
83144970	de.wildpark-schwarze-berge
83145334	de.wildsteig
83145757	de.wildwasserboard
83145776	de.wildwechsel
83145897	de.wildwuchs-brauwerk
83145995	de.wiley-vch
83146179	de.wilfriedmeissner
83146405	de.wilhelm-gymnasium
83146556	de.wilhelm-moswinkel
83147247	de.wilke-maack
83147389	de.wilkens-immobilien
83148059	de.willi-fischer-muenchen
83148317	de.williams-kids
83148462	de.willidittmann
83148775	de.willizblog
83148877	de.willkommen-in-gotha
83149013	de.willkommenskultour
83149357	de.willy-brandt
83149433	de.willy-schulte-kiga
83149844	de.wilram
83149873	de.wilsdruffer-fussball
83150361	de.wimmer-weissbraeu
83150843	de.win2014
83151216	de.wind-energie
83151353	de.winda
83151837	de.windenergyhamburg
83152025	de.windhuber
83153216	de.windstammtisch
83153386	de.windundwetterwandern
83153991	de.winfuture-forum
83154682	de.winho
83155080	de.winking-froh
83155214	de.winkler-la
83155244	de.winkler-partner
83155458	de.winlogic
83155480	de.winmedia
83155541	de.winnenden
83155830	de.winnweiler-m888m
83156426	de.winter-mit-familie
83156736	de.winterdienst-hansa
83157248	de.winterlaufserie-hamburg
83157249	de.winterlaufserie-wilhelmsburg
83157514	de.winterspektakel
83157548	de.wintersport-in-muenchen
83157596	de.wintersportschule
83157839	de.winthir-apotheke
83157884	de.wintotal
83158612	de.wip-bayern
83158625	de.wip-kunststoffe
83158753	de.wipig
83159083	de.wir-bilden-den-norden
83159116	de.wir-breiholdt
83159214	de.wir-entdecken-bayern
83159521	de.wir-gemeinsam-buendnis
83159546	de.wir-gruenden-in-deutschland
83159612	de.wir-helfen-gemeinsam
83159825	de.wir-in-nettelnburg
83159844	de.wir-in-pullach
83159895	de.wir-in-wilstorf
83160037	de.wir-leben-outdoor
83160582	de.wir-sind-alleinerziehend
83160708	de.wir-sind-eppendorf
83160781	de.wir-sind-karneval
83160783	de.wir-sind-kaufbeuren
83160888	de.wir-sind-stadtallendorf
83160959	de.wir-sinds-kreative
83161241	de.wir-wollen-lernen
83161628	de.wirbewegenkids
83161634	de.wirbi
83161644	de.wirbleibenengagiert
83161766	de.wire-institut
83161822	de.wiredminds
83161972	de.wirf-mich-nicht-weg
83161973	de.wirfahren
83162001	de.wirfindendeinenring
83162044	de.wirfuerbio
83162113	de.wirfuerniendorf
83162448	de.wirkaufendeinethg
83162511	de.wirkaufenwagen
83162718	de.wirkstoffradio
83162849	de.wirlebenin
83162872	de.wirlernenonline
83162987	de.wirliebenwandern
83163047	de.wirmachendigitalisierungeinfach
83163155	de.wirnatur
83163656	de.wirsindnordlicht
83164183	de.wirtschaft-dan
83164255	de.wirtschaft-in-sachsen
83164286	de.wirtschaft-lueneburg
83164289	de.wirtschaft-magazin
83164300	de.wirtschaft-muenchen
83164348	de.wirtschaft-seenplatte
83164363	de.wirtschaft-uelzen
83164434	de.wirtschaftler
83164472	de.wirtschaftproklima
83164729	de.wirtschaftsfoerderung-ahrensburg
83164781	de.wirtschaftsfokus24
83164900	de.wirtschaftsingenieurwesen
83165108	de.wirtschaftsnavigator
83165146	de.wirtschaftsposten
83165219	de.wirtschaftspuls-bayern
83165220	de.wirtschaftsquelle
83165234	de.wirtschaftsraum-muenchen
83165254	de.wirtschaftsrecht-news
83165352	de.wirtschaftssensor
83165460	de.wirtschaftsvision
83165479	de.wirtschaftswissen
83165963	de.wirtshauswiesn
83166132	de.wirversorgendeutschland
83166248	de.wirzahlenbar
83166264	de.wirziehenaufsland
83167032	de.wisperwisper
83167110	de.wissen
83167155	de.wissen-gesundheit
83167167	de.wissen-hund
83167316	de.wissen-wiki
83167333	de.wissen57
83167387	de.wisseninklusiv
83167414	de.wissenmedia
83167469	de.wissensbasiert
83167507	de.wissenschaft
83167601	de.wissenschaftliche-sammlungen
83167764	de.wissenschaftsrat
83167792	de.wissenschaftswelle
83167957	de.wissensportal-frankfurtrheinmain
83167959	de.wissensportal-nachhaltige-reiseziele
83167986	de.wissensschule
83168123	de.wissenwiki
83168621	de.withexpress-international
83168831	de.witt-hirschfeld
83169309	de.wittenburger-muehle
83169772	de.wittlich-versicherungsmakler
83169803	de.wittmaack
83169863	de.wittmann-raumgestaltung
83170107	de.witz-recycling
83170527	de.wiwin
83171178	de.wjst
83171368	de.wk-personalberatung
83171745	de.wkm-medizintechnik
83171875	de.wkrs
83171917	de.wks-se
83172157	de.wlabs
83172158	de.wlach
83172254	de.wlan-recht
83172526	de.wlp-systems
83172665	de.wlw-partner
83172720	de.wm-aw
83172991	de.wm-uebersetzungsbuero
83173861	de.wndn
83173913	de.wnm
83173934	de.wnop
83174028	de.wo-der-pfeffer-waechst
83174529	de.wobogym
83174628	de.woche-des-sehens
83174632	de.woche-seelische-gesundheit
83174650	de.wochedeswasserstoffs
83174666	de.wochenanzeiger
83174707	de.wochenblatt-news
83174710	de.wochenblatt-owv
83174723	de.wochenbriefing
83174759	de.wochenender-buch
83174804	de.wochenendtrip-tipp
83174814	de.wochenfokus
83174841	de.wochenmarkt-deutschland
83174907	de.wochenmarktfinder
83174927	de.wochenschau-forschung
83175132	de.wodka-whisky-welt
83175621	de.woelz
83175655	de.woerffel
83175694	de.woerlein
83175919	de.woerth8
83176210	de.wogem
83176215	de.wogeno
83176324	de.wohin-mit-kind
83176373	de.wohl-fuehl-inseln
83176411	de.wohlbedacht
83177000	de.wohlschritt
83177555	de.wohnbau-salzgitter
83177705	de.wohnbruecke-lawaetz
83178116	de.wohnen-im-eigentum
83178253	de.wohnen-in-mv
83178415	de.wohnen-ohne-auto
83178460	de.wohnen-statt-unterbringung
83178470	de.wohnen-und-bauen
83178475	de.wohnen-und-finanzieren
83178600	de.wohnenimnorden
83178835	de.wohnfuxx
83178966	de.wohnglueck
83179054	de.wohnhafen-hamburg
83179477	de.wohnmobil-ankauf
83179673	de.wohnmobil-stellplatz-heidenau
83179971	de.wohnmobilemietenteneriffa
83179986	de.wohnmobilforum
83180094	de.wohnmobilplatz-hamburg
83180392	de.wohnmoebel-blog
83180721	de.wohnprojekt-slf
83180725	de.wohnprojekt-springe
83180882	de.wohnraum8
83180895	de.wohnraumbitzer
83180963	de.wohnref-muenchen
83181411	de.wohnung-jetzt
83181803	de.wohnungmietenmuenchen
83181823	de.wohnungs-einrichtung
83181881	de.wohnungsaufloesung-muenchen
83181968	de.wohnungsbaukonferenz
83181983	de.wohnungsbot-hamburg
83182041	de.wohnungsgenossenschaft-grevesmuehlen
83182078	de.wohnungsgesellschaftludwigsfeld
83182104	de.wohnungslose
83182107	de.wohnungslosenhilfe-bayern
83182197	de.wohnungsnot-stoppen
83182625	de.wohnwerk-muenchen
83182942	de.woidhauserhof
83183105	de.woitas-webdesign
83183955	de.wolf-klasse
83184060	de.wolf-of-seo
83184147	de.wolf-sanierung
83184477	de.wolfenbuettel
83184653	de.wolff-finnhaus-shop
83184793	de.wolffgeb
83185078	de.wolfgang-gertis
83185281	de.wolfgang-ksoll
83185444	de.wolfgang-reus
83185569	de.wolfgang-stefinger
83185774	de.wolfgangdavidzello
83185806	de.wolfgangfenske
83186937	de.wolfsburg
83187554	de.wolga-forum-deutschland
83189046	de.wolnzach
83189617	de.wombicher-beck
83189858	de.womensrun-hamburg
83189867	de.womensvita
83190641	de.wonneberg
83190726	de.wonsees
83191036	de.woodenvalley
83191434	de.woodworker
83192409	de.work-legal
83192531	de.workahealthic
83192637	de.workcentrix
83193083	de.worknsurf
83193741	de.world-of-christmas
83194174	de.worldday
83194574	de.worldqigong
83194764	de.worldwidearchives
83194798	de.worldwideontour
83194850	de.worlee
83194906	de.worms
83195446	de.wortatlas
83195699	de.wortfeld
83195703	de.wortfilter
83195706	de.wortfindungsamt
83195849	de.wortherkunft
83195970	de.wortlage
83196412	de.wortvogel
83196782	de.wotax
83197022	de.wow-museum
83197282	de.wowile
83197361	de.wowplaces
83197369	de.wowrang
83197375	de.wows-community-forum
83197455	de.woytec
83197552	de.wp-baukasten
83198089	de.wp-zapp
83198429	de.wpk
83198534	de.wpmeetup-hamburg
83198671	de.wps
83199287	de.wreb
83199574	de.write-club
83200294	de.ws-muc
83200530	de.wsb-bergedorf
83200674	de.wsc-nwm
83200744	de.wscheller
83200754	de.wschmidhuber
83201021	de.wsg-kfzsachverstaendiger-hamburg
83201032	de.wsg-niederlausitz
83201097	de.wsgonline
83201602	de.wssonline
83201673	de.wstg-steuerberater
83202151	de.wsz-online
83202260	de.wt-gp
83202287	de.wt-kaiserslautern
83203000	de.wtsh
83203011	de.wtsv-concordia
83203764	de.wueppesahl
83203940	de.wuerm-radl-tal
83203978	de.wuermtal-schreiner
83204651	de.wuestensanitaeter
83204792	de.wuffelhotel
83204981	de.wuidling
83205121	de.wulf-rechtsanwalt
83205236	de.wulffundsohn
83205683	de.wunderbar-hamburg
83205877	de.wunderfilm
83205938	de.wunderhausimaltenland
83205953	de.wunderhorn
83206200	de.wunderlichs-wunderbare-welt
83206367	de.wundertax
83206392	de.wundertuete-ev
83206459	de.wundervollesgrindel
83206784	de.wundzentrum-hamburg
83206891	de.wunsch-hund
83207141	de.wunschimmo
83207169	de.wunschkennzeichen-reservieren
83207170	de.wunschkennzeichen-reservieren-service
83207175	de.wunschkennzeichenheld
83207180	de.wunschkennzeichenversand
83207928	de.wuppertaler-rundschau
83207940	de.wuppertaler-starthilfe
83207994	de.wuppertals-urbane-gaerten
83208428	de.wurster-rehazentrum
83208559	de.wurstwagen
83208811	de.wurzelraum
83208967	de.wurzlwerk
83209088	de.wusgermany
83209184	de.wusyen
83209240	de.wuth-it
83209260	de.wutoeschingen
83209360	de.wutzrock
83209380	de.wuv
83209429	de.wuw-versicherungsmakler
83209494	de.wuzonline
83209608	de.wv-verlag
83209624	de.wv1902
83209721	de.wvf-gmbh
83209951	de.wvsharzburg
83210377	de.wwc-arolsen
83210601	de.wwi-immobilien
83212461	de.www2025
83212462	de.www2026
83212768	de.wwwe
83216433	de.wygoda
83217766	de.x-saiting
83218031	de.x1000hamburg
83218374	de.xalps
83219510	de.xboxdynasty
83220046	de.xcase
83220558	de.xclusive-escort
83220995	de.xenatrek
83221696	de.xhoch4
83222463	de.xleitstelle
83223665	de.xn--adler-eichenhll-cwb
83224291	de.xn--allesfrdeinboot-4vb
83225632	de.xn--antiquittenverzeichnis-74b
83225773	de.xn--anwlte-rheda-wiedenbrck-x7b23d
83226208	de.xn--arnephls-r4a
83226258	de.xn--arthur-bhl-heb
83226444	de.xn--atemschutzunflle-7nb
83226670	de.xn--aufrumerin-t5a
83228405	de.xn--baulrmportal-jcb
83229157	de.xn--bckereiknpfer-bfb28a
83236239	de.xn--beweggrnde-sprache-s6b
83251100	de.xn--brgerbndnis-mnchen-m6bfh
83252454	de.xn--brgerprotest-asphaltmischwerk-wahlstedt-0be
83257088	de.xn--broreinigung-ruiz-22b
83257091	de.xn--broreinigung-sinnstein-slc
83258016	de.xn--broumzugmnchen-gsbi
83266521	de.xn--dibag-bogenhausen-sd-7ec
83266669	de.xn--die-hrgrte-x5a6s
83266766	de.xn--die-pdagogische-wende-91b
83266778	de.xn--die-prfer-gmbh-lsb
83267815	de.xn--dominamnchen-jlb
83268023	de.xn--dr-gnter-95a
83269972	de.xn--elternnimmermde-cwb
83270147	de.xn--energiewendedrfer-c0b
83270351	de.xn--entrmpelungen-siegen-sec
83271388	de.xn--event-leuchtarmbnder-qzb
83272432	de.xn--feiertage-brckentage-ferien-t3c
83272823	de.xn--ferienwohnung-ber-den-wiesen-f7c
83272914	de.xn--ferienwohnung-petersen-lneburger-heide-47d
83273081	de.xn--feste-zhne-an-1-tag-mwb
83273474	de.xn--ffentlichesrecht-lwb
83274844	de.xn--fluglrm-portal-9hb
83274875	de.xn--flurfrderzeugfhrer-h3b3k
83275347	de.xn--franzhrnchen-9ib
83277075	de.xn--frth-news-q9a
83277947	de.xn--gartenmbel-depot-swb
83279679	de.xn--germania-knigsberg-m3b
83280826	de.xn--giff-mnchen-yhb
83280876	de.xn--gitarre-in-mnchen-e3b
83280891	de.xn--gitarrenunterricht-in-mnchen-o7c
83281273	de.xn--glckspraxis-uhb
83281390	de.xn--gleiche-chancen-fr-kinder-mainz-4id
83281729	de.xn--gnstige-bestattung-m6b
83282183	de.xn--grabmale-schfer-clb
83283652	de.xn--grundlosglcklich-szb
83284761	de.xn--hamburggerstbau-8vb
83284777	de.xn--hammonia-hrmalnbetento-3hc
83285191	de.xn--haus-fr-kinder-st-agnes-hpc
83285269	de.xn--hausarztpoppenbttel-kbc
83286059	de.xn--heilpraktiker-lneburg-nic
83287255	de.xn--hlswerk-n2a
83288562	de.xn--hrbnd-ira7j
83289709	de.xn--ihr-schlssel-bund-92b
83289960	de.xn--immobilienbro-simon-gbc
83290189	de.xn--ines-schne-lcb
83290243	de.xn--ing-bro-junge-0ob
83290560	de.xn--interactiva-chinesischkurs-mnchen-jqd
83290563	de.xn--interactiva-franzsisch-lernen-mnchen-iud6v
83290565	de.xn--interactiva-franzsischkurs-frankfurt-iud
83290566	de.xn--interactiva-griechisch-lernen-mnchen-80d
83290567	de.xn--interactiva-russisch-lernen-mnchen-3td
83291029	de.xn--jdische-gemeinden-22b
83291043	de.xn--jdisches-leben-in-lneburg-fwcs
83291541	de.xn--jonas-gebudereinigung-e2b
83293671	de.xn--khle-orte-q9a
83294396	de.xn--kindertrdelmarkt-twb
83294604	de.xn--kita-eimsbttel-psb
83294612	de.xn--kita-kielkoppelstrae-twb
83294753	de.xn--klaras-gstehaus-7kb
83295151	de.xn--klimaleitfaden-thringen-spc
83295600	de.xn--klvensteensollleben-r6b
83296792	de.xn--kop-rna
83296915	de.xn--kosmetikkurse-mnchen-3ec
83297228	de.xn--krberhaus-07a
83300204	de.xn--lesefrderung-mnchen-u6b9k
83300910	de.xn--lnderzentrum-fr-niederdeutsch-0pc17e
83300942	de.xn--lneburg-zu-fuss-zvb
83300961	de.xn--lnedrohne-q9a
83301909	de.xn--ltzschena-stahmeln-m6b
83302018	de.xn--luftsicherheit-zuverlssigkeit-lqc
83303008	de.xn--marktplatz-hh-eimsbttel-upc
83303156	de.xn--martina-rter-llb
83303361	de.xn--mauck-mller-elektrotechnik-ivc
83303403	de.xn--maxitaxi-mnchen-8vb
83303742	de.xn--mbliertes-apartment-buxtehude-g5c
83304776	de.xn--mhlenau-grten-jfb56a
83305461	de.xn--mk-webgeflster-psb
83305791	de.xn--mnchen-3ya
83305955	de.xn--mnchner-kindl-heim-m6b
83305962	de.xn--mnchner-piett-mfb26a
83306008	de.xn--mnckeberg17-rfb
83307589	de.xn--musikunterricht-mnster-8lc
83308784	de.xn--neumnster-regional-p6b
83309096	de.xn--niedersachsenstrche-46b
83310187	de.xn--ordnungsbehrdlicher-bestatter-q5c
83310757	de.xn--p1-pdagogik-o8a
83311295	de.xn--pdagogisches-duett-ltb
83311938	de.xn--pflegeheimpriormhle-lbc
83312796	de.xn--pnv-steinburg-hmb
83313240	de.xn--praxis-lechtenbhmer-46b
83314154	de.xn--pseldorf-n4a
83314662	de.xn--ra-rcken-q4a
83314691	de.xn--rabro-mva
83315514	de.xn--rechtsanwalt-bnde-g3b
83315865	de.xn--regina-jck-x5a
83316050	de.xn--reisebro-c6a
83317936	de.xn--ruppelsmbelkiste-twb
83318583	de.xn--sanitr-notdienst-mnchen-z7b72d
83318726	de.xn--sanittshaus-wolfenbttel-z7b82d
83319936	de.xn--schlsseldienst-backer-cic
83319984	de.xn--schlsseldienst-borna-sec
83319996	de.xn--schlsseldienst-dbeln-jbc3j
83319997	de.xn--schlsseldienst-delitzsch-ysc
83320017	de.xn--schlsseldienst-eilenburg-ysc
83320047	de.xn--schlsseldienst-grimma-cic
83320257	de.xn--schlsseldienst-mnchen24h-yscm
83320350	de.xn--schlsseldienst-torgau-cic
83320368	de.xn--schlsseldienst-weissenfels-1zc
83320422	de.xn--schlsseldienstkelheim-cic
83320524	de.xn--schlsselnotdienst-halle-saale-obd
83321861	de.xn--schttelnttet-djb1f
83324179	de.xn--silberrcken-on-tour-cbc
83325092	de.xn--spd-frstenfeldbruck-99b
83326542	de.xn--stdtereise-hamburg-mtb
83326547	de.xn--stdtereisen-europa-mtb
83326863	de.xn--steuerberater-jrgensen-6lc
83326866	de.xn--steuerberater-mnchen-3ec
83327806	de.xn--studienkolleg-mnchen-3ec
83327895	de.xn--stverstuuv-fcb
83328806	de.xn--taunustrtchen-omb
83328972	de.xn--tc-berruhr-ceb
83329129	de.xn--teich-und-gewsserservice-2bc
83330251	de.xn--tischlerei-wolfenbttel-9lc
83330448	de.xn--top-entrmpler-3ob
83330683	de.xn--trambahnhusl-ocb
83331068	de.xn--tribnengeflster-2vbh
83331660	de.xn--tv-waldmnchen-3ob
83332807	de.xn--verfgbarkeit-internet-cic
83334163	de.xn--wacker-schnwalde-vwb
83334621	de.xn--wasserqualitt-trinkwasserqualitt-wyct
83335801	de.xn--wiesbaden-zahnrztin-twb
83336329	de.xn--wis-joa
83337280	de.xn--wrzburg-news-dlb
83337283	de.xn--wrzburg-stadtfhrung-59bn
83337493	de.xn--wunderklnge-s8a
83338188	de.xn--zauberflte-allach-6zb
83338901	de.xn--zukunft-fr-madurai-u6b
83339126	de.xn--zvbaw-ova
83339407	de.xobor
83339841	de.xpdays
83340179	de.xprag
83340193	de.xpress-schluesseldienst
83340263	de.xps-forum
83340449	de.xregion
83340677	de.xsized
83341458	de.xundy-podcast
83341459	de.xunil
83341554	de.xvm
83341615	de.xwolf
83341851	de.xxl-logistic
83341862	de.xxl-montageservice
83341963	de.xxl-transport
83342367	de.xy-portal
83342507	de.xyonline
83342519	de.xyrechtsanwaelte
83343696	de.yachtschule-meridian
83343973	de.yager-code-therapie
83344573	de.yamatoramps
83346727	de.yasiyoruz
83347066	de.yayuco
83348407	de.yello
83348439	de.yellow
83348475	de.yellow-fly
83349035	de.yescapa
83352172	de.yoga-psychotherapie
83352871	de.yoga2be
83355142	de.yogawasserklang
83355571	de.yoho-hamburg
83355705	de.yolandagutierrez
83355719	de.yolawo
83355841	de.yomma
83355894	de.yong-korean
83355895	de.yong-naturheilpraxis
83357080	de.yota-hamburg
83357268	de.you-and-mee
83357492	de.you-loft
83357506	de.you-muc
83357873	de.youbility
83358069	de.youccom
83358364	de.youness-service
83358493	de.young-musical-academy
83358663	de.youngdata
83358706	de.younggeqos
83358728	de.younginthe80s
83358749	de.youngmakersfestival
83359146	de.your-catering
83360020	de.yourmunichtour
83360249	de.yourslice
83360454	de.yourway2life
83360569	de.yousefi-interkulturell
83360756	de.youtoweb
83362224	de.yspot
83363521	de.yumme-lieferservice-plauen
83363686	de.yunodigital
83364928	de.z-e-b
83365064	de.z-m-s
83366334	de.zabel-haus
83366620	de.zachmeier
83366666	de.zack-umzuege
83367130	de.zafira-forum
83368132	de.zahnaerzte-bad-kissingen
83368445	de.zahnaerzte-hannover-mitte
83368589	de.zahnaerzte-in-harvestehude
83368638	de.zahnaerzte-kaiserbaeder
83368756	de.zahnaerzte-marienplatz
83368944	de.zahnaerzte-riedstadt
83369156	de.zahnaerzte-weyhausen
83369238	de.zahnaerztehaus-rahlstedt
83369362	de.zahnaerztin-bruennlein-stankewitz
83369379	de.zahnaerztin-dr-brand
83369534	de.zahnaerztin-muehltal
83369595	de.zahnaerztin-segal
83369689	de.zahnaerztinnen-wunstorf
83369939	de.zahnarzt-am-nordbad
83370509	de.zahnarzt-braun
83370684	de.zahnarzt-ciecior
83370807	de.zahnarzt-diehm
83371053	de.zahnarzt-dr-jochum
83371057	de.zahnarzt-dr-juette
83371330	de.zahnarzt-drbecker
83371655	de.zahnarzt-experte
83371778	de.zahnarzt-frankfurt-tomovic
83371863	de.zahnarzt-funk
83372602	de.zahnarzt-huellhorst
83373058	de.zahnarzt-karli1
83373728	de.zahnarzt-mancino
83374068	de.zahnarzt-mustafayev
83374073	de.zahnarzt-mvz-kassel
83374646	de.zahnarzt-praxis-schwarz
83374661	de.zahnarzt-praxisfinder
83374781	de.zahnarzt-regensburg
83375378	de.zahnarzt-sendlinger-strasse
83375528	de.zahnarzt-stawicki
83376613	de.zahnarztgoldin
83376825	de.zahnarztpraxen-emsland
83377628	de.zahnarztpraxis-dr-haubold
83377684	de.zahnarztpraxis-dr-lutz-tiller
83377727	de.zahnarztpraxis-dr-ralph-tiller
83378412	de.zahnarztpraxis-heim
83378631	de.zahnarztpraxis-in-krefeld
83378793	de.zahnarztpraxis-kehler
83379307	de.zahnarztpraxis-merzig
83379970	de.zahnarztpraxis-schmuecker
83380667	de.zahnarztpraxis-wotschal-huellhorst
83381064	de.zahnarztwesterwald
83381065	de.zahnarztwetzlar
83381582	de.zahngesundheit-erlangen
83382337	de.zahnmaennle
83382430	de.zahnmedizin-blankenese
83382779	de.zahnmedizin-wunstorf
83383195	de.zahnspange-billstedt
83383304	de.zahnspangensuche
83383347	de.zahnstrategen
83383518	de.zahntechnik-jahn
83383920	de.zahnzentrum-abc-bogen
83383940	de.zahnzentrum-boenen
83383962	de.zahnzentrum-fehrmann
83384214	de.zahsow
83384851	de.zamanand
83385050	de.zamperl-amore
83385586	de.zap-baum
83385956	de.zapondo
83387760	de.zarrentin
83387830	de.zart
83388459	de.zaster-magazin
83388916	de.zauber-kiste
83388971	de.zauber-pflanzen
83389450	de.zauberer-bayern
83389601	de.zauberer-in-karlsruhe
83390940	de.zaubermarkus
83391351	de.zauberschule-hamburg
83391361	de.zauberschule-muenchen
83393940	de.zaunschnaeppchen
83394291	de.zausinger-fotografie
83394404	de.zavu
83394752	de.zbo-hamburg
83394967	de.zdb-katalog
83395005	de.zdf
83395029	de.zdfheute
83395052	de.zdh
83395100	de.zdk-hamburg
83395110	de.zdl-berlin
83395169	de.zds-seehaefen
83395311	de.zebau
83395485	de.zebralog
83395969	de.zedo-website-center
83396452	de.zehnders-wohnmobile
83397074	de.zeigs-an
83397208	de.zeilensturm
83397428	de.zeit
83397613	de.zeit-geschichten
83397703	de.zeit-stiftung
83397705	de.zeit-stiftung-bucerius
83397729	de.zeit-verlagsgruppe
83397886	de.zeitarbeit-rechtsanwalt
83397966	de.zeitbild
83398104	de.zeitenvogel
83398515	de.zeitgeschehen
83398528	de.zeitgeschichte-hamburg
83398533	de.zeitgeschichte-online
83398574	de.zeithistorische-forschungen
83398611	de.zeitkapsel-hasenbergl
83399187	de.zeitraum-wohnungsaufloesung
83399392	de.zeitschrift-luxemburg
83399420	de.zeitschrift-suburban
83399647	de.zeitung-61
83399669	de.zeitung-im-dialog
83400263	de.zell
83400269	de.zell-am-neckar
83400664	de.zellnerhof-chiemsee
83400704	de.zellua
83400998	de.zeltkinder
83401052	de.zeltlager-glashuetten
83401280	de.zeltsperger-iw
83401564	de.zementblog
83401639	de.zemo-tools
83401965	de.zenary
83402303	de.zenith-umzuege
83402885	de.zentralarchiv-speyer
83402953	de.zentrale-stelle-sapos
83403274	de.zentrum-augenheilkunde
83403282	de.zentrum-bergedorf
83403325	de.zentrum-der-welt
83403332	de.zentrum-deutsche-sportgeschichte
83403415	de.zentrum-fuer-kriminologie-polizeiforschung
83403543	de.zentrum-kinderneurologie
83403550	de.zentrum-klimaanpassung
83403962	de.zeo-solar
83404084	de.zep-hh
83405597	de.zergo
83405600	de.zergportal
83407458	de.zerowaste-muenchen
83407462	de.zerowasteagentur
83407476	de.zerowastekoeln
83407484	de.zerowasteverein
83407511	de.zerrahn
83408208	de.zettmann
83408230	de.zety
83408284	de.zeugenjehovas-ausstieg
83408578	de.zevedi
83408579	de.zeven
83408644	de.zewumobil
83408821	de.zfbt
83408946	de.zfk
83409000	de.zfn
83409131	de.zfu
83409239	de.zgd-hamburg
83409333	de.zgs-steuerberater
83409551	de.zhila
83409571	de.zhiveemv
83409572	de.zhivemv
83409906	de.zhyvemov
83410033	de.ziarulromanesc
83410039	de.zib
83411213	de.ziel-im-visier
83411260	de.zielbar
83411409	de.zielke-online
83411441	de.zielnull
83411726	de.zieren
83411843	de.zierhut-it
83411912	de.zierschildkroete
83412123	de.zigarettenverband
83412367	de.zijemev
83412550	de.zillerplus
83413763	de.zimmerei-fr-meyer-lengerich
83415247	de.zimmerei-singhammer
83415917	de.zimmerer-lindau
83415921	de.zimmerer-memmingen-mindelheim
83415925	de.zimmerer-muenchen
83416137	de.zimmermann-autokrane
83416266	de.zimmermann-heitmann
83416297	de.zimmermann-ivd
83416427	de.zimmermann-team
83416446	de.zimmermann-umzug
83416698	de.zimmervermietung-am-deich
83417075	de.zimtblume
83417433	de.zinke-grafik
83417706	de.zinnoberhaus
83417737	de.zinnschmelze
83417813	de.zinsbaustein
83417902	de.zinshaus-investor
83418591	de.zirkel-fuer-kulturelle-bildung
83418918	de.zirndorf
83419003	de.zis-hamburg
83419101	de.zispotlight
83419485	de.zittau
83419498	de.zittau-lokal
83419512	de.zittauer-anzeiger
83419583	de.zitzelsberger-augsburg
83419648	de.zivd
83419710	de.ziviler-hafen
83419722	de.zivilgesellschaft-ist-gemeinnuetzig
83419784	de.zivimou
83419798	de.zivotuminhenu
83419802	de.ziw-blog
83419960	de.zk-muc
83420017	de.zke-heusweiler
83420026	de.zkf
83420039	de.zkfs
83420098	de.zkmb
83420263	de.zlg
83420267	de.zlh-hamburg
83420403	de.zm-online
83420590	de.zmk-norddeutschland
83421207	de.zoder-spedition
83421257	de.zoe-delay
83421544	de.zoernig
83421583	de.zoettl
83421804	de.zolar
83421955	de.zollenspieker-faehrhaus
83422586	de.zonenklaus
83422829	de.zontamuenchen-says-no
83422892	de.zoo-britz
83422958	de.zoo-infos
83423270	de.zoohandel-konstanz
83423463	de.zoom-spb
83423564	de.zoommedienfabrik
83423676	de.zooplus
83423736	de.zoosky24
83424235	de.zornrot
83425098	de.zoumesto
83425708	de.zpd
83425778	de.zpg-bayern
83426284	de.zqp
83426576	de.zs-uebersetzung
83426595	de.zsam-chalets
83426827	de.zsl-bw
83426833	de.zsl-mainz
83427198	de.zu
83427247	de.zu-fuss-zur-schule
83427267	de.zu-hause-gesund-werden
83427283	de.zu-meiner-heilpraktikerin
83427286	de.zu-muellers
83427891	de.zuckerkueche
83427916	de.zuckermandel
83428040	de.zuckertag
83428352	de.zuendfunke-hh
83428402	de.zuendstoff-nachrichten
83428591	de.zufluchtkultur
83428846	de.zugfunk-podcast
83428951	de.zugreiseblog
83428979	de.zugsh
83429065	de.zugutfuerdietonne
83429141	de.zuhause-altern
83429501	de.zukkermaedchen
83429673	de.zukunft-der-verwaltungsgerichtsbarkeit
83429715	de.zukunft-elbinsel
83429934	de.zukunft-kirchen-raeume
83430027	de.zukunft-nachhaltige-mobilitaet
83430204	de.zukunft-viktualienmarkt
83430276	de.zukunftbau
83430308	de.zukunftdeseinkaufens
83430363	de.zukunfthelden
83430438	de.zukunftnahverkehr
83430576	de.zukunftsbranche-bahn
83430666	de.zukunftsfinder
83430684	de.zukunftsforum-blankenese
83430713	de.zukunftsforum-rissen
83430931	de.zukunftsnetzwerk-oepnv
83431017	de.zukunftsraeume-niedersachsen
83431018	de.zukunftsrat
83431028	de.zukunftsraum-urbane-landwirtschaft
83431108	de.zukunftsstandort-deutschland
83431274	de.zukunftswerkstatt-lokstedt
83431326	de.zukunftszentren
83431426	de.zulassung-stocker
83431429	de.zulassung-wetzlar
83431448	de.zulassungscenter-muc
83431452	de.zulassungsdetails
83431455	de.zulassungsdienst-bayern
83431543	de.zulassungsservice-muenchen
83431550	de.zulassungsstelle
83431596	de.zulassungsstellen
83431608	de.zulauf-online
83431702	de.zum
83431731	de.zum-alten-bahnhof-blunk
83431782	de.zum-alten-pfau
83431783	de.zum-alten-ponyhof
83431998	de.zum-dammerbauer
83432594	de.zum-kuchlbauer
83432614	de.zum-lachenden-shruuf
83433704	de.zumfeindgemacht
83433724	de.zumflaucher
83433869	de.zumhansenbauer
83434841	de.zupfmusiker
83434863	de.zuppanova
83435214	de.zur-jade
83435437	de.zur-nachahmung-empfohlen
83436653	de.zusammen-in-hamburg
83436795	de.zusammenkultur
83436802	de.zusammenleben-berlin
83437382	de.zuzuku
83437611	de.zvg-termine
83437952	de.zwangsabzocke-nein
83437971	de.zwangsarbeit-in-hamburg
83438016	de.zwangspsychiatrie
83438176	de.zwarlangenfeld
83438250	de.zweckorientiert
83438306	de.zweenhalb
83438316	de.zwei-abenteurer
83438567	de.zweidiereisen
83439543	de.zweirad-starnbergersee
83439824	de.zweiradmechaniker-innung-hamburg
83440081	de.zweistein
83440508	de.zweitwohnsitzsteuer
83440515	de.zweitzeugen
83441016	de.zwergenwelt
83441402	de.zwg-ev
83441653	de.zwiefach
83441848	de.zwillingswelten
83442339	de.zwischensprachen
83442370	de.zwischenwaldundwelt
83442403	de.zwischenzimmer
83442477	de.zwnetz
83442837	de.zyankali
83443311	de.zza-online
83443354	de.zzf-potsdam
83452805	dental.rathaus
83463497	design.calculate
83479762	design.markus-fabich
83483106	design.o-n
83487557	design.sasin
83516035	dev.bendix
83526223	dev.ciss
83536709	dev.digitalservice
83554939	dev.gstars
83556917	dev.harting
83604286	dev.perrotta
83607709	dev.prismix
83612644	dev.relaunch
83632325	dev.stefan-behrendt
83652065	dev.workers
83669032	digital.basecamp
83669785	digital.bergpass
83669807	digital.bernard
83670168	digital.bidt
83670258	digital.bildung
83676222	digital.clicks
83686652	digital.flyeralarm
83688976	digital.gleichen
83695127	digital.intraplan
83696379	digital.jugendarbeit
83697583	digital.kokon
83697628	digital.kompetenzzentrum-pflege
83698958	digital.lernwerkstatt
83703663	digital.muenchen
83704535	digital.netflow
83705990	digital.niedersachsen
83720124	digital.strassenverkehrsamt
83720263	digital.stva
83720317	digital.suchtberatung
83721868	digital.teilhabe65plus
83725883	digital.uvn
83732240	digital.zulassungsstelle
83733578	direct.eyes
83735558	directory.2fa
83749381	dk.2verdenskrig
83754416	dk.aagaardkommunikation
83776461	dk.arkisafe
83789978	dk.baumbad
83797116	dk.biggerpicture
83798716	dk.billigstityskland
83800061	dk.birdhouse
83810163	dk.bornibyen
83814734	dk.brotherskeeper
83833498	dk.christianvestergaard
83848858	dk.danishadventurer
83850022	dk.dansehallerne
83856013	dk.dekoning
83857264	dk.dengang
83861738	dk.dieckmann-family
83874785	dk.easyterra
83889773	dk.excathedra
83895292	dk.fdm
83896090	dk.ferie-niedersachsen
83919075	dk.fynsgade
83930046	dk.godtur
83930777	dk.golftips
83933906	dk.grelbersforlag
83934266	dk.grevindenpaatredje
83936013	dk.gsaa1976
83963162	dk.holocaust-uddannelse
83966607	dk.hotelspecials
83971404	dk.hvorskalmanbo
83973775	dk.idkon
83990830	dk.johnny-therkildsen
84018566	dk.krudtlager
84019262	dk.ku
84025676	dk.landskabsarkitekter
84032932	dk.libratum
84044092	dk.luposgarage
84053707	dk.marselisborg-gym
84077296	dk.museumsmagasinet
84084546	dk.nettosten
84085036	dk.new-horizons
84086142	dk.ni
84088457	dk.niwa
84100700	dk.oktoberfestmunchen
84107576	dk.overgangsalderen
84122050	dk.positivenyheder
84134641	dk.reddynamite
84136128	dk.rejsekris
84136290	dk.rejsespejder
84136326	dk.rejsezoo
84142094	dk.rishi
84146106	dk.roseridanmark
84149808	dk.sabinsky
84155293	dk.scandlines
84161230	dk.sf-vestamt
84190433	dk.spanishsky
84196072	dk.stayclassy
84199337	dk.storbyfan
84199345	dk.storbyguide
84200389	dk.strategiskeksportogsalg
84229527	dk.travelhunter
84230042	dk.trendnyt
84230065	dk.trendsandtravel
84245593	dk.verasvintage
84250149	dk.villa-nordic
84286591	dk.yukon-tours
84303472	do.saas
84306659	doctor.pritsch
84308218	dog.bello
84325402	earth.all-for-one
84327450	earth.dyme
84329234	earth.hula
84330663	earth.nao
84332553	earth.sid
84338770	ec.com.equipetrol
84354973	eco.elektrify
84354977	eco.elli
84359583	edu.brookings
84359958	edu.carleton
84361014	edu.cornell
84361655	edu.dickinson
84361711	edu.dit
84362350	edu.esf
84363580	edu.gwu
84363881	edu.heritage
84363994	edu.hm
84365459	edu.khai
84365548	edu.kit
84367389	edu.mit
84367686	edu.msu
84370322	edu.sae
84370717	edu.sdsu
84371586	edu.stanford
84372062	edu.syracuse
84372105	edu.talladega
84372972	edu.ucar
84373035	edu.uci
84373085	edu.ucsb
84373206	edu.uga
84373954	edu.usf
84374920	edu.wisc
84377067	education.bsw
84382448	education.profuturo
84392534	ee.abz
84407510	ee.eaa
84408623	ee.edu.tln
84419446	ee.headreisi
84437032	ee.linktr
84438618	ee.lve
84452713	ee.planet
84483178	ee.xn--schwarzenhupter-9kb
84515138	energy.dorf
84515416	energy.embargo
84517973	energy.node
84518649	energy.rabot
84552032	es.86400
84570008	es.ahorasemanal
84597835	es.ardusimple
84598342	es.areopago
84600876	es.arquitecturayempresa
84615070	es.autoeurope
84629651	es.baumbad
84641528	es.bloggt
84643095	es.bodaenplaya
84650072	es.bufete-de-abogados
84656222	es.calentamientoglobal
84657437	es.cambiandoelfoco
84668801	es.casadacarballeira
84684612	es.cervantes
84701234	es.cluengo
84725746	es.comolovi
84732197	es.consumer
84745753	es.cursosinemweb
84759545	es.desitin
84777911	es.easyterra
84792442	es.elmundo
84795547	es.elviajedetuvida
84798469	es.enbicipormadrid
84816637	es.exactchange
84833808	es.flane
84838545	es.foromusicos
84849710	es.futbolbasetrainer
84855324	es.gdphomologaciones
84863618	es.gob.educacionfpydeportes
84863653	es.gob.exteriores
84864379	es.goethe-cursosenalemania
84871726	es.grupojaraelsa
84878580	es.hallodeutschland
84887783	es.hiperico
84900390	es.huffingtonpost
84915505	es.informematriculadgt
84926017	es.isarey-document-attestation
84932948	es.jcyl
84936823	es.jorgerando
84941402	es.juntadeandalucia
84948943	es.krause-systems
84952060	es.laboratoriolinux
84979567	es.losviajesdegulliver
84988076	es.maldita
85020627	es.monnasbeautysalon
85024297	es.moveria
85025256	es.mrlodge
85051506	es.octoparse
85060233	es.org.arquitectura
85089437	es.plataformatrans
85151296	es.scafom-rux
85169531	es.skynamic
85181838	es.sorbisch
85193794	es.swapfiets
85235706	es.unaenergia
85236113	es.uned
85239803	es.uv
85248638	es.viajandolavida
85248641	es.viajandoporeuropa
85249218	es.viajespertur
85285674	estate.ffreal
85297872	eu.112interreg
85304096	eu.20creathon
85306444	eu.2beers
85308885	eu.3-loe
85316929	eu.abican
85318380	eu.accessibilityplanning
85318394	eu.accessibleai
85318561	eu.accordproject
85318590	eu.accounting-summer-school
85319326	eu.aconium
85322423	eu.adtax
85327571	eu.ahojnachbarn
85328934	eu.airdolomiti
85331025	eu.aktivregion-pinneberg
85333059	eu.alexanderdacos
85334004	eu.alignai
85335077	eu.allinc
85336369	eu.alpine-space
85336639	eu.alske-freter
85339364	eu.amigos-project
85339463	eu.amisdujumelagerouenhanovre
85344469	eu.antidiskriminierungsforum
85345174	eu.anwalt-hamburg
85346038	eu.apelsin
85347216	eu.appsec
85347608	eu.aqua-concept-gmbh
85349229	eu.architecturematters
85352116	eu.art5
85352495	eu.artefakt
85354461	eu.asbuelten
85354480	eu.ascend-project
85355028	eu.asiascholars
85355988	eu.asmat
85357378	eu.astrocohors
85357439	eu.astrologisch
85358228	eu.atemschutzunfaelle
85359920	eu.auau
85361104	eu.augenakupunktur
85361107	eu.augenarzt-hamburg
85362386	eu.autobahn
85362708	eu.autoeurope
85366683	eu.avinus-magazin
85369899	eu.b98
85372163	eu.bajabikes
85373097	eu.baltic-games
85373424	eu.baltictours
85374519	eu.barcamps
85378241	eu.bavaria-guide
85380177	eu.bdz
85383043	eu.beltex
85384171	eu.berklix
85386200	eu.betrifftkinder
85388061	eu.bibliojobs
85388594	eu.biewer-yorkshire-terrier
85389346	eu.bikepass
85389542	eu.bild-ar
85389614	eu.bildung-fuer-alle
85389618	eu.bildung-wissen
85390758	eu.biodiversity-premises
85391598	eu.biorama
85392295	eu.biroto
85395405	eu.blechprofis
85395782	eu.blitzhypnose
85396214	eu.blogpage
85396959	eu.bluemag
85398292	eu.bodenseewest
85398701	eu.boerstech
85399915	eu.bonzza
85400710	eu.borho
85401257	eu.botenstoff
85402704	eu.brandenberger
85403613	eu.brennerbasisdemokratie
85405855	eu.brusselssignal
85406265	eu.bs04
85406567	eu.bsfisi
85406609	eu.bsinfo
85407214	eu.buchmesse-saarbruecken
85407742	eu.bueroklass
85410845	eu.business-traveler
85413567	eu.c1biker
85415923	eu.cambiarevita
85416572	eu.campingchannel
85419515	eu.cara
85420667	eu.cargoplast
85422616	eu.cartographymaster
85423448	eu.cascade-bsr
85423897	eu.casinocityguide
85425904	eu.cbi
85427079	eu.cedslovakia
85429019	eu.centrinno
85430111	eu.certalege
85430748	eu.ceus-course
85434453	eu.cheeseweb
85437104	eu.christiansblog
85439017	eu.circuit-project
85439121	eu.circularlab-bayern
85439216	eu.circuse
85439610	eu.cities4people
85439921	eu.city-parking-in-europe
85440429	eu.civitalis
85442552	eu.clevercities
85443496	eu.clixmedia
85445004	eu.club-ts-hamburg
85449227	eu.comicaze
85451117	eu.concordatwatch
85456621	eu.coworking-muenchen
85457908	eu.creative-gaming
85458838	eu.crimesagainsthumanity
85464088	eu.cybernex
85464405	eu.cyclonara
85467676	eu.danielfreund
85470090	eu.datamaps
85471784	eu.dbxchange
85473099	eu.decarbcitypipes2050
85473103	eu.decarbomile
85477530	eu.democratising-the-family
85477951	eu.denkhaus
85479394	eu.dergloeckel
85481177	eu.deutsche-schule
85481248	eu.deutschessprachdiplom
85482325	eu.dgfn
85484100	eu.didactmedia
85486728	eu.digiur
85487564	eu.diplomatmagazine
85489108	eu.divikom
85489438	eu.djangoo
85490375	eu.dmhs
85491304	eu.doctornearme
85496466	eu.dpoblog
85499014	eu.druckerei-hamburg
85502967	eu.dzhw
85505783	eu.early-project
85506163	eu.easterhegg
85506491	eu.easyengineering
85506928	eu.eautobahn
85509593	eu.eclexam
85510611	eu.ecologic
85511333	eu.ecospeed
85511659	eu.ecpr
85512159	eu.edch
85512815	eu.edith-stein
85512990	eu.edmo
85515628	eu.efus
85515838	eu.eggbi
85516159	eu.egu
85516477	eu.ehri-project-test
85517022	eu.eike-klima-energie
85517599	eu.eiturbanmobility
85517703	eu.ejo-online
85519340	eu.electro-lagune
85520009	eu.elektrowelt24
85520444	eu.elfenwiese
85521327	eu.elliniki-gnomi
85524573	eu.encr
85525544	eu.energieagentur-regio-freiburg
85526159	eu.energiezukunft
85526479	eu.energy-cities
85526595	eu.energy-in-balance
85527170	eu.energyload
85528885	eu.enrs
85531626	eu.epico-libraries
85532453	eu.eqar
85534022	eu.erik-marquardt
85535047	eu.esaver
85535276	eu.esche
85536645	eu.esra-org
85537396	eu.estudiareneuropa
85539533	eu.eucrim
85540206	eu.euline
85540862	eu.eurashe
85542032	eu.eurocities
85542559	eu.eurogeojournal
85543232	eu.europa
85543301	eu.europa-urlaub
85543514	eu.europakompass
85543563	eu.europan-europe
85543940	eu.europe-visa
85544118	eu.european-funding-guide
85544287	eu.european-visions
85545591	eu.europelink
85545881	eu.europolitis
85546509	eu.eurotourtrip
85546962	eu.eusset
85548585	eu.evolutiontravel
85549826	eu.exkurs
85550046	eu.expatsguide
85550212	eu.experteach
85552395	eu.fachanwalt-arbeitsrecht-hamburg
85552951	eu.fair2adapt-eosc
85553693	eu.familie-sterr
85553896	eu.familygo
85555789	eu.fau
85556833	eu.feelware
85558234	eu.ferienwohnungen-oberaudorf
85558431	eu.ferranporta
85558765	eu.festival-wortspiele
85560997	eu.filipin
85562182	eu.findyourpension
85565939	eu.fliesen-bauer
85566401	eu.floesserstrasse
85569481	eu.foraminifera
85571930	eu.fotorecht-seiler
85573018	eu.francais-d-allemagne
85573525	eu.frankfurt-oder
85574400	eu.frechdaxradio
85576480	eu.freimann
85576524	eu.freinold
85577360	eu.frenchmoments
85578169	eu.freudich
85578224	eu.frey
85581816	eu.frontaliers-grandest
85583028	eu.fruechtewelt
85588631	eu.futurehubs
85588686	eu.futurenzyme
85588930	eu.fvnj
85589730	eu.gadmo
85589768	eu.gaenseblum
85589995	eu.gaisbock
85590874	eu.gallay
85592208	eu.gardenerscentre
85592470	eu.garten-doc
85592751	eu.gastgarten
85593349	eu.gazetem
85593872	eu.gdprhub
85594273	eu.gedenkorte-europa
85598875	eu.gerald-fahrnholz
85606901	eu.gobin
85608461	eu.gommedalavoro
85608732	eu.goodjobs
85609494	eu.gotze
85611349	eu.graulaw
85612484	eu.greeneuropeanjournal
85613021	eu.greenseniors
85614204	eu.gronda
85614358	eu.grosslaub
85614988	eu.grumberg
85615531	eu.gs-forum
85617614	eu.guntersblum
85619320	eu.h2you
85622913	eu.hamburgfuture
85622919	eu.hamburgname
85622922	eu.hamburgski
85622924	eu.hamburgtrend
85622927	eu.hamburgyes
85623343	eu.handshakecycling
85623706	eu.hanse-parlament
85625700	eu.haus-hanni
85626029	eu.hausundenergie
85626689	eu.hdbg
85627619	eu.healthworkforce
85629108	eu.heiratsagentur-karina
85629892	eu.help-online
85629976	eu.helpinghandsforall
85630342	eu.henning-uhle
85630665	eu.herberz
85636319	eu.hghh
85637760	eu.hidrobrasil
85638393	eu.high-class-escortes
85647822	eu.hoecker
85648588	eu.hoessl
85649310	eu.hofwiese
85650607	eu.holgerartus
85659075	eu.hospitalteachers
85659541	eu.hotel-blauer-karpfen
85661247	eu.housingcoop
85662067	eu.hrtraductions
85662702	eu.huebener-ag
85662733	eu.huencke
85663710	eu.hupmobile-project
85664553	eu.hydrografix
85664554	eu.hydrografix-consulting
85666346	eu.iale-europe
85666404	eu.iamhh
85666648	eu.ib1
85667091	eu.ibsg
85667264	eu.icar-us
85667719	eu.ichbinhier
85668078	eu.icos-cp
85670119	eu.ifbg
85670823	eu.ihamburg
85670968	eu.ihre-ferienwohnung
85673772	eu.immobilien-als-kapitalanlage
85675098	eu.imunich
85675203	eu.in-jet
85675463	eu.inbets
85675729	eu.inclusion-europe
85678972	eu.informationgrid
85681519	eu.innovationbridge
85684537	eu.interfacerproject
85684834	eu.intermaths
85685000	eu.internationalerfuehrerschein
85685143	eu.internetanbieter
85685431	eu.interreg-baltic
85685682	eu.interteam
85685755	eu.interviewtraining
85689846	eu.irganda
85693919	eu.it-buero
85697673	eu.jadecare
85699091	eu.janoostenbrink
85703451	eu.jobbusiness
85703731	eu.jochengerz
85706440	eu.jumelage
85706888	eu.jurnalulromanesc
85707251	eu.justsafe-project
85707891	eu.k-u-n-s-t
85712609	eu.kanzlei-dwaz
85713361	eu.karlobag
85713637	eu.karso-unterwegs
85713649	eu.karstenkramer
85714786	eu.kaufungen
85715378	eu.kdz
85715477	eu.keep
85717081	eu.kft-foerderverein-ghs
85718439	eu.kilometerfresser
85718704	eu.kindervater
85719460	eu.kismet-project
85720721	eu.klicksafe
85721766	eu.knoop-bau
85723340	eu.kommunalflaggen
85726543	eu.kowalowa
85727275	eu.krahn
85728007	eu.kreis-slf
85729743	eu.kuechmeister
85730176	eu.kulturkreis
85733448	eu.laac
85735497	eu.laendlicher-raum
85738043	eu.landschildkroeten-forum
85738402	eu.lannach
85739700	eu.lastknightnik
85740119	eu.latvia
85740301	eu.lauracretti
85741067	eu.lazytrip
85742345	eu.lebalto-leblog
85744207	eu.leitzcloud
85746313	eu.leopoldstrasse
85746610	eu.lerntherapie-mv
85747281	eu.lessurligneurs
85750146	eu.libreas
85753057	eu.lindengarten
85755387	eu.liveparking
85755551	eu.living-in
85756789	eu.localstaff4climate
85757510	eu.logicline
85757778	eu.logopaedie-praxis
85758664	eu.looxz
85759148	eu.lothar-bendig
85760185	eu.lowtemp
85761804	eu.luitpold-gymnasium
85763842	eu.m-k-o
85765474	eu.maekeler
85765630	eu.mafratours
85766406	eu.magnetschmuckshop
85767482	eu.majorzeman
85767915	eu.makroskop
85770143	eu.mapindoor
85770276	eu.maquinasvirtuales
85774019	eu.marmic
85776386	eu.matera
85776700	eu.mathmods
85777841	eu.maximini
85782865	eu.mediplan
85783309	eu.medtechcatalyst
85784430	eu.meining
85785629	eu.mentalhealthspace
85788210	eu.metamorphosis-project
85788778	eu.metropolregion-muenchen
85789846	eu.micadoproject
85790713	eu.micki
85791047	eu.micro-hub
85795823	eu.mithosproject
85797832	eu.mobiliter
85797846	eu.mobility-dataspace
85800844	eu.monica-project
85805085	eu.move-forward
85805935	eu.mpu-akademie
85805988	eu.mr-energy
85806121	eu.mred-muc
85806229	eu.mrlodge
85806461	eu.ms-selbsthilfe-andernach
85808819	eu.muenchen-heilpraktiker
85809709	eu.munich-business
85809714	eu.munich-trend
85809720	eu.munichfuture
85809726	eu.munichname
85809728	eu.munichski
85809730	eu.munichyes
85810187	eu.museums
85810744	eu.musikzirkus
85813607	eu.mysmartlife
85815449	eu.n-bn
85816724	eu.nam-nam
85820136	eu.naturwanderpark
85823773	eu.netzerocities
85823884	eu.neuendettelsau
85826526	eu.newworldblueprint
85826772	eu.nextconf
85831028	eu.nmba
85832130	eu.noluck
85832613	eu.noordzeespoorcorridor
85834651	eu.novayagazeta
85835305	eu.noyb
85836467	eu.nurido
85837835	eu.ober-widdersheim
85837870	eu.oberlausitzmyhome
85839921	eu.offensive-mittelstand
85840274	eu.oficinamediaespana
85841793	eu.oktoberfest
85847913	eu.opendatamonitor
85848862	eu.oppla
85850260	eu.organic-cities
85853791	eu.ournewstart
85854270	eu.overdeveloped
85855134	eu.p-t-m
85856877	eu.paluba
85856950	eu.pametni-gradovi
85859086	eu.parijus
85860222	eu.parkettlegerhandwerk
85861427	eu.passek
85863832	eu.pdh
85864243	eu.pechundschwefel
85865351	eu.pension-schmidt
85865877	eu.pep-net
85867836	eu.peterundbrigitte
85868774	eu.pflegewiki
85871363	eu.physio24
85871399	eu.physiopark
85876887	eu.planktonforum
85878216	eu.pleasurescapes
85881279	eu.polish-law
85881354	eu.polisnetwork
85883017	eu.poolitzer
85884696	eu.postgresql
85886317	eu.prace-ri
85892238	eu.procuris
85893607	eu.progressive-governance
85893931	eu.project-ermine
85895016	eu.projet-eee
85896776	eu.protestinstitut
85903966	eu.qualzucht-datenbank
85906111	eu.radicestujeme
85906366	eu.radioblog
85907958	eu.rainman-toolbox
85909019	eu.randzio-plath
85909646	eu.ratgeber-magazin
85910963	eu.re-mapping
85912586	eu.rechenauer
85912591	eu.rechenzentrumreinigung
85912679	eu.rechtsanwalt-hemer
85915424	eu.regensburg24
85916417	eu.reisefotografien
85916486	eu.reisetravel
85917251	eu.rem-consult
85917609	eu.remote-health
85918050	eu.renewable-carbon
85920546	eu.restaurant-split-naumburg
85922522	eu.reworld
85924106	eu.rich2020
85924520	eu.riemert
85926955	eu.robert-weissenbacher
85930467	eu.rollentausch
85930942	eu.romde
85932204	eu.rosadomm
85933856	eu.rrredaktion
85934466	eu.rubyunconf
85934658	eu.rufer
85935205	eu.rupnow
85935211	eu.rupprecht-consult
85937302	eu.sadf
85937769	eu.safers-project
85943070	eu.sbcf
85943578	eu.scandria-alliance
85944344	eu.schaub
85945397	eu.schiedermair
85946668	eu.schoolm
85947349	eu.schule-am-hafen
85947376	eu.schulferien
85947392	eu.schulliste
85947529	eu.schwab-group
85947623	eu.schwarzplan
85947683	eu.schweizer
85948144	eu.scinet
85949912	eu.sdg21
85955908	eu.service-wp
85956021	eu.services4sexworkers
85958382	eu.sharedgreendeal
85958533	eu.sharkz
85958626	eu.shbb
85960947	eu.siegeavecvue
85963103	eu.simskultur
85969146	eu.skludzewo
85969732	eu.skolaprome
85970183	eu.skoumal
85974424	eu.slawinski
85978715	eu.small-microcap
85983126	eu.smartmobilityhubs
85984432	eu.smarturbanlogistics
85984903	eu.smasch
85990305	eu.snkk-mnichov
85997923	eu.solarify
85999585	eu.sonnenspiegel
86005508	eu.spielbudenplatz
86005517	eu.spiele-paradies
86007319	eu.sportunterricht
86008527	eu.ssag
86012000	eu.stb-dethlefs
86012464	eu.stefan-ziller
86015996	eu.strato-hosting
86016712	eu.stripacademy
86017702	eu.studex
86019438	eu.studiumineuropa
86019440	eu.studiumvevrope
86019688	eu.stuts
86022410	eu.superyachtforum
86022565	eu.supportcare-project
86023323	eu.sustainabilityeducation
86023378	eu.sustainable-projects
86031140	eu.tachocontrol-data
86032843	eu.tandemfun
86041790	eu.terginum
86047713	eu.themayor
86050244	eu.thomas-haas
86051168	eu.tictactrip
86051748	eu.tillway
86051900	eu.time-for-metal
86052288	eu.tinagency
86055649	eu.toolfuel
86057697	eu.tourist
86058846	eu.tradu
86058944	eu.trafficon
86058994	eu.trafoturm
86061147	eu.travelguideeurope
86061191	eu.travellerblog
86061907	eu.trendwelten
86066727	eu.tschoeke
86067407	eu.tued
86070794	eu.uamedia
86071941	eu.ubtsch
86074755	eu.umg
86075901	eu.unint
86077810	eu.urbact
86077914	eu.urbanauth
86079375	eu.ustr
86079423	eu.utajovobe
86080537	eu.v-global
86082431	eu.valueminer
86084354	eu.vansite
86086002	eu.vegan
86088300	eu.verbraucher
86090014	eu.verkko-project
86092714	eu.viajarpelaeuropa
86092977	eu.vibrantcity
86092998	eu.vibrio
86096821	eu.visaright
86099335	eu.vivamusica
86100247	eu.vlamynck
86105462	eu.vsw
86105582	eu.vtplus
86105965	eu.vuesdeurope
86107479	eu.waitly
86108924	eu.wasserwiki
86112918	eu.weeklyosm
86113239	eu.wein-consulting
86114027	eu.welovethecity
86114051	eu.welsproductions
86116008	eu.whconsult
86118660	eu.win-win-inclusion
86119771	eu.wirhelfen
86119831	eu.wirtschaftsdienst
86120062	eu.wishfulthinking
86120319	eu.wittenborg
86120667	eu.wmb
86121323	eu.wolkendorf
86121352	eu.wollwaerts
86122903	eu.worldheritageconsulting
86124354	eu.wunschbild
86125565	eu.wzb
86132626	eu.yerusha-search
86134377	eu.yourcharge
86135901	eu.yummystore
86136586	eu.zahnarzt-goettingen
86136587	eu.zahnarzt-hamburg
86139241	eu.zbw
86139243	eu.zbw-mediatalk
86139606	eu.zebis
86141443	eu.zeroemissions
86142542	eu.zikg
86143924	eu.zonguldak
86146234	eu.zwischen-welten
86152437	eus.lemmy
86159470	events.fischmarkt
86160293	events.heimathafenhamburg
86160304	events.hema
86161370	events.kindergeburtstag
86162440	events.mrh
86164442	events.sipandpaint
86174697	expert.dietrich
86179785	expert.vergaberecht
86224077	fi.ardusimple
86228455	fi.autoeurope
86244301	fi.darkridebrothers
86245361	fi.demoshelsinki
86252806	fi.elmobaari
86263615	fi.forest
86296995	fi.jncl
86300035	fi.julkinentaide
86338711	fi.lomalista
86341530	fi.lupinus
86348839	fi.mediaalusta
86349641	fi.mejunaillaan
86396845	fi.raseko
86415354	fi.sgo
86447790	fi.tui
86451626	fi.uef
86452380	fi.unelmatrippi
86453791	fi.utu
86487095	finance.ip
86517480	fitness.bodydom
86526128	fm.cre
86526424	fm.detektor
86526821	fm.edufunk
86526822	fm.edukativ
86527430	fm.freakshow
86527774	fm.geschichte
86528775	fm.isn
86529114	fm.kennzeichen-e
86529638	fm.letscast
86530600	fm.muenchendigital
86533133	fm.secta
86533180	fm.setlist
86534795	fm.tsl
86534866	fm.tux
86534934	fm.ukw
86536071	fm.znaki
86561349	foundation.architekturkultur
86574231	fr.18h39
86618928	fr.aeroaffaires
86619610	fr.aeroport
86638196	fr.airvacances
86664282	fr.ambre
86673704	fr.andmax
86709482	fr.artexpertise
86722894	fr.asso.alarme
86759644	fr.autocarsroissycharlesdegaulle
86760882	fr.autoeurope
86797012	fr.bdv
86804841	fr.benecorps
86815681	fr.biere-actu
86846937	fr.boyardsbull
86875625	fr.caitia
86902152	fr.cassiopeespa
86969415	fr.citytripsadeux
86982162	fr.club-50plus
87071794	fr.delivauto
87127636	fr.easyterra
87134973	fr.ecole-tennis-tcsc
87142209	fr.editions-bordas
87148808	fr.eichhoernchen
87168375	fr.enlargeyourparis
87195518	fr.etpourtantelletourne
87212786	fr.fafapourleurope
87214611	fr.familymovie
87227850	fr.fetedelascience
87232296	fr.filmfriend
87254978	fr.france-architecture
87261076	fr.free
87280138	fr.gardien-asso
87303657	fr.goboony
87308096	fr.gouv.aefe
87320441	fr.groupe-olivier
87366895	fr.hphoto
87379328	fr.ideoz
87410885	fr.irishclub
87412045	fr.isabelleetlevelo
87412553	fr.isarey-document-attestation
87422725	fr.japonjardin
87426435	fr.jcb-beschlaege
87462161	fr.kidsvacances
87469551	fr.krab
87493015	fr.lafabriquedeladanse
87543627	fr.lecoindesvoyageurs
87554314	fr.lemagit
87685234	fr.masung
87735867	fr.mon-grand-est
87752575	fr.moveandup
87754458	fr.mrlodge
87809483	fr.ocssystem
87809731	fr.octoparse
87814641	fr.oktoberfestmunich
87820531	fr.online
87838675	fr.outofoffice
87838757	fr.outside
87841717	fr.packmee
87851404	fr.parisactu
87852707	fr.parisnanterre
87876660	fr.petitesevasionsgrandesaventures
87888305	fr.photographecolmar
87888347	fr.photographemulhouse
87888453	fr.photographeselestat
87892617	fr.pierrelexplorateur
87921251	fr.positivr
87927321	fr.pressejournal
87937962	fr.protechome
87964222	fr.readytogo
87973800	fr.remisesetreductions
88000796	fr.robertmerlozpilotedemontagne
88003593	fr.roland-petit
88015429	fr.sacd
88041451	fr.science-allemagne
88178382	fr.timeout
88185227	fr.top-parents
88209891	fr.ube
88214369	fr.unblog
88215772	fr.unepetitemousse
88218326	fr.univers-restaurant
88221038	fr.upgrademedia
88221852	fr.urbanauth
88387610	fun.gilgius
88438238	fun.wowzer
88438356	fun.wurstfreund
88520074	games.ryddle
88562133	gd.is
88586876	ge.org.gga
88588902	ge.radiotavisupleba
88595230	ge.werkzeu
88595767	ge.yell
88603583	gg.hoge
88628552	global.bmz-digital
88631232	global.easysim
88633434	global.hamburg
88640624	global.smartcitynews
88646363	gmbh.bogdol
88647733	gmbh.fsw
88648998	gmbh.kanalmanagement
88649060	gmbh.kilian
88649191	gmbh.kurzundklein
88649294	gmbh.lethen
88649765	gmbh.munich-startup
88650140	gmbh.personal-consulting
88650623	gmbh.safest
88650653	gmbh.sayang
88651152	gmbh.solar24
88662386	google.blog
88680776	gov.nih
88682157	gov.osha
88707617	gr.academyofathens
88761601	gr.culture
88761675	gr.curcumin
88762033	gr.cylex
88778553	gr.edu-forum
88784056	gr.ellak
88790142	gr.ertecho
88797093	gr.filippistours
88827322	gr.in12
88830548	gr.iphonehellas
88840690	gr.kermi-hydromarin
88846127	gr.koupoukis
88852249	gr.lefos
88866247	gr.melos-project
88882123	gr.nextravel
88890274	gr.opemed
88955683	gr.travelstyle
88970179	gr.willowisps
88980129	gratis.besucherzaehler
88981737	green.buergerwaerme-for-future
88982475	green.gorilla
89020651	group.ismc
89024134	group.msg
89028238	group.schoerghuber
89032674	group.uvm
89045966	guide.a-gain
89047144	guide.civictech
89048651	guide.immpact
89069491	gy.short
89076848	hair.nouni
89080195	hamburg.115
89080288	hamburg.9qm
89080387	hamburg.aeks
89080407	hamburg.ak-arbeitssicherheit
89080409	hamburg.aktivoli-kurse
89080432	hamburg.altonaer-deklaration
89080474	hamburg.anders
89080531	hamburg.anlagenmechaniker-shk
89080912	hamburg.azubi-akademie
89080938	hamburg.babylon
89080998	hamburg.ballin
89081146	hamburg.bausanierung
89081154	hamburg.baut-zusammen
89081231	hamburg.beerweek
89081244	hamburg.behnkenbecker
89081248	hamburg.behrendt
89081296	hamburg.beratungsstellen
89081307	hamburg.bergstedt
89081374	hamburg.beteiligung
89081388	hamburg.betreuungsbuero
89081416	hamburg.bezahlbarbauen
89081480	hamburg.bildungsbau
89081482	hamburg.bildungspartner
89081493	hamburg.bimhub
89081580	hamburg.blickpunktpersonal
89081795	hamburg.brecht-schule
89081861	hamburg.bs13
89081863	hamburg.bs28
89081876	hamburg.bswi
89081886	hamburg.buerger-helfen-buergern
89081896	hamburg.bukea
89081900	hamburg.bundesbau
89081918	hamburg.buttjeunddeern
89081937	hamburg.cafedigital
89082061	hamburg.city-sightseeing
89082081	hamburg.citysciencelab
89082150	hamburg.coaching
89082172	hamburg.commercial-court
89082228	hamburg.crazystation
89082307	hamburg.d3-architektur
89082428	hamburg.ddr
89082439	hamburg.deinegeest
89082477	hamburg.dhu
89082486	hamburg.die
89082491	hamburg.die-scheidungskanzlei
89082493	hamburg.diebsteich-virtuell
89082506	hamburg.digitalhub
89082510	hamburg.dis
89082595	hamburg.doughnut
89082596	hamburg.dpg
89082607	hamburg.drk-harburg
89082611	hamburg.drossmann
89082643	hamburg.ehescheidung
89082666	hamburg.elbkulturfonds
89082694	hamburg.energie4
89082699	hamburg.energieforschungsverbund
89082714	hamburg.engagementlotsen
89082725	hamburg.epower-taxi
89082736	hamburg.erzgebirge
89082746	hamburg.europajugendbuero
89082796	hamburg.exzellenzinitiative
89082807	hamburg.fabcity
89082857	hamburg.fahrrad
89082864	hamburg.fahrradtour
89082940	hamburg.fasd-fachzentrum
89083033	hamburg.feuerwehr
89083040	hamburg.finance-city
89083048	hamburg.fink
89083075	hamburg.flutschutz
89083181	hamburg.freimaurerei
89083187	hamburg.freiwillig
89083228	hamburg.fringify
89083429	hamburg.geburtundgesundheit
89083430	hamburg.geckobar
89083442	hamburg.gegen-berufsverbote
89083444	hamburg.gegenverschwoerung
89083499	hamburg.geomatik
89083590	hamburg.gewerkschaftslinke
89083668	hamburg.globalgoals
89083770	hamburg.gospeltrain
89083887	hamburg.gruendertag
89083895	hamburg.guido-baecker
89083898	hamburg.gute-besserung
89083900	hamburg.gute-stube
89083902	hamburg.gutgefragt
89083928	hamburg.hafen2040
89083929	hamburg.hafengeburtstag
89083940	hamburg.halb-marathon
89083970	hamburg.harders
89084016	hamburg.haus-und-garten
89084032	hamburg.hausderdigitalenwelt
89084087	hamburg.hbaw
89084099	hamburg.hchs
89084135	hamburg.hei
89084148	hamburg.heiligengeistfeld
89084262	hamburg.heute-stadtfuehrung
89084290	hamburg.hibeco
89084398	hamburg.hochzeitsfotograf
89084494	hamburg.homeport
89084511	hamburg.hormonzentrum
89084536	hamburg.hoteldunord
89084554	hamburg.housing-first
89084584	hamburg.hsv-arena
89084650	hamburg.hy
89084774	hamburg.imk2026
89084858	hamburg.immoverkauf
89084917	hamburg.innovators
89084918	hamburg.inselpark
89084920	hamburg.insolvenz
89085126	hamburg.jobline
89085128	hamburg.juedischefilmtage
89085130	hamburg.juedischesleben
89085131	hamburg.juedischestadttour
89085141	hamburg.ka-ro
89085227	hamburg.karriere
89085229	hamburg.karriere-feuerwehr
89085246	hamburg.kasse
89085329	hamburg.kfz-innung
89085342	hamburg.kinder-events
89085348	hamburg.kinderversorgungsnetz
89085378	hamburg.klimabeirat
89085382	hamburg.klimaretter
89085387	hamburg.kls-steuerberater
89085424	hamburg.kulturperlen
89085427	hamburg.kulturstadt
89085430	hamburg.kunstklinik
89085516	hamburg.lebenswelten-dialog
89085584	hamburg.liberale
89085589	hamburg.life
89085601	hamburg.literatour
89085692	hamburg.luftsport
89085802	hamburg.mathges
89085823	hamburg.medifly
89085835	hamburg.mein-umzug
89085842	hamburg.meinhandwerk
89085848	hamburg.menschenrechte
89085850	hamburg.mental-health
89085861	hamburg.mesterkamp
89085970	hamburg.minitopia
89085971	hamburg.mintfit
89085977	hamburg.mitdirgehtmehr
89085978	hamburg.miteinander
89085995	hamburg.modesign
89086003	hamburg.moinzukunft
89086012	hamburg.mosaikdesign
89086155	hamburg.myschool
89086173	hamburg.nachtspeicher23
89086179	hamburg.nat
89086181	hamburg.natuerlich
89086225	hamburg.nic
89086459	hamburg.olympischespiele
89086472	hamburg.openhoteldays
89086473	hamburg.openlab
89086474	hamburg.openmouth
89086478	hamburg.opium
89086622	hamburg.passage
89086684	hamburg.personalberater
89086869	hamburg.piraten
89086897	hamburg.planetarium
89086960	hamburg.polizei
89086961	hamburg.polizeimuseum
89087019	hamburg.praxengemeinschaft-musiktherapie
89087062	hamburg.pressefreiheit
89087135	hamburg.proquartier
89087343	hamburg.radkultur
89087346	hamburg.radtour
89087377	hamburg.rathaus
89087485	hamburg.refugee-sisters
89087698	hamburg.robolab
89087704	hamburg.rockantenne
89087851	hamburg.santec
89087922	hamburg.schaetze-heben
89087968	hamburg.schiene-plus
89087992	hamburg.schirmundcharme
89088136	hamburg.schulbau
89088139	hamburg.schuldenbremse
89088144	hamburg.schuldock
89088148	hamburg.schule-am-walde
89088216	hamburg.sciencecity
89088271	hamburg.seg
89088349	hamburg.sf
89088355	hamburg.shift
89088386	hamburg.sicher-arbeiten
89088388	hamburg.sichererhafen
89088453	hamburg.skincare
89088468	hamburg.slb
89088520	hamburg.socialentrepreneurship
89088629	hamburg.speakeasy
89088733	hamburg.st-andreas
89088784	hamburg.stadtreinigung
89088846	hamburg.startupcity
89088922	hamburg.stenzel
89089014	hamburg.stmoment
89089046	hamburg.strafrecht
89089119	hamburg.tabletales
89089138	hamburg.taxi211211
89089193	hamburg.themenu
89089467	hamburg.trede
89089555	hamburg.uebersetzer
89089648	hamburg.urbandataplatform
89089729	hamburg.veloroute
89089735	hamburg.veranstaltungen
89089785	hamburg.vernetztgegenrechts
89089787	hamburg.veronika-und-volker-putz-stiftung
89090028	hamburg.welterbe
89090030	hamburg.welterbenacht
89090210	hamburg.wl-immobilien
89090310	hamburg.worldheritage
89090625	hamburg.zaf
89090716	hamburg.zeugenbetreuung
89090765	hamburg.zulassungsdienst
89090784	hamburg.zweiradperle
89092003	haus.gruenes
89096904	health.ephc
89102419	health.platoniq
89115281	help.camper
89116662	help.crunch
89143114	hiv.igos
89143127	hiv.magazin
89168900	hk.com.pacific-leisure
89181371	hk.edu.hkust
89207506	holdings.mb-berlin
89208514	holiday.haveagood
89216252	homes.communityled
89268332	hr.convoy
89271445	hr.dnevnik
89273984	hr.ekovjesnik
89275966	hr.faktograf
89279623	hr.gov
89299286	hr.odgovorno
89312360	hr.srce
89312794	hr.statistika
89315431	hr.tera
89316070	hr.tjedno
89316394	hr.topdestinacije
89328349	hu.24
89350167	hu.ateliers
89369633	hu.blog
89370127	hu.bme
89392432	hu.csatolna
89406781	hu.dortmund
89411928	hu.dzsembori
89413377	hu.ecl
89438105	hu.fli
89447111	hu.games.trucksim
89447990	hu.gastroguide
89454249	hu.gov
89477941	hu.humusz
89504088	hu.kerteszkedj
89512382	hu.konnyedennemetul
89517019	hu.krause-systems
89517065	hu.kre-dit
89521926	hu.lakmusz
89528648	hu.linki
89529539	hu.lobbanaspont
89529910	hu.logsped
89546214	hu.metazin
89557656	hu.munchen
89557657	hu.munchenivasar
89563968	hu.nemetelet
89596219	hu.pralineparadicsom
89605791	hu.reftantar
89618720	hu.sg
89623492	hu.smartlynx
89630003	hu.startlap
89631856	hu.stuttgart
89672186	hu.utazaskatalogus
89672391	hu.utikritika
89688740	hu.weblink
89692613	hu.wyw
89694252	hu.xn--kburkolat-0yb
89699686	hu.zoldhang
89830752	id.ac.pens
89849596	id.biz.inf
89889938	id.co.nubiz
89931605	id.go.kupangkota
89991860	id.or.dml
90057236	id.web.bisnisant
90097974	ie.codema
90135509	ie.irisheconomy
90144444	ie.learninternational
90150481	ie.maxizoo
90152200	ie.mentortalent
90161669	ie.ohaganward
90192169	ie.thejournal
90193690	ie.thetravelexpert
90197885	ie.ucc
90199123	ie.vayama
90213778	il.co.allgaeu
90220498	il.co.b144
90221316	il.co.bandana
90225852	il.co.blogalit
90234882	il.co.dailymagazine
90235522	il.co.danybar
90236242	il.co.deasy
90247074	il.co.eztrip
90247813	il.co.festivalim
90253830	il.co.goalzo
90286647	il.co.misaviv
90291065	il.co.nadlan-germany
90311609	il.co.sahbook
90321052	il.co.spiro
90332270	il.co.uri-eliyahu
90340167	il.co.ynet
90373051	immo.alphaus
90374681	immo.goldhaus
90374747	immo.gunske
90374799	immo.hammaburg
90375146	immo.hvi
90375282	immo.investby
90375905	immo.makler
90376054	immo.mk-consulting
90376222	immo.neue
90376748	immo.room2live
90376860	immo.schweikert
90377104	immo.stelzer
90377200	immo.teamnord
90378211	immobilien.bogenhausen
90378431	immobilien.freitag
90378522	immobilien.gumz
90378840	immobilien.lublow-reimann
90379174	immobilien.steinhaus
90379178	immobilien.stolley
90379323	immobilien.wandl
90379329	immobilien.wecking
90505278	in.co.aditienterprisesindia
90518219	in.co.canautomotion
90625438	in.cyberbugs
90625931	in.cylex
90635896	in.designwrap
90708540	in.geetechsolution
90710555	in.gesundheitsamt
90731184	in.grenzenlos
90763874	in.horrorstories
90826054	in.kuem
90849769	in.mangalayatan
90950788	in.planen
90951530	in.plasticsnews
90964488	in.psychomatrix
90986561	in.ritzmagazine
91005478	in.schach
91005678	in.schoenthaler
91055724	in.spielhallen
91057921	in.sreseo
91097510	in.thepowerhunt
91168052	in.zimtstern
91174048	industries.pensions
91174281	industries.source
91191947	info.1001idea
91264714	info.3-n
91271642	info.3engel
91285615	info.63329
91331934	info.agrarraum
91333351	info.ahnen-chronik
91340326	info.aktionsbuendnis-psychotherapie
91353582	info.alstervergnuegen
91354127	info.alternativ-mobil
91354298	info.alterpresse68
91367157	info.andrewlevine
91368255	info.angedacht
91368261	info.angegriffen
91374868	info.anverwandte
91374905	info.anwalt-arbeitsrecht-hamburg
91374931	info.anwalt-strafrecht-augsburg
91376945	info.apfeltage
91380667	info.aqicn
91382070	info.arbeitsamt
91383021	info.archivemigrations
91404486	info.aubing-lochhausen-langwied
91406046	info.aufdenhundgekommen
91406529	info.auktionshilfe
91406766	info.aupaironline
91409418	info.autoankauf-augsburg
91411980	info.autoservice-roth
91422484	info.azioniquotidiane
91425631	info.bachfest
91431186	info.baltz
91431927	info.bandsworksconcerts
91434457	info.barmbek-basch
91435717	info.barrierefrei-mobil
91435723	info.barrierefreier-tourismus
91438921	info.bauexperte
91438944	info.baugenehmigung-muenchen
91438945	info.baugenossenschaft
91438950	info.baugewerbe-online
91439134	info.bausachverstaendige
91443360	info.bdat
91443586	info.bdk-online
91447393	info.beenature
91447820	info.begabt-hochbegabt
91452916	info.besserewelt
91457514	info.bestwest
91460104	info.betterworld
91464586	info.bicycleaustin
91467608	info.bildungslotse
91467623	info.bildungsverband
91467908	info.billeje
91468453	info.bimbache
91487110	info.bodycount
91494104	info.bos-fahrzeuge
91504708	info.brunnen-bohren
91506266	info.bsp-oberstaufen
91508398	info.buergeramt
91508434	info.buergerservice
91515500	info.business-community
91520022	info.bved
91530752	info.camping-channel
91539260	info.caretec
91543367	info.carta
91544140	info.casacontrol
91572802	info.chinator
91578102	info.christlichesforum
91583861	info.civitates
91591100	info.climateengineering
91610020	info.connect-project
91618723	info.cospeda
91631858	info.csd-cottbus
91634207	info.cultural-bridge
91634241	info.culturall
91641677	info.dahabtours
91646392	info.das-gaengeviertel
91646566	info.dasistes
91647375	info.datenschutz-schule
91650981	info.de-sf
91653390	info.dehnmedia
91655898	info.demenzsensibel
91658390	info.derhamburger
91658609	info.derthueringer
91660470	info.deutschlandgourmet
91660764	info.devfest
91661706	info.dghk-sh
91664663	info.diebruecke
91673575	info.docma
91674671	info.dojczland
91675414	info.domatec
91680235	info.dr-dietz
91693340	info.earth-night
91693963	info.easy-online
91694273	info.easymind
91696769	info.eccar
91702032	info.egger-immo
91702811	info.eidelstedt
91702865	info.eifel
91703172	info.einfachstars
91704427	info.elbtalaue
91705669	info.elenagrafik
91707617	info.eltern-ratgeber
91710537	info.energetische-stadtsanierung
91713807	info.enjoytravelling
91714272	info.enso
91720941	info.escortwerden
91721645	info.espd
91723651	info.etymologie
91723881	info.eulatal
91724013	info.eurasiatour
91724580	info.europeansources
91725779	info.eversbusch
91728282	info.expertentagung
91731366	info.fachdidaktikrussisch
91731818	info.fahrerlebnis
91731853	info.fahrradpass
91732739	info.fallschirmspringen
91732970	info.familienbildung
91746422	info.finparo
91746978	info.firmenliste
91749244	info.fksh
91753166	info.foerderpilot
91753561	info.fome
91757305	info.foto-kunst
91757685	info.fotw
91758727	info.france-blog
91764624	info.freiraum-wettbewerb
91764863	info.freizeitplan11
91766241	info.freude-am-hund
91766666	info.friebes
91766702	info.friedenskonferenz
91769431	info.froebel
91780362	info.fuer-alle
91785815	info.gaebler
91791365	info.gay-web
91792465	info.gebaeudegruen
91792884	info.gegenwind
91794351	info.gemeinde-ahausen
91794717	info.gendermed
91796571	info.genow
91797662	info.german-business-portal
91797737	info.germania
91797742	info.germaniabieber
91797927	info.gerum
91798308	info.gesundheit-gefluechtete
91800579	info.gewerbe-anmelden
91802409	info.gilcom
91805397	info.gleitz
91806845	info.globtroter
91811337	info.goingexpat
91812654	info.goliusgenolius
91815851	info.gps-tour
91815857	info.gpsart
91817591	info.grauwert
91825325	info.guiadepraga
91825687	info.guildo
91826656	info.gutnu
91834278	info.hamburg-highlights
91834302	info.hamburgtourist
91837611	info.hartz
91839135	info.hausmeisterservice-frankfurt
91839209	info.hauswirtschaft
91844772	info.heilpraktikerschulen
91844977	info.heiratsurkunde
91849349	info.herzcaspar
91859742	info.hiddenworldnews
91869948	info.hispano-aleman
91880293	info.hochzeit
91882477	info.hohendeichersee
91888179	info.holzbewegt
91889080	info.home4you
91897572	info.hotel-bad-woerishofen
91900065	info.howtochangearunningsystem
91904154	info.husfeld
91914120	info.igsm
91917502	info.imigracaohistorica
91917758	info.immo
91917763	info.immo-best-of
91931010	info.internetchemie
91931452	info.interventure
91934755	info.irights
91935634	info.isarwinkel
91937270	info.islam-deutschland
91948827	info.jazzlab
91950038	info.jehmlich
91950254	info.jenfeld-zentrum
91957222	info.jls-hh
91958687	info.johannes-zeiske
91960655	info.jorgetome
91963486	info.juergenkeitel
91963594	info.jugendsozialarbeit
91964351	info.jungenarbeit
91964646	info.juraexamen
91969738	info.kalliope-verbund
91971430	info.kamm
91976311	info.katzentatze
91979988	info.kerstenartus
91985473	info.kindergarten
91985511	info.kinderhelden
91985619	info.kinderundjugendkultur
91985650	info.kindheit-heute
91986979	info.kirchenbauforschung
91986992	info.kirchenkunst
91988767	info.klaerwerk
91988925	info.klassenfahrt-hamburg
91989493	info.klimagesund
91989725	info.kloesterl
91989796	info.klosterpost
91990971	info.knuddelmonster
91991627	info.koelnerleben-magazin
91993616	info.kontrapolis
91997359	info.kranken-fahrten
91997374	info.krankenkassen-bonus
91997568	info.krautsource
91998613	info.kroop
92000464	info.kulturerbe-klimazukunft
92000468	info.kulturexpress
92001624	info.kursportal
92011907	info.langohren
92012961	info.laromagne
92017792	info.lebensmittel-grosshandel
92018019	info.lechmann
92025811	info.lg2g
92037087	info.lohwasser
92038128	info.looki
92042857	info.lueneburg
92044044	info.lurup
92044598	info.luxusleben
92046947	info.machtschule
92047922	info.maennerabend
92047926	info.maennerformat
92048681	info.magma-magazin
92053757	info.mappable
92053810	info.mapsfortravel
92057147	info.markus-mohr
92067385	info.medien-wawrzyniak
92067404	info.mediengestalter
92067496	info.medilux
92068147	info.meeresschutz
92069656	info.meinbildungsweg
92069768	info.meinland
92074207	info.messehostessen
92076170	info.mgvz
92076385	info.mhvm
92076875	info.michael-otto
92079899	info.migw
92085050	info.mittwaldserver
92085241	info.mixel-thicoipe
92088187	info.modellbus
92092122	info.montessori-kinderhaus
92092658	info.moosach
92102061	info.muek
92102103	info.muenchen
92102109	info.muenchen-ru
92102110	info.muenchen-venezia
92102684	info.multifit
92111855	info.mytie
92114807	info.nachhaltige-mobilitaet
92114819	info.nachhaltigkeit
92126263	info.neuallermoehe
92135344	info.niewieder
92141822	info.nonviolent-resistance
92142148	info.nordherz
92147018	info.nsu-watch
92151323	info.ober
92153345	info.oeffentlicher-dienst
92153414	info.oekoprofit
92159643	info.olympiapark
92167349	info.openall
92167418	info.openborders
92172627	info.osservatoriorepressione
92172745	info.osteopathie-meyer
92173118	info.otb
92175105	info.ottokar
92181375	info.panm
92189424	info.peaceconference
92195022	info.pflegegrad
92195063	info.pflegezuhause
92195159	info.pfv
92198946	info.photon
92199187	info.php-space
92199422	info.phuketnews
92199598	info.physikdidaktik
92199631	info.physiobox
92205723	info.plan-f
92210665	info.poesiealbum
92210828	info.poicephalus
92211866	info.policyreview
92216219	info.pota-map
92223628	info.pro-kultur
92226987	info.prolos
92228309	info.prostituiertenschutzgesetz
92233220	info.psychotherapie-hamburg
92233242	info.psychotherapie-online
92245264	info.radschnellverbindungen
92247791	info.ralfhomann
92258012	info.reisen-mit-handicap
92258029	info.reisenreisen
92274529	info.rohrreinigung-muenchen
92276826	info.romanistik
92281864	info.rth
92283356	info.rund-ums-rad
92292993	info.sampletemplatex1234
92293526	info.sanciones
92294079	info.sanitaetshaus-aktuell
92294507	info.santa-maria
92300457	info.schilderdienst
92301572	info.schrankenlos
92302130	info.schwarzesbayern
92308637	info.seeker
92322097	info.sichtschutz-im-garten
92362774	info.snsb
92374149	info.soulergy
92376704	info.sozialismus
92388271	info.starsandmore
92389889	info.stefangrahl
92390225	info.stelle
92390497	info.stephankrull
92395403	info.student-in-germany
92396336	info.studymap
92401954	info.susanne-horn
92402386	info.suveren-nec
92402523	info.suzuki-jimny
92403804	info.svw
92408815	info.szallashelyek-utazas
92411095	info.tacheles
92413994	info.tanbou
92414433	info.tanneck
92416142	info.tarnkappe
92419593	info.teacherhelp
92420935	info.technischeuebersetzung
92423040	info.telefonkonferenz
92424185	info.teleskopmast
92425461	info.tennisplatz
92426632	info.tesch
92430941	info.thea
92438573	info.theorieundpraxis
92444050	info.thomasschirrmacher
92444744	info.thueringen
92445355	info.tideelbe
92445653	info.tierschutzclub
92451372	info.toenningerweg
92452881	info.tomwaitslibrary
92455043	info.topinvestor
92457377	info.tourenwelt
92457396	info.touring-artists
92457488	info.tourismusnetzwerk
92460890	info.trauma-therapie
92461160	info.travelable
92463041	info.treppen
92472057	info.tt-wiki
92474119	info.tunnel-online
92481663	info.uebermorgen
92486833	info.umwelt
92492052	info.urheber
92492135	info.urkundenbestellung
92498092	info.usrecovery
92504673	info.vasya
92505479	info.vdmk
92511059	info.verkeersbureaus
92513666	info.vhe
92515527	info.vierlanden
92517949	info.virenschutz
92519577	info.vital-im-alter
92525706	info.vorwahl-nummer
92531045	info.vvhc
92532085	info.wackerkurs
92532713	info.wakenitz
92534611	info.waschmaschinen-reparatur
92541001	info.weichenstellung
92541361	info.weinzettl
92541429	info.weisserose
92542881	info.werragrenzpark
92542917	info.wertkonzepte
92543241	info.westendonline
92551346	info.wirinansbach
92551410	info.wirtschaftsduenger
92551411	info.wirtschaftsfoerderung
92556079	info.worldofguns
92567394	info.xn--gttmann-90a
92587532	info.zahnarzt-suchen-muenchen
92590388	info.zbs-auf
92600177	info.zukunft-rotlicht
92600291	info.zum-hirschen
92600911	info.zwischengeschlecht
92602044	ing.bin
92605205	ing.toytown
92631934	ink.rattattoo
92639037	ink.wonderl
92640914	institute.americangerman
92641926	institute.dai
92643545	institute.lawcom
92645152	institute.thenew
92651276	international.culture-politics
92653822	international.pov
92659669	io.1387
92733271	io.cemas
92735362	io.charge-repay
92741436	io.clickass
92746462	io.coffeepals
92751638	io.conword
92760844	io.cuv
92767072	io.defense-news
92771172	io.digitalproductschool
92771855	io.disclose
92772215	io.divejourney
92772824	io.dobschat
92780753	io.elaway
92791882	io.finban
92792213	io.finlex
92795022	io.flynex
92800961	io.ful
92806008	io.getdata
92806281	io.gethomes
92808185	io.github
92808211	io.gitlab
92828740	io.host
92841175	io.itls
92850303	io.klute
92852647	io.kuechenstud
92854830	io.larger
92856381	io.learngerman
92860486	io.listly
92861589	io.localup
92865571	io.maik
92870360	io.meduza
92873338	io.metrox
92877168	io.moia
92880731	io.multic
92889949	io.nip
92901016	io.outreach360
92902026	io.pageflow
92902525	io.pandolin
92909748	io.plantclub
92910521	io.pleo
92910866	io.pluspoint
92911249	io.podigee
92911362	io.poidata
92920672	io.quasa
92926309	io.refractor
92927618	io.replique
92935274	io.saferspaces
92940548	io.seeker
92940553	io.seeklab
92943211	io.shecancode
92960740	io.softgarden
92961025	io.solar-check
92969583	io.straiv
92970346	io.studid
92971295	io.summify
92971842	io.superheldin
92975797	io.tageskarte
92981116	io.testsieger
92988070	io.tomba
92990786	io.trendkraft
92990860	io.treppenlift
92998998	io.uscraper
93001922	io.velog
93005788	io.visser
93010360	io.wavect
93042006	ir.ac.ut
93073771	ir.bluerose
93135235	ir.iisajournals
93141240	ir.iranyellowpages
93161957	ir.lifeingermany
93240991	ir.studyinfo
93286141	is.hi
93287848	is.hypothes
93288781	is.inrur
93292959	is.ludrasveit
93296372	is.o-zapft
93332303	it.abcert
93359188	it.agricolturabiodinamica
93368295	it.airdolomiti
93378519	it.alessandrocarucci
93391058	it.alternativeguide
93391476	it.altogradimentoviaggi
93395390	it.ambrosanio
93421778	it.app-silvester
93505471	it.baumbad
93521079	it.beroad
93533640	it.biopianeta
93535008	it.birrainforma
93565741	it.buonenotizie
93566154	it.buonlavorosrl
93573623	it.caffeblog
93577757	it.caldarelli
93600424	it.casa-mia
93621387	it.cempi2
93622388	it.centrica
93633662	it.cerviacittagiardino
93654917	it.clashcityrockerscafe
93666520	it.cocoristorante
93683480	it.connected-reality
93684488	it.consinfo
93695356	it.corriere
93698095	it.cosafarei
93716543	it.curioctopus
93723480	it.danieleranocchia
93726107	it.darsenalesaline
93741798	it.dhplus
93743278	it.diariofvg
93752066	it.discoveritalia
93775805	it.easyterra
93777478	it.ebyte
93794722	it.educationduepuntozero
93812280	it.engramma
93812639	it.enjoys
93814854	it.entelechia
93824142	it.esteri
93835133	it.exportconsultant
93854011	it.federazionecemat
93866681	it.filmfriend
93921106	it.gcauto
93942176	it.giordanovini
93952984	it.glorf
93968869	it.graus
93975297	it.gruppometron
93985008	it.hangler
93993462	it.historialudens
94015072	it.ibarico
94019141	it.icvigolovattaro
94020638	it.ideeviaggio
94032223	it.ilikeshopping
94038536	it.ilsoftware
94049685	it.inchiostronero
94051126	it.indirizzoinghilterra
94065489	it.ioarch
94067798	it.ipodmania
94070824	it.isarey-document-attestation
94089294	it.jcb-beschlaege
94096685	it.kanoa
94113836	it.lacasettacraftbeercrew
94113867	it.lacasettadilucia
94114148	it.lacenere
94114683	it.lacittanews
94119939	it.laguidacuriosa
94137711	it.lavoceonline
94141228	it.lecarezzedivenere
94155448	it.libreriamo
94158224	it.lifegate
94177768	it.lucianagesualdo
94206435	it.marialauramantovani
94238431	it.meteolevicoterme
94260591	it.monacovenezia
94261148	it.mondinostri
94271615	it.moveria
94272144	it.movimentoper
94273548	it.mrlodge
94276324	it.muller
94280135	it.museotriora
94321489	it.octoparse
94362963	it.panorama
94363805	it.paolainviaggio
94403474	it.pizzaemotori
94414962	it.polito
94417711	it.poracciinviaggio
94427942	it.primoconsumo
94459685	it.raggiodisoleinvaligia
94486738	it.rinnovabili
94538105	it.schaarschmidt
94544176	it.scuoladiviaggio
94552775	it.semprevacanze
94565456	it.siciliammare
94577857	it.siviaggia
94603881	it.sothra
94605254	it.sp-progettispeciali
94627086	it.strillo24
94652006	it.surfpoint
94655940	it.systemberatung
94669541	it.tecnocino
94680173	it.terranuova
94691963	it.tipicamente
94699568	it.toptrade
94703462	it.touringclub
94709418	it.travel365
94709465	it.travelblog
94722966	it.tvblog
94729701	it.unavaligiain2
94730306	it.unesco
94730957	it.unicatt
94732716	it.unipg
94734074	it.universita
94735620	it.unvenetoinviaggio
94742907	it.valigia2mezzo
94743805	it.valocchi
94743919	it.valori
94746590	it.varese.istruzione
94783281	it.voceattuale
94789637	it.wanderlustitalia
94796623	it.whipart
94798442	it.winap
94826195	jetzt.abruesten
94826321	jetzt.aufarbeitung
94826665	jetzt.cargobike
94827403	jetzt.gegenwart
94827465	jetzt.gesundheit-fuer-alle
94827838	jetzt.indikativ
94828426	jetzt.morgen
94829462	jetzt.uebersetzer
94829491	jetzt.urlaub-in-deutschland
94830003	jetzt.zusammenleben
94836015	jobs.deutschland
94836746	jobs.instaff
94837157	jobs.mint
94838268	jobs.uke
94865126	jp.affinity-germany
94880264	jp.amina-co
94921430	jp.biyo-meyasubako
94952948	jp.ciao
94971714	jp.co.allabout
95011045	jp.co.crossdata
95035708	jp.co.farm-biz
95080025	jp.co.impress
95123374	jp.co.kyodoprinting
95230087	jp.co.shoubouso-bi
95309862	jp.coocan
95334781	jp.doitsu-ryugaku
95401057	jp.gammon
95411228	jp.go.emb-japan
95412081	jp.go.mofa
95468405	jp.houmon-biyou
95505633	jp.jaxa
95576146	jp.kyodonewsprwire
95580324	jp.l-seed
95588872	jp.lg.osaka
95589111	jp.lg.tottori
95598606	jp.lovesick
95604573	jp.maeda-accounting
95609234	jp.mandolino
95651217	jp.mrlodge
95658756	jp.myvps
95682713	jp.nekon
95702985	jp.nxp
95705331	jp.octoparse
95724804	jp.or.cas
95725689	jp.or.clair
95731126	jp.or.hilife
95736437	jp.or.jgcc
95739675	jp.or.kazusa
95768466	jp.otona-jyoshi
95823995	jp.s8d
95836580	jp.sapporo.city
95849319	jp.serai
95910688	jp.tabigashitaijinsei
95910794	jp.tabinote
95910855	jp.tabit
95921462	jp.taptrip
95944962	jp.tominosuke
95953603	jp.travel-zentech
95953766	jp.travelwith
95954951	jp.trip-partner
95967563	jp.umwelt
95979868	jp.vokka
95985040	jp.wasede
96013323	jp.xsrv
96028801	jp.young-germany
96036461	jp.zenkaiken
96040459	kaufen.uebersetzungen
96053594	ke.co.joymacxenter
96081695	kg.xx
96094875	koeln.akf
96095530	koeln.empfehlung
96095564	koeln.essbare-stadt
96095989	koeln.hallo
96096304	koeln.hypnose
96096328	koeln.immobilienmakler
96096550	koeln.klimawende
96097861	koeln.uebersetzer
96104115	kr.analytik-jena
96125061	kr.co.aromakorea
96127827	kr.co.azuntablog
96139159	kr.co.camtour
96145425	kr.co.clubrichtour
96170411	kr.co.famart
96172515	kr.co.flow3d
96195061	kr.co.hsad
96224621	kr.co.linz
96332139	kr.greenevent
96359025	kr.octoparse
96368303	kr.or.gaok
96419945	kr.xn--9d0b4b70vnol89ezvdmykd32abaw
96487824	kz.promokody
96533743	land.gast
96534105	land.hiking
96535003	land.lola
96535967	land.ppc
96537064	land.treibhaus
96537252	land.verde
96577929	law.cms
96579757	law.inn
96580090	law.kfr
96580202	law.kpw
96580662	law.mannheim
96582318	law.shp
96583145	law.unverzagt
96583306	law.vorberg
96586840	lb.gov.lebtrade
96593310	legal.brandt
96593957	legal.dantax
96594088	legal.dirks
96595096	legal.hoesmann
96595533	legal.kehl
96595651	legal.kremer
96596507	legal.oezkan
96596728	legal.piltz
96598140	legal.verweyen
96598243	legal.wbs
96608640	li.birsfaelder
96610042	li.doebe
96610911	li.filmfriend
96620020	li.wiki
96676140	life.complicated
96682361	life.dimitra
96693707	life.happia
96786709	link.gayonlygay
96795391	link.joviva
96906241	live.cc2
96914300	live.contentflow
96918477	live.dach
96922096	live.dolmetscher
96929535	live.forward
96936706	live.hamburg
96967083	live.newsfact
96979950	live.ransomware
96985472	live.schwerin
97015354	live.webcamworld
97313413	lol.http3
97471213	lt.cameraobscura
97495946	lt.informatyviosnaujienos
97496016	lt.infotravel
97496257	lt.inovacijuagentura
97500198	lt.jw
97502701	lt.kelioniupatarimai
97519658	lt.ms
97520003	lt.musekautas
97559863	lt.verslimama
97566142	lt.yn
97615008	lu.filmfriend
97615725	lu.fressnapf
97621909	lu.lemonswan
97622954	lu.lsk
97622955	lu.lsm
97623183	lu.luxair
97625549	lu.mullerthal
97628676	lu.privstaxi
97639926	luxury.inspiredby
97645279	lv.atravel
97661682	lv.gov.liaa
97661745	lv.gov.nva
97673964	lv.lvportals
97691366	lv.steaksupply
97702643	ly.bit
97703153	ly.chetraco
97716940	ly.zimr
97745306	ma.syg
97791263	marketing.jsh
97792691	marketing.panorama
97803321	md.bice
97829197	me.34travel
97829496	me.365tage
97837490	me.addn
97842392	me.airelo
97844776	me.alarm8
97859341	me.artvise
97874162	me.beteilige
97884716	me.brizz
97886504	me.bundestagswahl
97927321	me.epoll
97943638	me.grigat
97945230	me.hairaffair
97951453	me.hoffer-von-ankershoffen
97955296	me.ibk
97955466	me.icewind
97958471	me.innpuls
97958728	me.instagrid
97961121	me.itta
97965316	me.jlaasonen
97965660	me.joca
97972585	me.kjtboulder
97976239	me.landmesser
97988809	me.mcseven
98000026	me.nansey
98003482	me.nlohmann
98004808	me.nsnbc
98013115	me.phnx
98022035	me.ramp-up
98024343	me.relocate
98028157	me.rove
98029946	me.sahil
98031973	me.scam-mail
98032100	me.schallplatten
98034366	me.serkozh
98045878	me.sport1
98049997	me.sushiguide
98056174	me.thehearthouse
98070548	me.vollaths
98073047	me.websta
98081238	me.yourlittleblackbook
98083028	me.zeeg
98124419	media.bartels
98126036	media.btw
98127761	media.confox
98129878	media.edison
98132615	media.hafenwind
98132631	media.haintz
98132858	media.healthstyle
98133571	media.holod
98134551	media.ipa-pressagency
98134724	media.ivis
98135721	media.kraft
98135791	media.kuhse
98137201	media.mashoor
98139002	media.niortinfo
98139283	media.nullzwoelf
98140495	media.pixelpunks
98142144	media.rima
98143130	media.seo-agentur
98143131	media.seo-agentur-berlin
98143237	media.sheconomy
98143497	media.sketch
98149505	media.zeumer
98216784	mn.gov.investmongolia
98217727	mn.inspiration
98271758	mobi.halteverbot
98272453	mobi.heylocate
98288630	mobi.parkverbot
98302710	mobi.verkehrstechnik
98347610	monster.free-tube8
98371127	ms.bode
98371684	ms.ecosyste
98372283	ms.gws
98385447	museum.berlin
98392836	mv.tourismus
98400844	mx.asionline
98471186	mx.com.idealmm
98578844	mx.landschool
98579011	mx.lapulguia
98790719	mz.co.ncsoftware
98801851	name.apic
98801965	name.arno-elfert
98808246	name.gierth
98811686	name.kaunzner
98811927	name.kirstaetter
98812287	name.kuemmerle
98818634	name.schuerer
98821212	name.thivent
98821515	name.tornau
98845120	net.02elf
98863357	net.100webspace
98926992	net.2019bestnine
98945882	net.24skate
99011914	net.4k-video
99016623	net.4x4-magazin
99029462	net.5566cn
99030315	net.55plus-magazin
99073131	net.7thguard
99104211	net.a-m-z
99124631	net.abend
99124913	net.abereus
99129457	net.abrandao
99131966	net.abv24
99146914	net.activate-media
99147081	net.active-city
99154528	net.adeaf
99155350	net.adesigna
99168215	net.aefe-zeco
99172468	net.affarilegali
99181475	net.age-research
99189467	net.ah-kommunikation
99191345	net.ahnenforschung
99195389	net.aidsarchive
99210289	net.akatu
99214045	net.aktivieren
99214448	net.akurat
99229679	net.alfisti
99235217	net.aljazeera
99239186	net.allein-erziehend
99255311	net.alstervergnuegen
99256490	net.altenheim
99256501	net.altenpflege-online
99258386	net.altrah
99267690	net.ame-plus
99272409	net.amerika-tour
99274899	net.amisuta
99288308	net.andreasschwarz
99288695	net.andreschneider
99294109	net.angelschein
99294110	net.angelschein-online
99303149	net.annahmestelle
99304526	net.anneweiss
99314999	net.anzeigenvorschau
99323515	net.apocdn
99323739	net.apollo-news
99324106	net.apolut
99328021	net.applygermany
99341155	net.archiv
99341318	net.archivesportaleurope
99341404	net.archiwa
99341505	net.archplus
99351753	net.arneschneider
99358411	net.artepetra
99359322	net.arthist
99380968	net.askmap
99390963	net.asyl
99398322	net.atlassian
99411130	net.augengeradeaus
99411182	net.augias
99413332	net.aurestv
99414812	net.ausschreibungen
99415081	net.ausstellungsportal
99417522	net.auties
99420392	net.autohaus-steinbach
99420945	net.autolexikon
99432121	net.avia-dejavu
99455170	net.b2brouter
99462009	net.bad-harzburg
99463360	net.badpartner
99494914	net.basiliscus
99502404	net.baufrage
99502463	net.bauherr
99504921	net.bayern
99517780	net.be-jo
99529650	net.befriendsonline
99531413	net.beingintheworld
99537874	net.bene-immobilien
99543506	net.berklix
99543781	net.berlin-report
99543816	net.berlin247
99544141	net.bermupa
99549496	net.bestewahl
99553795	net.besturduquotes
99559830	net.betreuung-mit-herz
99566273	net.bezahlen
99571441	net.bibel-faq
99574046	net.bienenstube
99574333	net.bierschinken
99574355	net.bierzapfanlage
99581885	net.bildungsmanagement
99586432	net.bine
99586458	net.binesingt
99588689	net.biodivhubs
99591157	net.biotopia
99615162	net.blaulichtsms
99616101	net.blende1
99621920	net.blogistic
99625406	net.blue-community
99641174	net.boersenblatt
99647852	net.bonn-profiles
99648292	net.bonsai-info
99649350	net.boogiewoogie
99664668	net.bplaced
99681217	net.brille-linse
99681923	net.brinkmeyer
99688116	net.brotwein
99700361	net.buecherreich
99700646	net.buergerschaft
99708875	net.bund
99716498	net.business-leaders
99716673	net.business-wissen
99718458	net.bussgeldkatalog
99725021	net.bv-hamburg
99733272	net.c-u-b-e
99735130	net.cabinas
99752954	net.campingausruestung
99772945	net.caremaid
99775257	net.carlmariakemper
99784937	net.carsoid
99825691	net.certilingua
99839991	net.charlottepfeifer
99841721	net.chatciyiz
99857966	net.chikyu-tabi
99866235	net.choirsofdelusion
99872714	net.christianstoll
99874833	net.christophschaefer
99882155	net.cimddwc
99888212	net.cityfoerster
99896477	net.claus-bach
99904461	net.clickbeta
99929445	net.code-bude
99934048	net.coin-philo
99943890	net.cometeelmundo
99950077	net.compendion
99953443	net.comses
99959188	net.connective-cities
99962158	net.constructivealps
99962742	net.consultingunternehmen
99966620	net.conversiontoolbox
99974920	net.corona-blog
99978721	net.cosmoshop
99979580	net.costliving
99992797	net.crawlora
100007924	net.cruisebuzz
100016017	net.csr-news
100033435	net.cybermarine-lite
100034015	net.cyberseguridad
100036644	net.cyquest
100040325	net.dachverpachten
100041189	net.daechler
100044716	net.daisymupp
100054009	net.danube
100061013	net.das-macht-schule
100061536	net.dasinternet
100086112	net.deimeke
100086469	net.deinlife
100102852	net.designation-systems
100104880	net.desksgram
100107420	net.deutschlandkarte
100108456	net.developpez
100116635	net.dialogearchitektur
100120081	net.die-besten-hotels
100120261	net.die-partei
100120358	net.die-welt
100120564	net.diefitmacherei
100121213	net.dienstbach
100125686	net.digitalkompass
100127170	net.digitemple
100150195	net.doginare
100151117	net.doi2
100153560	net.domainwert24
100154072	net.dominaescort
100155823	net.domoplan
100168877	net.dr-singer
100169411	net.dragon-guide
100175806	net.drimex
100176834	net.drivium
100181880	net.dsl-expert
100186684	net.dumo
100200206	net.e-lub
100212113	net.eavisa
100214130	net.ebede
100221044	net.ecoi
100232845	net.efabi
100235932	net.egyptdestinations
100236051	net.egyptland
100238383	net.einbruch-stop
100238540	net.eingenetzt
100238619	net.einloggen
100238737	net.einstiegsseite
100239460	net.ejc
100240961	net.ekrowski
100246347	net.elektrofahrrad
100249536	net.elisabethenschule
100252162	net.elkhatib
100255515	net.elterngeld
100255517	net.elternhaus
100256482	net.em2016
100257535	net.embassy-berlin
100261374	net.emnetworks
100264482	net.en-ex
100266320	net.endlichurlaub
100270145	net.enetosh
100287849	net.ergoldsbach
100289584	net.erkansaka
100289670	net.erlassjahr
100291572	net.erste-hilfe
100293365	net.escort-in-hamburg
100302912	net.eticamente
100304832	net.eulevoto
100307454	net.europetourz
100307965	net.eurovoyages
100309565	net.eve-rave
100314917	net.evtz
100319843	net.expergo
100321205	net.explortal-logistics
100321510	net.exporeal
100323107	net.extradienst
100328687	net.fabian-mueller
100332916	net.fairsprechen
100334946	net.falkvinge
100336000	net.familiennetzwerk-wandsbek
100342070	net.farklidusun
100343406	net.fartmann
100346038	net.fastvoice
100348131	net.faz
100353073	net.feilner-it
100355510	net.fenster-putzen
100356058	net.ferienhaus-altesland
100356842	net.fernstudi
100356866	net.fernwehblog
100362937	net.fick-affairen
100370208	net.finde-dich-selbst
100372122	net.finkenbusch
100373289	net.fireabend
100374659	net.firmenliste
100382526	net.flachpass
100392038	net.fluchtforschung
100392072	net.fluegelrad
100393648	net.flyingletters
100401818	net.forelle
100405244	net.forochat
100405649	net.forschungsforum
100407221	net.forum-csr
100408637	net.fossjobs
100409409	net.fotografieren-lernen
100413971	net.frali
100416510	net.frankthies
100417626	net.frau-und-beruf
100419189	net.fredl
100428964	net.freiewelt
100429003	net.freifunk
100430021	net.freileben
100443343	net.frohesfest
100467270	net.fukkatsu
100481725	net.gaeg
100481788	net.gaeromeddb
100495866	net.garnichtmalsogut
100496155	net.garten-ratgeber
100499548	net.gayhomevideo
100505547	net.gefaengnisseelsorge
100510424	net.genealogy
100518404	net.geospatialworld
100519324	net.gerichtsstand
100519456	net.german-hoeffner
100519461	net.german-life
100519773	net.germanystudy
100519876	net.gerold
100539420	net.glascontainer
100541923	net.global-innovation
100542785	net.globalcoutureblog
100548732	net.gmpbc
100573042	net.gradido
100573096	net.gradmesser
100577539	net.graswurzel
100582165	net.greenfilmshooting
100590683	net.gruenesblut
100590875	net.grundschulen
100601082	net.guiding-architects
100602197	net.gulesider
100605498	net.gutsmiedl-schuemann
100607005	net.gwup
100608618	net.gymnasium-allee
100608623	net.gymnasium-hamburg
100628818	net.hamburg-logistik
100628820	net.hamburg-magazin
100628830	net.hamburg-startups
100628841	net.hamburgcars
100628843	net.hamburgcruise
100628848	net.hamburger-kunsthalle
100632214	net.handwerkszeug
100646180	net.hauptsache
100646492	net.hausbau-portal
100646575	net.hausfrauen-sexkontakte
100646589	net.hausgarten
100646606	net.haushaltsgeld
100646613	net.haushaltstipps
100646632	net.hauskauf-gutachter
100646767	net.haustiermagazin
100664976	net.heikesudmann
100665787	net.heizoelpreise24
100665813	net.hejanetirk
100667201	net.hellinger
100676386	net.heroinas
100680921	net.hestelo
100687128	net.hfbk
100691249	net.hgvg
100692091	net.hhchhc
100753603	net.hoeren-sagen
100765596	net.hollydoyne
100801284	net.hotelkompass
100812447	net.htags
100818854	net.hundeschule-schnueffelnase
100821319	net.huvipuisto
100825895	net.hypnomonkey
100828898	net.i-voyages
100836257	net.ibwolf
100836967	net.icastelli
100837956	net.icehockeypage
100844379	net.idilio
100847173	net.if-levante
100848299	net.ifura
100852624	net.ijlter
100853622	net.ikfz
100861530	net.imanetti
100864342	net.immobilienbewertung-hamburg
100864601	net.immoelite
100864692	net.immorate
100868596	net.in-security
100870528	net.incms
100872080	net.india-world
100872172	net.indiaeducation
100888417	net.infra
100889446	net.ingfluencer
100891161	net.inklusion-online
100894303	net.inoperabilities
100906178	net.internetrecht-halle
100906180	net.internetrecht-leipzig
100906679	net.interrailers
100908188	net.intoweb
100914827	net.iphonekameoka
100917073	net.iqesonline
100918023	net.iranyellowpages
100922350	net.isarey-document-attestation
100923142	net.isenburger
100929413	net.ismar
100937308	net.italiani
100940632	net.itlhm
100941282	net.itourisme
100944025	net.ivd
100945863	net.iwlearn
100951639	net.jacobbump
100956074	net.jalkipeli
100958179	net.jamliner
100981589	net.jga-hamburg
100981597	net.jga24
101001709	net.jogspace
101012236	net.joviva
101020703	net.jugendbildung
101022996	net.julymonday
101023981	net.junggesellenabschied
101028556	net.jutta-speidel
101040331	net.kagelmacher
101051444	net.kandoramania
101060975	net.karte24
101062799	net.kastl
101064053	net.kath
101072534	net.kehlkopfoperiert-hh-sh
101075495	net.ken-show
101075572	net.kenandshelly
101079465	net.kerstmarkten
101081671	net.keyando
101081844	net.keydocuments
101084614	net.kfz
101084628	net.kfz-kennzeichen
101084696	net.kfzzulassungsstelle
101093195	net.kiku-online
101095875	net.kinderfilmring
101095945	net.kinderkrankenhaus
101096027	net.kinderschiff
101100033	net.kinoheld
101101609	net.kirchturm
101108344	net.kleiner-grasbrook
101109422	net.klisch
101109997	net.klubkatarakt
101111896	net.knightsandmerchants
101115793	net.koepke
101115811	net.koernchen
101117978	net.kokteiliai
101119688	net.kommunaltechnik
101133644	net.kreditvergleich
101133780	net.kreissig
101134046	net.kreuzfahrtnews
101136191	net.krukenberg
101141708	net.kultur-und-inklusion
101141801	net.kulturimweb
101141832	net.kulturkreis-walddoerfer
101143250	net.kunstgriff
101149381	net.kvhh
101163928	net.ladenbau-berlin
101179542	net.langundpartner
101183799	net.larshoffmann
101183988	net.larustine
101185559	net.lasso
101198192	net.learn-german-online
101199861	net.lebahndut
101200077	net.leben-wie-ich-will
101200103	net.lebeninthailand
101207315	net.lektoratte
101212114	net.lenzg
101217228	net.letpost
101222491	net.levoyageur
101223389	net.lexploraterre
101225234	net.li-nk
101241013	net.lingueculture
101242609	net.linksabbieger
101243868	net.linuxmuster
101247639	net.literaturhaus
101248031	net.litradio
101253234	net.livinginowl
101260785	net.localzero
101263726	net.logicaldaily
101272960	net.lotekk
101286861	net.luftaufnahmen
101294242	net.lwn
101297207	net.m-grau
101297255	net.m-i-n
101305852	net.maedchenmannschaft
101306223	net.maetrix
101316021	net.makepolitics
101328265	net.mapple
101335682	net.marieluisafrick
101347808	net.masimovasif
101376151	net.mediaborneo
101379234	net.medienfestival
101380242	net.medizentrum-hamburg
101385602	net.mein-berlin
101385667	net.mein-muenchen
101385724	net.mein-wien
101385842	net.meine-wohnwelt
101385983	net.meinraum
101386262	net.meister-eder
101400749	net.meta-studies
101411538	net.michaelnagy
101421289	net.mietcheck
101422051	net.migration-lab
101422842	net.mika-online
101423498	net.mikegerhardt
101425027	net.mikrocontroller
101425722	net.milanpein
101443358	net.mittelbau
101449238	net.mmaron
101453435	net.mobilfuchs
101457898	net.moellerherm
101460878	net.molkentin
101463736	net.mondfinsternis
101464343	net.money-insider
101471235	net.moonartfair
101476425	net.mosaikdesign
101486945	net.mp3newswire
101490378	net.mrp
101490670	net.mrsaturdaynight
101503829	net.muemmel
101507919	net.munich4you
101507929	net.munichtours
101509523	net.mus4
101511031	net.musical-forum
101512203	net.musicraiser
101512518	net.musik-und-gesundsein
101523593	net.mygreenbucks
101540380	net.n-f-m
101542106	net.nach-gedacht
101542177	net.nachhilfe-team
101542250	net.nachrichten
101563968	net.nbs
101573858	net.nestbau
101575479	net.netethics
101577355	net.nette-art
101578786	net.netzkind
101578904	net.netzwerk-sozialrecht
101578983	net.neuching
101579148	net.neuhland
101580174	net.neuried
101584087	net.new-media-law
101586371	net.newhealthorder
101589922	net.newt
101607596	net.nikolausdorf
101618082	net.no-racism
101618111	net.no-skill
101622968	net.nomorecubes
101624018	net.nonsoloamore
101625431	net.nordeck
101625471	net.nordevents
101625856	net.nordkirmes
101629811	net.norwegenservice
101634082	net.notensatzforum
101640530	net.nrw-aktuell
101644972	net.numismaticnews
101645068	net.nunav
101651501	net.o-mag
101675718	net.oldpcgaming
101676602	net.oli
101679886	net.omeka
101692649	net.online-rechner
101692654	net.online-recruiting
101693903	net.onlinedetektiv
101695575	net.onlinewebshop
101696384	net.onmarx
101715811	net.ostdeutsches-forum
101716358	net.ostseemagazin
101745244	net.papasearch
101751948	net.park-fiction
101755931	net.participedia
101757167	net.partysan
101778887	net.pensacolavoice
101785443	net.perspektive-online
101791078	net.pfennigschmidt
101791316	net.pflege
101799404	net.philippinenforum
101802960	net.photo-world-online
101806390	net.physical-performance
101806686	net.physio24
101806966	net.phywe
101809418	net.picturekat
101814674	net.pinkchannel
101818401	net.pisgahview
101819502	net.pivnica
101820533	net.pixelreality
101830837	net.planland
101832589	net.plastische-operation
101843081	net.podcampus
101848634	net.politikversagen
101858164	net.portenkirchner
101861005	net.postkarten-paradies
101862861	net.powen
101865759	net.ppr-hamburg
101905963	net.psw
101919268	net.q-acht
101922067	net.qhod
101944833	net.radiomono
101960023	net.raptastisch
101961080	net.rassismusfreies-bayern
101962155	net.rauchmelderpflicht
101962391	net.raumlabor
101963428	net.rawmaterials
101975701	net.rechtamring
101975826	net.rechtsportlich
101987051	net.refugeesintowns
101988824	net.regsam
101990490	net.reisland
101990523	net.reissuverkko
101996756	net.renovieren
101996989	net.renta-hv
102000593	net.res-media
102006093	net.rethink-recycle
102009505	net.reverberations
102021954	net.riederau
102024355	net.ringlersfoodtruck
102027724	net.ritter-umzuege
102029889	net.rizinusoel
102037135	net.rock-music
102038491	net.rocknfool
102044133	net.rohkostforum
102044438	net.rohstoff
102054300	net.room28
102056771	net.rosenkranz
102067800	net.ruecken
102072545	net.russiaru
102085195	net.safri
102086566	net.sahav
102096206	net.sameoldsong
102099974	net.sandhosn
102100575	net.sandrakoenig
102102133	net.sanitaetshaus
102102201	net.sanivision
102120413	net.schach-chroniken
102122756	net.schiebener
102123681	net.schluesseldokumente
102124438	net.schoenebuecher
102125774	net.schreinerei-baumgartner
102126194	net.schul-barometer
102126236	net.schulcms
102126254	net.schule-am-tornowsee
102126336	net.schulmuseum
102126354	net.schulsekretaerinnen
102126357	net.schulsozialarbeit
102126844	net.schweine
102126961	net.schwinde
102139734	net.sea-eu
102141494	net.searchenginesandsociety
102149226	net.seelenheilen
102149449	net.seenthis
102152082	net.sekaishinbun
102154756	net.selmalagerloefschule
102156532	net.sendgrid
102156579	net.sendlinger-strasse
102159556	net.seobility
102161541	net.sequoiacoop
102165140	net.service-wp
102168822	net.sevsvalki
102172009	net.seyfriedsberger
102200384	net.sichtderfrau
102202760	net.sightdoing
102205144	net.silberpixel
102214682	net.sinonym
102221249	net.sivinkit
102245886	net.skynamic
102267523	net.slushpile
102271841	net.smaq
102321320	net.socialenterprisebsr
102335348	net.solarmobil
102337997	net.solrezza
102341630	net.sonic
102341983	net.sonicx-shop
102342250	net.sonnenschirme
102343756	net.sophiesworld
102348130	net.soundklinik
102356326	net.sozialedienste
102356345	net.sozialportal
102358522	net.spacepub
102359507	net.spanienaktuell
102361603	net.spdrivers
102370153	net.spiertz
102372093	net.spintheglobe
102377017	net.sportspublication
102388413	net.st-eli
102389502	net.stadtlohn
102389509	net.stadtneudenken
102389523	net.stadtprinzessin
102389576	net.staedte-reise
102390001	net.stagehands
102396704	net.stateofguitars
102400553	net.steilshoop
102403579	net.sternschanze
102412967	net.strafrecht
102412982	net.strafverteidiger-hamburg
102415593	net.streetfishing
102417320	net.strompreisvergleich
102417335	net.stromtarife-vergleich
102423514	net.stupo
102437981	net.super-gsi
102448142	net.sv-farschweiler
102456038	net.swyx
102472783	net.t3forum
102473850	net.tabippo
102484579	net.taluno
102489237	net.tanz-wo-du-bist
102489315	net.tanzinfo-hamburg
102495694	net.tasso
102502784	net.tc-a
102510479	net.technikkram
102510662	net.techno-tv
102514370	net.teen-erotica
102518118	net.telefonauskunft
102521224	net.telerehber
102529297	net.terraeco
102529744	net.terrasse-und-garten
102534702	net.textundtat
102544852	net.the-worldtraveler
102550138	net.theatron
102552582	net.theblueiguana
102570289	net.theilmeier
102591162	net.thetravelmagazine
102608323	net.tiefgang
102608823	net.tierhalterhaftpflicht
102610783	net.tildes
102610923	net.tilianus
102611103	net.tilpod
102616737	net.tiptreks
102632448	net.tolleidee
102637525	net.toomanyrequests
102650529	net.townyrealms
102651762	net.tp-tagespflege
102653699	net.tracksandtrails
102656027	net.traffiqx
102663143	net.travelthroughlife
102691124	net.tsv03
102702575	net.tusdestinos
102704830	net.tvgs
102705813	net.tw24
102708554	net.twoday
102714813	net.ubc
102714820	net.ubc-sustainable
102716765	net.ubiquarian
102724942	net.uliaigner
102725072	net.ullaneule
102731903	net.umzugsfirma-berlin
102741244	net.unorganized
102742255	net.unterwurzacher
102746799	net.urbanophil
102748010	net.urlaubspartner
102774005	net.vau
102782196	net.velocityruhr
102785140	net.verbraucher-magazin
102790408	net.verkehrswende-hamburg
102793796	net.versicherungscheck
102795635	net.vetera
102797368	net.vhs-coburg
102803505	net.viehrig
102807003	net.villagehamburgonline
102812929	net.virenalarm
102816933	net.visit-salzburg
102834645	net.vorderer-westen
102836243	net.voyageplus
102851840	net.waldforscher
102851961	net.waldwissen
102852436	net.walkingacts
102859288	net.wassermeister
102864383	net.wb-foto
102870159	net.webcam-online
102871637	net.weber-immobilien
102873373	net.weblogit
102881295	net.weiterbildung-hamburg
102885803	net.wesselhoeft
102888580	net.wettbonus
102899911	net.wibkestravels
102902310	net.wikirank
102908304	net.windfluechter
102910206	net.wing-tzun
102910511	net.wingsch
102915474	net.wissel
102918249	net.wm-2014
102919690	net.wohnberechtigungsschein
102919702	net.wohnen-xxl
102924473	net.wooligans
102925139	net.wordhunting
102928501	net.worldheritagesites
102929781	net.worldtravelguide
102930774	net.worxx
102945824	net.x3t
102946837	net.xarj
102963377	net.xn--bildende-knstler-szb
102970434	net.xn--mehrmtterfrdiekunst-99bf
102977935	net.xponat
102986074	net.yallahamburg
102998393	net.yeniyurt
103021277	net.ysljdj
103034038	net.zanderf
103037647	net.zauberblume
103039890	net.zectorarchitects
103040667	net.zeitungaustragen
103042603	net.zenvampires
103050912	net.zhongde-media
103066822	net.zukunft-mobilitaet
103066840	net.zukunfts-haus
103067833	net.zuwendungen
103067955	net.zvg24
103079486	network.floss-pso
103080360	network.gnd
103080499	network.green-connect
103081758	network.ifbb
103082033	network.insa
103082255	network.it-service
103085243	network.open-access
103089656	network.theinterface
103098559	news.autark
103099357	news.belltower
103105353	news.flieger
103107026	news.hansa
103108565	news.infowelt
103108892	news.islamism
103110679	news.loky
103110969	news.manova
103111904	news.munchen
103113060	news.officerepublic
103113171	news.omnibus
103115116	news.reflections
103115167	news.relevant
103115197	news.report24
103115237	news.respekt-coaches
103118722	news.themeparkgenius
103119099	news.time
103119975	news.unidigital
103120159	news.ushel
103121140	news.wll
103121192	news.worksinprogress
103121206	news.worldbanks
103138598	ng.com.itrealms
103140443	ng.com.mailantarki
103169174	ng.org.gracengofoundation
103182301	ngo.c2c
103213355	nl.27vakantiedagen
103226884	nl.aafkedejong
103250240	nl.agconnect
103294649	nl.ardusimple
103326917	nl.awbruna
103348618	nl.baumbad
103402479	nl.blootgewoon
103402482	nl.blootkompas
103511744	nl.climateinitiativenoordnederland
103543370	nl.cultureelpersbureau
103581722	nl.degrenz
103610673	nl.desandwichformule
103612183	nl.designl
103621209	nl.devuurscheschaapskooi
103647796	nl.dolopreizen
103662993	nl.dscomics
103665577	nl.duintotdam
103665750	nl.duitsemilieusticker
103665807	nl.duitslandalsvakantieland
103665821	nl.duitslandinstituut
103665830	nl.duitslandshop
103671275	nl.duurzamestudent
103677731	nl.easyterra
103694960	nl.elbeling
103703010	nl.emilevanbrakel
103717733	nl.erveveldboer
103724103	nl.europcab
103724540	nl.eurostore
103729930	nl.expatmovingcompany
103746863	nl.fietsactief
103747001	nl.fietsen-elbe
103749424	nl.filmfriend
103756104	nl.flane
103761851	nl.flowreizen
103779246	nl.friendlycooking
103805431	nl.gedma
103819876	nl.gezinopreis
103829249	nl.globalinfo
103830446	nl.gms-group
103854874	nl.gtagames
103868024	nl.handelsagentduitsland
103883849	nl.hebjehuidlief
103896923	nl.hertz
103919504	nl.hiking-site
103921765	nl.hipenhot
103925952	nl.hkarsmakers
103955133	nl.hotelscheck
103956369	nl.houseofdesign
103977351	nl.icct
103980119	nl.iea
103985900	nl.ikwilmeerreizen
104009574	nl.ioplus
104031097	nl.jcb-beschlaege
104047562	nl.joodseschoolutrecht
104050328	nl.jossarismedia
104050803	nl.journeylism
104051969	nl.jouwweb
104097820	nl.kivi
104141553	nl.landen-info
104154665	nl.leiden365
104161369	nl.letsbevisible
104212545	nl.mamisdehortop
104244692	nl.meerdanvijftig
104246474	nl.meff
104255971	nl.metjannemarie
104266011	nl.mijngroentje
104269274	nl.miketrevor
104283635	nl.molendekorenbloem
104285060	nl.mondesir
104298169	nl.ms-fotografie
104301328	nl.muisopreis
104305142	nl.must
104331954	nl.ngvnieuws
104348557	nl.nocnsf
104354091	nl.nova-motors
104364132	nl.oefentherapieberestein
104367620	nl.oktoberfestfan
104372675	nl.omnitraveler
104391345	nl.oppad
104453297	nl.plustaalreizen
104460589	nl.portalliancerotterdam
104483542	nl.psdnet
104491859	nl.q-gallery
104515674	nl.reisgenie
104515952	nl.reisroutes
104515995	nl.reistips
104516001	nl.reistipsmetkids
104516188	nl.reizen-met-de-trein
104534294	nl.rijkswaterstaat
104553272	nl.ronreizen
104554816	nl.rooilijn
104560487	nl.royal-kingdom
104568363	nl.rvo
104583951	nl.scafom-rux
104591562	nl.schipholtaxi-lelystad
104591563	nl.schipholtaxi-nijmegen
104595623	nl.schoonmakeninfo
104604289	nl.security
104637095	nl.slackware
104660516	nl.snabs
104690501	nl.spoord
104705412	nl.staxiamsterdam
104705413	nl.staxiapeldoorn
104705416	nl.staxidelft
104705418	nl.staxidenhaag
104705419	nl.staxideventer
104705420	nl.staxidordrecht
104705421	nl.staxieindhoven
104705422	nl.staxiemmen
104705425	nl.staxihilversum
104705426	nl.staxileeuwarden
104705427	nl.staxileiden
104705428	nl.staximaastricht
104705429	nl.staximiddelburg
104705434	nl.staxitilburg
104705435	nl.staxiutrecht
104705436	nl.staxiveenendaal
104705438	nl.staxizwolle
104720025	nl.stoere
104721637	nl.stopandstare
104755082	nl.tallshipminerva
104772007	nl.telefoonboek
104777348	nl.test4travel
104822158	nl.travoley
104823959	nl.treumann
104824303	nl.triathlon
104826745	nl.triptalk
104832488	nl.tudelft
104853728	nl.uva
104857243	nl.vakantie-beieren
104858670	nl.vakantieland-nedersaksen
104859023	nl.vakantiepartners
104859276	nl.vakantieveilingen
104871207	nl.vanekeris
104877987	nl.vanvendeloo
104880728	nl.vbds
104894955	nl.verhaalblik
104916308	nl.vips83
104918770	nl.visserij
104934363	nl.vonkvlam
104953761	nl.waddenzee-werelderfgoed
104953772	nl.waddenzeewerelderfgoed
104964495	nl.webcamportal
104975283	nl.wereldreisgids
104987267	nl.wiebkes-weihnachten
104995817	nl.wilmatakesabreak
105035637	nl.zeilen
105051047	nl.zugspitz-arena
105057267	no.1881
105065315	no.aktive-fredsreiser
105070123	no.antiglobalisten
105075865	no.autoeurope
105080994	no.bayernnorge
105085742	no.billigstorbyferie
105090733	no.bondivvs
105101026	no.changingplaces
105111340	no.digital24
105112706	no.diskusjon
105113637	no.document
105117214	no.easyterra
105117894	no.edderkopp
105124733	no.esnoga
105125568	no.europaduden
105129474	no.ferien
105144881	no.genealogi
105202933	no.localmarket
105231628	no.norsk-fartoyvern
105237763	no.old
105260628	no.rights
105264166	no.royalcourt
105264817	no.rundtekvator
105290609	no.sportsmanden
105294640	no.storbytur
105306645	no.tidssonen
105306957	no.tiltak
105309218	no.toraaugestad
105324038	no.vgs.fyllingsdalen
105327871	no.vivii
105329589	no.w2g
105343551	now.gamer
105371540	nrw.abdichtungstechniker
105371800	nrw.bauhaus
105371801	nrw.baukultur
105372531	nrw.fachstelle-oeffentliche-bibliotheken
105372590	nrw.feuerwehrverband
105374361	nrw.oekozentrum
105374837	nrw.schulministerium
105375134	nrw.suchtkooperation
105375144	nrw.susii
105403122	nu.gebiedsontwikkeling
105406047	nu.happydays
105410932	nu.inetmedia
105413105	nu.jordenrunt
105413326	nu.julmarknad
105424190	nu.mu
105435735	nu.scowl
105447780	nu.turistbyran
105454758	nu.xn--brombr-tua
105474591	nyc.wegov
105632906	nz.co.rter
105692134	nz.govt.mfat
105793012	one.constant
105794971	one.derbetakevin
105795035	one.destination
105796656	one.eco-building-system
105799876	one.freunde
105803579	one.helpme
105810058	one.komm
105812816	one.manibus
105819559	one.photovoltaik
105824984	one.sgn
105826366	one.sleeplab
105835391	one.wallbox
105908249	online.abschiedsplaner
105917195	online.adressen-kaufen
105922350	online.afrigal
105935937	online.alarmanlagen
106019692	online.barrierefreiheit
106025911	online.bbuu
106080497	online.buergerdialog
106160531	online.corrigenda
106190850	online.diepholz
106191973	online.digitalschwalbe
106198897	online.dotmagazine
106212999	online.emobilitaet
106214019	online.energiebroker
106224187	online.fachstelle-md
106224993	online.familie-und-beruf
106230057	online.finanznachrichten
106240522	online.friendlyworld
106255203	online.georeg
106268873	online.gutscheinshop
106274828	online.harzdental
106275471	online.hauskeeper
106308114	online.hunde-welt
106308117	online.hundecrew
106317997	online.inklusiv
106324766	online.italianlesson
106344787	online.kfzkennzeichen
106347191	online.kinder-psychotherapie
106349328	online.klostermuehle
106360632	online.landed
106363583	online.lebensart24
106386752	online.matthias-weber
106391723	online.meldebescheinigung
106400649	online.mittelaltermarkt
106401624	online.mobilebeauty
106426966	online.niedersachsen
106430284	online.nordhandel
106433694	online.o-ton
106434777	online.oeffentlichkeitsarbeit-schule
106436481	online.okazjeirabaty
106454710	online.pflegesessel
106457153	online.physicsclasses
106468770	online.presse
106469834	online.prisma
106470673	online.probaum
106499850	online.rossmann
106504180	online.sadf
106509732	online.schroedingers
106509776	online.schulbau
106514243	online.seo-agentur-stuttgart
106519534	online.sichtbar
106562768	online.spielen-und-lernen
106577661	online.tagderbefreiung
106618846	online.urkunde
106620661	online.utopolis
106645294	online.weik
106645897	online.wermachtwas
106649245	online.wirlernen
106649951	online.wohnrechner
106656992	online.xn--gebude-klimarechner-iwb
106657560	online.xn--sehenswrdigkeiten-mnchen-1scm
106697329	ooo.ook
106703848	org.0509
106767006	org.20er-jollenkreuzer
106769735	org.21future
106770711	org.21wiki
106826623	org.4uj
106831441	org.52north
106905388	org.abe-entomofaunistik
106909555	org.able2know
106954337	org.acm
106961331	org.acti-ve
106971074	org.acttoranaclub
106980582	org.adangel
107016681	org.adventskalender-gewinnspiele
107030021	org.aerocene
107030069	org.aeroclubburgos
107030911	org.aerztekammer-hamburg
107036868	org.affordablehousingactivation
107052414	org.afs-akademie
107057949	org.againstchildtrafficking
107066049	org.agenda-europe-2035
107069426	org.ages-info
107071117	org.agij
107073593	org.agmiw
107075473	org.agri-network
107088568	org.ahoi-ev
107122650	org.aivp
107123858	org.ajcgermany
107126372	org.ak-consult
107127786	org.akasha-academy
107145466	org.alarmstuferot
107153522	org.alemannia-judaica
107161378	org.alfa-buc
107161926	org.alfahambourg
107165924	org.algorithmwatch
107168194	org.alianzadelclima
107178949	org.all-digital
107179760	org.allabouthair
107182783	org.allenginsberg
107207646	org.almnw
107226352	org.altgov2
107228910	org.alunaminga
107230919	org.alzheimer-europe
107232247	org.amaev
107236833	org.amateurearthling
107305257	org.analogunddigital
107308485	org.anarchaia
107311908	org.anchasalamedas
107350459	org.anmut
107354999	org.anonymousnews
107357409	org.ansage
107366665	org.antiimperialista
107370466	org.anwalt
107370519	org.anwaltskanzlei-hamburg
107379938	org.apartmentofart
107388741	org.apjp
107391592	org.apologeticsindex
107402155	org.aqicn
107419050	org.architekturwoche
107419541	org.archiveteam
107449297	org.arolsen-archives
107451520	org.arrivalaid
107453904	org.arso
107461775	org.artesianministries
107462562	org.artforall-jp
107466820	org.artist-network
107468432	org.artline
107469754	org.artothek
107469963	org.artport-project
107472507	org.artsoftheworkingclass
107493525	org.ask1
107502713	org.asociacioncinde
107511621	org.assitejonline
107522086	org.asylumineurope
107532098	org.atlas-citl
107542632	org.attac-muenchen
107546182	org.attraktor
107558361	org.aufstehen-bremen
107568616	org.ausgezeichnet
107568825	org.auslaenderbehoerde
107569895	org.austausch-macht-schule
107574252	org.australian-macadamias
107575671	org.austria-forum
107582881	org.auto-star
107588847	org.av-vertrag
107593644	org.avenirplus
107598133	org.avinus
107611934	org.awo
107660450	org.baiosphere
107671110	org.balkantage
107671185	org.balkenschichtholz
107675587	org.balticraw
107687084	org.banyannetwork
107724100	org.baugemeinschaft-holsten
107724223	org.bauhauserde
107724261	org.bauherrenhilfe
107728531	org.bayfor
107735055	org.bbk-niedersachsen
107736427	org.bc-dc
107744371	org.bddi
107746811	org.bdsfrance
107778938	org.bef-de
107779106	org.before-interpretation
107793559	org.bellona
107805028	org.berklix
107806337	org.berliner-antike-kolleg
107806375	org.berliner-initiative
107806533	org.berlinglobal
107809443	org.bersenbrueck
107831363	org.beteiligungsverwaltung
107845885	org.betterplace
107849104	org.bewegteslernen
107853666	org.bfb
107862822	org.bib-ev
107882795	org.bikeportland
107883991	org.bilderblog
107884105	org.bildungsarbeit
107884197	org.bildwechsel
107885006	org.billeraumarchiv
107892358	org.bio-m
107914209	org.bisericaisushristos
107923813	org.bitkom
107927185	org.biv-ot
107930731	org.bkae
107952826	org.bleiberecht-mv
107960595	org.blitzereinspruch
107960601	org.blitzerkatalog
107974645	org.bloxhub
107986096	org.blumenbilder
108006740	org.bodenbuendnis
108011475	org.boell
108014295	org.bohrplatz
108023174	org.bomenbeterbeheren
108029655	org.bonusnorm
108039914	org.bornplatzsynagoge
108070846	org.brainin
108098709	org.brettsperrholz
108102126	org.briceinstitute
108106097	org.briefporto
108118167	org.britishingermany
108119462	org.brkt
108122558	org.brokervergleich24
108129289	org.brunoschulz
108139719	org.bsvh
108143670	org.bttp-network
108146342	org.budcud
108146712	org.buddhismus-unterricht
108147303	org.budenzauber
108147554	org.budgettraveller
108148371	org.buendnis-mobilitaet
108148484	org.buerger-geld
108148493	org.buergerbahn-denkfabrik
108148520	org.buergergeld
108148534	org.buergerinitiative-gruenes-obermenzing
108148556	org.buergerservice
108148566	org.buergerstiftungen
108155753	org.builtbn
108159346	org.bundesbote
108159592	org.bundesverband-smart-city
108176373	org.bussgeldcheck
108176378	org.bussgeldkatalog
108177731	org.butterfliesandwheels
108178199	org.butterwegge
108205819	org.caceonline
108205849	org.cacert
108235481	org.camaeleon
108246264	org.campcatatonia
108248534	org.campi-numis
108252006	org.campusgruen
108300959	org.caringculturelab
108406840	org.cebem
108423192	org.centerfordigitaldemocracy
108427855	org.centerwest
108435829	org.centreforfeministforeignpolicy
108464116	org.cfn-ms
108480242	org.chancenreiter
108481773	org.change
108485707	org.changing-cities
108537710	org.chiesadigesucristo
108549794	org.chimpsnet
108592479	org.churchofjesuschrist
108608372	org.cipworx
108613866	org.cirkevjezisekrista
108614939	org.cisac
108620785	org.citizens-forests
108627736	org.citylimits
108632613	org.cityscouts
108647053	org.claimscon
108666410	org.cleanenergywire
108667591	org.cleantechalliance
108670413	org.cleoeurope
108674392	org.climate-chance
108674842	org.climatealliance
108692561	org.club-of-rome-schulen
108696231	org.clubnaturismo
108713299	org.coachatschool
108738696	org.coess
108746898	org.colibris-wiki
108751325	org.college-st-yves
108774072	org.comeover
108776583	org.commandeur
108781346	org.community-kitchen-muc
108805592	org.computerzentrum
108806632	org.comtessa
108811112	org.concordatwatch
108833406	org.constitutionnet
108835876	org.consuldemocracy
108844852	org.contextxxi
108847211	org.conuno
108858495	org.copernicus
108864882	org.coreboot
108869085	org.corona-mythen
108871591	org.correctiv
108905270	org.cowtown-singles-square-dance
108912317	org.cpj
108913382	org.cpnn-world
108930924	org.creativebureaucracy
108950979	org.cross-impact
108976663	org.csf-gh
108984179	org.csstiftung
108997450	org.cubic
109001375	org.cultural-entrepreneurship
109003396	org.culturebase
109029294	org.cvjm-muenchen
109038425	org.cyber4edu
109047211	org.cycles
109048279	org.cyclowiki
109052744	org.d-64
109054729	org.dabeisein
109054946	org.dacapo-bench
109055112	org.dachist
109057346	org.dagv
109059356	org.daisyprojectindia
109066615	org.danibrown
109069312	org.daotaocntt
109074093	org.darmstadtfaehrtrad
109077477	org.datarequests
109078132	org.daten-schlag
109078183	org.datenschutz
109079150	org.dava-eu
109080494	org.davidhirst
109088264	org.dbpedia
109088570	org.dbsv
109092937	org.ddows
109093237	org.de
109096158	org.debian
109101442	org.deepwave
109102500	org.defendingdads
109104115	org.degeval
109107559	org.delanomnhistory
109109010	org.deliciously
109109357	org.delki
109113797	org.demonstrations
109115261	org.denkmalliste
109121869	org.dervierteraum
109121882	org.derweg
109125409	org.designtag
109125842	org.desk-surfing
109128988	org.deutsch-hispanisch
109129021	org.deutsche-burgen
109129034	org.deutsche-im-ausland
109129046	org.deutsche-metropolregionen
109131592	org.devroye
109133404	org.dfg-lfa
109134601	org.dgg-online
109134610	org.dggl
109134779	org.dgm-forum
109134940	org.dgpt
109135108	org.dgti
109139684	org.diagnose-funk
109143905	org.die-kleinen-raben
109143986	org.die-schuldnerberatung
109144362	org.diekleinenraben
109147055	org.digitalanalog
109154745	org.dipas
109156090	org.direkteaktion
109156296	org.dirk
109161901	org.disposabletimes
109168111	org.djksbm
109171486	org.dma
109172188	org.dmgw
109175843	org.doctor-bee
109179833	org.dokufunk
109186944	org.donista
109189967	org.dorfwiki
109198581	org.dr-langner-stiftung
109204697	org.drehscheibe
109205579	org.drg-hamburg
109208710	org.droit-technologie
109209053	org.dronemaps24
109210113	org.drs
109210713	org.druckmagazin
109212228	org.drupal
109213898	org.dsc2021
109214701	org.dsjv
109216414	org.dtkv-hamburg
109216718	org.dtv-deutschland
109221174	org.dunkelbunt
109222933	org.dushan
109224337	org.dvg-ev
109233204	org.e-teaching
109233539	org.e-zigaretten
109234506	org.e3g
109240579	org.earthcharter
109241453	org.earthings
109241948	org.earthrisespace
109242501	org.earthzine
109254848	org.ec3r
109260907	org.ecocitiesemerging
109264104	org.econgood
109267147	org.ecre
109275396	org.educamps
109276072	org.education-profiles
109277417	org.educationoutside
109278678	org.educypedia
109279983	org.edupage
109282679	org.eela
109282894	org.eeofe
109284589	org.effizienznetzwerke
109285188	org.efort
109286891	org.eglisedejesus-christ
109288047	org.egyptscholars
109289566	org.eias
109289587	org.eibar
109290899	org.eineweltnetz
109290975	org.eingemischt
109295347	org.elarb
109299916	org.elegantsufficiency
109300073	org.elektrodienst24
109303754	org.elisl
109305194	org.elizaonsteroids
109309898	org.elsnet
109310152	org.elternfragen
109311183	org.ema-germany
109312925	org.embl
109312954	org.embo
109317128	org.emle
109326093	org.ende-gelaende
109328999	org.energieberatung-hamburg
109339848	org.entdeckerrouten
109339850	org.entdeckungsreisen
109341739	org.entsorgen
109342731	org.environmentandsociety
109344838	org.epa-network
109347940	org.epic
109351459	org.epo
109353085	org.equalcareday
109362592	org.escortboy
109364380	org.esg-score
109366215	org.eso
109368486	org.esportsgear
109370102	org.esserc2025
109372493	org.esvfreimann
109375195	org.ethik-heute
109375700	org.ethnikoiphylakes
109381886	org.eurofurence
109382005	org.eurohaptics2022
109382395	org.eurometrex
109382560	org.europa-unsere-geschichte
109384357	org.eurorai
109384872	org.euroyouth
109385600	org.ev-esm
109386369	org.evangelisches-forum
109388039	org.eventfuchs
109391481	org.everyvoicecenter
109393754	org.evvc
109394945	org.ex-negativo
109402920	org.extra-ev
109404389	org.eyeofthefish
109406095	org.f-b-a
109407723	org.fablab-hamburg
109411987	org.fahrradkino
109412068	org.fai-project
109414058	org.fairlangen
109414532	org.fairplayfuerfrauen
109419088	org.faktenforum
109421356	org.familie-im-blick
109424516	org.familysearch
109427644	org.fao
109432765	org.fassadensysteme
109435873	org.fau
109444914	org.fda-bayern
109450438	org.federkiel
109453493	org.feldberg
109454965	org.fembio
109457317	org.feraltrade
109457536	org.fergusonresponse
109461885	org.feuerwehr-westerweyhe
109461931	org.feuerzeug
109462962	org.ffechecs
109463524	org.ffmpeg
109464880	org.fgskw
109470593	org.fight-for-fun
109473499	org.filmfriend
109473819	org.filmmuseum
109474057	org.filmsfortheearth
109476180	org.finanzaemter
109482806	org.firmenhilfe
109482969	org.first
109491792	org.fiveg
109506956	org.fluchtpunkt-bergedorf
109511072	org.fmreview
109511827	org.fng-siegel
109512357	org.foamio
109512746	org.focg
109513763	org.foebud
109513846	org.foerdersuche
109516057	org.fona21
109522265	org.foodsharing-staedte
109525708	org.foreignspolicyi
109525791	org.forennet
109531202	org.forschungsdaten
109532586	org.fortiss
109535726	org.fosbos
109543096	org.fpf
109547772	org.frankfallaarchive
109550355	org.frauen-beraten
109557129	org.freejazzblog
109558240	org.freenotes
109559116	org.freerussians
109564078	org.freidenker
109564275	org.freies-sprechen
109564822	org.freihafen
109564828	org.freiheit
109564885	org.freiheitsrechte
109565069	org.freiraeume
109565320	org.freiwurf
109570066	org.freude-spenden
109570185	org.freundeskreis-botanischer-garten-rombergpark
109587031	org.friseur
109592931	org.frontiersin
109595353	org.froscon
109599697	org.fs-ev
109599708	org.fs-hamburg
109601463	org.fsfe
109602445	org.fsm-net
109606179	org.ftm-schwabing
109607986	org.fuchs-und-hase
109610366	org.fuehrerscheinstelle
109624446	org.fundiwatch
109627885	org.fussballschuhe
109630902	org.fux-eg
109635958	org.g20hamburg
109645855	org.gabc-boston
109648643	org.gain-network
109657761	org.ganztagsschulen
109661316	org.gartenakademie
109663457	org.gatestoneinstitute
109665751	org.gayandgray
109673619	org.gdi-de
109675882	org.gedaechtnisbuch
109677957	org.gelauff
109678106	org.geldhelden
109678144	org.geldlehrer
109680143	org.gemeingut
109684526	org.generation-d
109685259	org.generationeurope
109690340	org.geo-fct
109691329	org.geoleaks
109691828	org.geopolityka
109694299	org.geothermalstories
109694465	org.gepaghana
109695528	org.germanoceanfoundation
109695753	org.germanwatch
109700376	org.gettorf
109711326	org.gijc2019
109711663	org.gilc
109714748	org.gipfelstuermer
109717609	org.giswiki
109731343	org.globaldisconnect
109733812	org.globalmarshallplan
109738620	org.glokal
109739412	org.glossa-journal
109742874	org.gmo-free-regions
109747720	org.gnu-darwin
109762019	org.goodnet
109767867	org.gostudent
109770562	org.govdirectory
109792893	org.green-roof
109794434	org.greendeal
109796417	org.greenkayak
109801068	org.grenzenlos-digital
109803888	org.grist
109805317	org.grothoff
109809333	org.gruenstreifen
109810665	org.grur
109827123	org.gustav-landauer
109827405	org.gutes-leben
109828631	org.gvg
109834483	org.h-artland
109841830	org.hackliberty
109843163	org.hafenradio
109845557	org.hajusom
109850850	org.hallohallohallo
109852886	org.hamburg-news
109852888	org.hamburg-standard
109852912	org.hamburger-kunsthalle
109852957	org.hamburgshanghai
109852967	org.hamburgwork
109855715	org.handball-barmbek
109857945	org.handwiki
109862837	org.harari
109866200	org.harmsboone
109868570	org.hartwork
109870683	org.hasenfest
109871988	org.hateaid
109873787	org.haus-experten
109873953	org.hausdesstiftens
109874085	org.hausrissen
109877515	org.hayati-leipzig
109880056	org.hbgr
109882478	org.hckh
109884294	org.hdkrm
109886595	org.healcure
109904889	org.heckenretter
109906253	org.heiliggeist
109906396	org.heimspiel
109906496	org.heinz-schmitz
109907506	org.helfende-haende
109907508	org.helfendehand
109933797	org.hfg-hh
109936394	org.hghl
109939216	org.hhnh
109944183	org.hiddenlinesofspace
109958542	org.hilldegarden
109970440	org.hirn-herz-hand
109973690	org.histocard
109976616	org.history-jerusalem-munich
109985455	org.hknebel
109987131	org.hlaa-la
110046452	org.hopto
110046684	org.horeb
110047155	org.horizonresourcenetwork
110047364	org.horizont-muenchen
110063074	org.hrw
110063484	org.hsc-regatta
110063972	org.hsfs
110069631	org.hugohelbing
110071814	org.humanilog
110075441	org.hundert-wasser
110082484	org.hyperculturalpassengers
110083392	org.hypotheses
110094289	org.iana
110095093	org.iapp
110105741	org.iccs-meeting
110111148	org.icmmonline
110128862	org.ieecp
110128873	org.ieee
110129619	org.ieee802
110131837	org.iete-muenchen
110132508	org.ifaw
110134728	org.ifross
110136232	org.iggp
110136302	org.ighs
110140646	org.igvw
110147120	org.ikalender
110148461	org.ikt-online
110148695	org.il-knisjatagesukristu
110155045	org.im-bild
110158987	org.imf-conference
110160031	org.imkerverein-hamburg-bramfeld
110163984	org.impacts
110167565	org.inaberlin
110170302	org.incom
110179320	org.industrie-kultur
110179904	org.indyliederkranz
110179928	org.indymedia
110181081	org.infectnet
110185562	org.info-site
110185716	org.infoarchiv
110185717	org.infoarchiv-norderstedt
110188177	org.informationsfreiheit
110191960	org.ingop
110192794	org.iniplaw
110192976	org.initiative-perspektivwechsel
110193105	org.initiativesternbruecke
110196474	org.innovate-us
110199894	org.insideberlin
110199993	org.insideinside
110204967	org.institutoautor
110211160	org.interexile
110214723	org.internationalstorytelling
110214989	org.internationalyn
110215027	org.internations
110218589	org.intoxicatingspaces
110220422	org.investigativ
110220452	org.investigativeproject
110222155	org.inyokaproject
110223659	org.iorr
110228521	org.ipo
110231115	org.iran-change
110231150	org.iran-resist
110231588	org.iranjournal
110236222	org.irpp
110238818	org.isarlust
110242755	org.isi-hamburg
110243507	org.isinnova
110251114	org.isor-portal
110255846	org.issac-conference
110262189	org.itea4
110263699	org.itlos
110266006	org.itvhh
110267806	org.ivbf
110268883	org.ivua
110270510	org.iwlearn
110272868	org.j-e-w-s
110277772	org.jagdwirt-alumni
110284971	org.jantrust
110306628	org.jezuskrisztusegyhaza
110308935	org.jga-shirts
110321938	org.jobrad
110328378	org.jointransition
110334089	org.journalismus-macht-schule
110334093	org.journalismusfest
110337426	org.jp
110344099	org.judeninthemar
110345206	org.jugendamt
110345241	org.jugendhackt
110346176	org.juliapost
110349395	org.jurist
110367743	org.kallerhoff
110379959	org.karin-schreibt
110380303	org.karlsgymnasium
110381032	org.karrieretag
110383319	org.katasteramt
110404738	org.kerstin-petersen
110406740	org.keyando
110416054	org.kickinsleben
110419481	org.kiefernzwergerl
110422716	org.kindermitte
110422738	org.kindernotarzt
110422817	org.kinderstube-muenchen
110423570	org.kindundkegel
110429219	org.kirfoundation
110433980	org.kkcw
110434988	org.klassegegenklasse
110435412	org.kleineanfragen
110436004	org.klimabildung
110436009	org.klimabuendnis
110436015	org.klimacamp-muenchen
110436017	org.klimacampus
110436121	org.klimasofa
110436173	org.klimawiki
110436362	org.klinkeklinkeklinke
110436860	org.klu
110437748	org.kmk
110437751	org.kmk-pad
110444732	org.kohoutikriz
110448268	org.konfliktbearbeitung
110450698	org.korean-culture
110452124	org.koscioljezusachrystusa
110452516	org.kosmorama
110452733	org.kostbar
110457892	org.krautsand
110458209	org.kreativgesellschaft
110458905	org.krgb
110459005	org.kriegsopfer
110463133	org.ksvirus
110464338	org.kubagym
110465307	org.kuechenserver
110465337	org.kuehne-stiftung
110465399	org.kuerbis
110466504	org.kulturstrand
110466517	org.kulturundkunst
110466518	org.kulturundmehr
110467526	org.kunstclub13
110467543	org.kunstgeschichte
110467611	org.kunstlabor
110467628	org.kunstnachlass
110486652	org.ladyfestmuenchen
110488673	org.lagedernation
110489356	org.lagtheaterundfilm-bayern
110497675	org.lakewoodsistercities
110504064	org.landesverband
110504876	org.landsaid
110514644	org.lastseen
110515379	org.latechhambourg
110519610	org.lausitzer-allgemeine-zeitung
110539791	org.leftcom
110541218	org.legal-entrepreneurship
110549375	org.leocor
110550620	org.lepiforum
110551028	org.lerchennest
110551200	org.lernaufgaben
110551213	org.lernen-zu-lernen
110552943	org.lesefuechse
110552953	org.lesekreis
110553082	org.lesereihen
110564698	org.lflus
110570976	org.librarytechnology
110571413	org.libretexts
110572292	org.lichtblick-hasenbergl
110572362	org.lichtpunkt
110573578	org.life-initiative
110585177	org.limswiki
110587073	org.lindau-nobel
110588172	org.linear2017
110590411	org.linkswende
110591530	org.linuxfr
110591665	org.linuxman7
110591908	org.linuxtopia
110594529	org.lisboaenova
110602113	org.liveloveandlearn
110605915	org.livingroofs
110610304	org.llamada-de-medianoche
110614204	org.local-hero
110620099	org.lokal-aktiv
110620127	org.lokalkraft
110620441	org.lolaexchange
110624120	org.longua
110626171	org.lordtaylor
110632537	org.loungejazz
110640496	org.lrs-hilfe
110646859	org.luitpold-gymnasium
110647187	org.luki
110649064	org.lunastrom
110655440	org.lycoreia
110657651	org.m-bassy
110661664	org.mach-meldung
110662296	org.machts-einfach
110675940	org.mainlineforeurope
110678310	org.major-giving-institute
110686284	org.man7
110689198	org.mangoes-and-bullets
110690371	org.manitobacoinclub
110695031	org.mappinternational
110696199	org.marathonmuenchen
110700372	org.marefa
110702198	org.marienkrankenhaus
110703298	org.marinelives
110705824	org.marketing-territorial
110710709	org.martinmayer
110719002	org.masterportal
110720454	org.matchwire
110725467	org.maulwurf-bekaempfen
110729212	org.mayorsforpeace
110733050	org.mcbernfoundation
110754550	org.medizinwissen
110758526	org.mehr-respekt
110758928	org.mein-augenarzt
110758945	org.mein-hautarzt
110758957	org.mein-notar
110758963	org.mein-schluesseldienst
110758971	org.mein-tierarzt
110766202	org.mensajerosurbanos
110768110	org.mentor-ring
110769741	org.mentrup
110771699	org.mequito
110774286	org.merinashik
110777908	org.metabunk
110779096	org.metapedia
110780519	org.metiers-quebec
110781833	org.metropolis
110782019	org.metropolitics
110783452	org.mexle
110800798	org.mideastfreedomforum
110801087	org.midibox
110805451	org.migranet
110805773	org.migrationsberatung
110815009	org.mindfulmedialab
110824928	org.mishn
110826479	org.mission-wertvoll
110831200	org.mitforschen
110831431	org.mitmacher
110833161	org.miz
110835867	org.mlea-studies
110844124	org.mobilitydatabase
110846093	org.modelsconf19
110848970	org.mohio
110849260	org.moimessouliers
110852872	org.monacodibaviera
110854221	org.mondobirra
110864546	org.moottoripyora
110869763	org.mosaicsyria
110869814	org.mosaik-ev
110882769	org.mozilla
110885584	org.mpu-vorbereitung-muenchen
110888911	org.msbear
110897176	org.mtmedia
110898901	org.mtpr
110903456	org.muenchen
110903590	org.muffin
110908000	org.munich-child
110908015	org.munich-satellite-navigation-summit
110908029	org.munichaccueil
110908034	org.munichcincinnati
110908046	org.munichkyivqueer
110908050	org.munichre-foundation
110911132	org.musermeku
110915391	org.musikkritik
110915452	org.musikwirtschaft
110915635	org.musizierschule
110917029	org.mutabor
110917377	org.mutter-kind-haus
110917381	org.mutterboden
110919210	org.mvmm
110922031	org.my-trend
110947736	org.nacel
110947912	org.nachhaltigkeitsforum
110947924	org.nachhilfe
110970510	org.nativomusic
110975276	org.nausch
110978274	org.nbau
110985680	org.ncr-iran
110989006	org.nds-fluerat
110989929	org.nearbywiki
110995897	org.nellyboyd
110997204	org.neocities
111001516	org.netbase
111001922	org.neteler
111004482	org.netzfrauen
111004527	org.netzphilosophie
111004530	org.netzpolitik
111004544	org.netzspannung
111004572	org.netzwerk-gemeinsinn
111004638	org.netzwerkkonferenzen
111004643	org.netzwerkrecherche
111004835	org.neuesamt
111005032	org.neuperlach
111010890	org.neusprech
111011023	org.neutronsources
111017729	org.newgorod
111026839	org.newworldencyclopedia
111030154	org.nexuspolitics
111031971	org.nfunorge
111043495	org.niehusmann
111048968	org.ning-huang
111051989	org.nixos
111074764	org.nordkurve-muenchen
111097795	org.nseayet
111101563	org.nuart
111114898	org.nyiac
111123748	org.obdachlosenwegweiser
111124959	org.obn
111134740	org.odp
111135710	org.oeffentlicher-dienst
111136286	org.oesterreicherviertel
111137002	org.offene-werkstaetten
111142182	org.ohdarling
111148427	org.okfn
111149996	org.oksimo
111154783	org.olea
111158345	org.olympiccities
111162523	org.omnetpp
111165025	org.on-culture
111165096	org.on-the-move
111180158	org.oocities
111181732	org.open-accessibility
111184207	org.opendataday
111184264	org.opendatapolicylab
111184888	org.openecard
111185975	org.openholidaysapi
111187419	org.openoffice
111188410	org.openscienceradio
111189432	org.openstreetmap
111189540	org.opensuse
111189863	org.opentoolchain
111189864	org.opentoolchain-foundation
111189865	org.opentoolchainfoundation
111192498	org.opexsociety
111194688	org.optics
111195738	org.opulencetravel
111197216	org.orangeocean
111207849	org.orte-der-erinnerung
111211900	org.oslo-gbg
111212391	org.osobnipodaci
111214299	org.oswegohaven
111214994	org.otfn
111227903	org.overturemaps
111229006	org.owiki
111229134	org.owlgen
111257086	org.pag-hamburg
111268352	org.pan-germany
111273315	org.papiri
111291209	org.passivehouse-international
111292995	org.patchwork-hamburg
111296706	org.patriotpetition
111312588	org.peacepaperproject
111316144	org.pedidodedados
111316759	org.peeng
111317538	org.pegasuspraxis
111333745	org.pervasive2005
111338788	org.pfarre-muehldorf
111339771	org.pflegehilfe
111339783	org.pflegen-und-leben
111339786	org.pflegendeangehoerige
111339791	org.pflegeservice
111346759	org.phaidros
111352309	org.philipweiss
111354097	org.phinnweb
111360510	org.phyphox
111383035	org.planet-kai
111389135	org.plastikfreiestadt
111390220	org.platon
111395532	org.plos
111397192	org.pluspedia
111399539	org.pms-symptome
111402180	org.podcasts-online
111409160	org.polonia
111409357	org.polscylekarze
111411652	org.pomeranianews
111412384	org.pongau
111415452	org.popularresistance
111419030	org.portlandcriminaljustice
111420496	org.portusonline
111421044	org.positive-propaganda
111422643	org.postelt
111422962	org.postkartell
111426004	org.powercounter
111428682	org.ppev
111429238	org.ppm-online
111434597	org.praxis-stiegele
111448372	org.prevozpokojnika
111452848	org.printemps-des-migrations
111454239	org.pritlove
111463495	org.project-awesome
111468555	org.projekt-eschenhof
111468701	org.projektwerkstatt
111471694	org.prony
111473554	org.prosos
111478941	org.prowiki
111485298	org.psinfo
111491307	org.publia
111506173	org.qatarpharma
111507725	org.qgis
111522373	org.r-project
111523794	org.rabeneltern
111526123	org.radforschung
111527028	org.radijojo
111528517	org.radiology-guide-germany
111529467	org.radiotux
111529803	org.radklau
111530111	org.radpropaganda
111534310	org.rainforest-rescue
111548204	org.raumideen
111556467	org.re3data
111566349	org.rechtskanzlei
111569255	org.recyclebrevard
111573932	org.redi-school
111585731	org.regenwald
111585735	org.regenwetter
111598312	org.repec
111602591	org.research-in-germany
111604297	org.reset
111604906	org.residuum
111608632	org.restless-legs
111614617	org.reusedeutschland
111614636	org.reuselandscape
111622746	org.rh-immobilien
111624759	org.rhodo
111628565	org.richtberg
111628580	org.richterverein
111628591	org.richtig-wichtig
111633359	org.riloha
111633904	org.ring-team
111650651	org.robotframework
111652868	org.rockefellerfoundation
111656801	org.rodarmy
111659691	org.rohatyndrg
111672866	org.rossroadchurch
111690201	org.rumorfix
111699179	org.ryokohoken
111700528	org.s4f-saarland
111711121	org.safertravel
111723464	org.salewsky
111726457	org.salvalaselva
111727085	org.salveafloresta
111727228	org.salviamolaforesta
111727331	org.salzwasser-ev
111729444	org.sammlungen-buchner
111750076	org.sauvonslaforet
111762844	org.scamlens
111762961	org.scanbalt
111767096	org.schamrock
111768806	org.schiedt
111769596	org.schmidt-hausverwaltung
111772753	org.schridde
111772922	org.schub-magazin
111773100	org.schul-web
111773126	org.schuldnerberatungen
111773388	org.schups
111774466	org.science-online
111776111	org.scientists4future
111795271	org.seakademie
111797075	org.seas-at-risk
111805753	org.seebruecke
111805755	org.seebruecke-muenchen
111807105	org.seeingthewoods
111807580	org.seemannsmission
111807581	org.seemannsmission-altona
111808585	org.segemi
111812073	org.selfhtml
111816874	org.seniorenbueros-digital
111820747	org.seprufgesellschaft
111822521	org.seret-international
111823165	org.serlo
111823435	org.serponado
111829973	org.sexologie
111831007	org.sf-hh
111834215	org.sfrg
111836191	org.sgipt
111837022	org.sgue
111842094	org.shared-city
111856778	org.shop-portal
111863402	org.si-na
111864452	org.sibwiki
111864761	org.sichtweisen-online
111866540	org.siemens-stiftung
111868694	org.sigmobile
111869278	org.significantcemeteries
111869684	org.sigsac
111883113	org.sipsedu
111889248	org.sividuc
111891421	org.sjk
111893537	org.skala-campus
111915310	org.slat
111923150	org.sloep
111940101	org.smarterstart
111947769	org.smck
111956622	org.smola
111979868	org.socialbee
111992122	org.sofaconcerts
111994644	org.softwareliberoliguria
111996397	org.soko-tierschutz
111997076	org.solar-online
112000478	org.solingen-gehoert-uns
112001908	org.solutionsjournalism
112004207	org.sommerschule
112006457	org.sonnenschirm
112013539	org.sound-storm
112026551	org.sozialkonzept
112026563	org.sozialrat
112026671	org.sozvu
112026945	org.spaarx
112027156	org.space2live
112033490	org.speakerinnen
112041856	org.spielraum-ev
112045711	org.spiritualwiki
112051341	org.sprachforschung
112051362	org.sprachschule
112057117	org.srebrenica-frauen
112057120	org.srebrenica-women
112057121	org.srebrenica-zene
112066674	org.st-anna
112067402	org.staatklar
112068138	org.stadtbaukunst
112068143	org.stadtbienen
112068145	org.stadtbild-deutschland
112070895	org.standesamt
112077504	org.startschuss
112077627	org.starttotalk
112092201	org.stg-online
112093861	org.stifterverband
112093896	org.stiftung-fairchance
112093905	org.stiftung-gssg
112093977	org.stiftungbildung
112093982	org.stiftungen
112094003	org.stiftungros
112109116	org.stop-partnergewalt
112112397	org.storiaememorie
112118651	org.strassenpiratinnen
112122511	org.stringmegaregion
112130090	org.stuertz
112130092	org.stuetzpfeiler
112132628	org.subonline
112134995	org.suelze
112151577	org.surfspots
112152691	org.surveillance-studies
112153764	org.susanneschmitt
112153765	org.susanneschneider
112154644	org.sustainability-conference
112154675	org.sustainability-training
112156513	org.sustainableworldports
112161209	org.svoboda
112169793	org.swp-berlin
112172050	org.syllogos-souli
112178400	org.syriaaccountability
112183112	org.tabakfreiergenuss
112186100	org.tagaustagein
112197561	org.tansaniaparkjenfeld
112197854	org.tanz-lust
112208424	org.taxifare
112208522	org.taxiversicherung
112212937	org.tci-thaijo
112225207	org.techrights
112226274	org.tecnoplataforma
112228656	org.tefl
112234978	org.teltschik
112240507	org.teresco
112241333	org.terraculta
112260455	org.the-wall-net
112280826	org.thecolumnists
112286526	org.theeducationalequalityinstitute
112318255	org.theodi
112343772	org.theurbanist
112348344	org.theworld
112358738	org.thul
112362618	org.tierrechtslehrer
112366860	org.timmendorfer-strand
112367559	org.tincon
112381645	org.tobeaware
112381728	org.tobias-weiss
112386333	org.toleranzraeume
112389137	org.tonmeister
112390443	org.top-10-list
112395925	org.tosit
112396107	org.total-regal
112402426	org.tp50
112406457	org.traductor-jurado
112406502	org.traegernetzwerk
112408405	org.trambahn
112411324	org.transition-initiativen
112413350	org.transportunion
112415717	org.travelnotes
112415845	org.travelsmartcampaign
112433304	org.troop103atlanta
112434762	org.trotz-schufa
112435086	org.troyandalana
112439055	org.trufi-association
112443058	org.trust
112446666	org.tschechien-online
112446774	org.tscriado
112448755	org.tsv1860
112449010	org.ttamobility
112452643	org.tulatroubles
112454232	org.tumulte
112455253	org.tunes
112457660	org.turismo
112461819	org.tuxfamily
112463985	org.tweasel
112482486	org.ueberdentellerrand
112486807	org.uia
112498137	org.umweltbrief
112498148	org.umweltinstitut
112505123	org.unifiedprimary
112507675	org.unirank
112515104	org.uniwind
112518165	org.unteilbar-bergedorf
112518317	org.untiefen
112527688	org.urheberrecht
112534847	org.usartists
112538131	org.usgennet
112546203	org.uudenmusiikinfestivaali
112549956	org.v-a-m
112566656	org.vcd
112566785	org.vcfe
112568244	org.vdtt
112568277	org.vdz
112575059	org.venio-osb
112577539	org.vergleich
112588251	org.veterivolny
112589503	org.vffow
112589748	org.vfsg
112592015	org.vgtc
112592530	org.vi-hps
112600231	org.viglojdrc
112605768	org.viola-da-gamba
112610871	org.visible-learning
112621905	org.vldb
112622855	org.vmwd
112629465	org.vologratis
112629616	org.volt-fraktionen-hamburg
112629747	org.voltdeutschland
112636516	org.vrd-stiftung
112642519	org.vuejs
112648728	org.waddensea-worldheritage
112649788	org.wagnis
112652073	org.wald-mit-wild
112652413	org.waldportal
112661336	org.was-kostet
112666546	org.waterlat
112667306	org.watershedhealth
112668383	org.watrify
112674118	org.wcgsoh
112675270	org.wcs
112683746	org.webofthings
112688135	org.weforum
112688348	org.weglide
112688861	org.weidenau
112690017	org.welcome-music-session
112690024	org.welcome-to-rlp
112693737	org.welt-sichten
112693854	org.weltsichten
112695734	org.werner-stiftung
112703649	org.westwerk
112705034	org.wewontshutup
112715159	org.whitecloudfarm
112717482	org.who-owns-the-world
112723272	org.wikibooks
112723448	org.wikidata
112723516	org.wikidot
112723981	org.wikimannia
112724021	org.wikimedia
112724182	org.wikinews
112724349	org.wikipedia
112724624	org.wikiquote
112724770	org.wikisort
112724968	org.wikiversity
112724995	org.wikivoyage
112725146	org.wiktionary
112725682	org.wildapricot
112725763	org.wildbiene
112726240	org.wilderness-society
112738955	org.winterstiftung
112739855	org.wir-stiftung
112740512	org.wirlesen
112740609	org.wirsindfuerdichda
112740613	org.wirsindlogistik
112744384	org.without-systemd
112744930	org.wittenbergchamber
112749140	org.wnyc
112750172	org.wohngeld
112750202	org.wohnschiffprojekt
112750217	org.wohnungslosenstiftung
112761140	org.wordpress
112762027	org.workcamp-plato
112765779	org.worldcubeassociation
112766604	org.worldfuturecouncil
112767307	org.worldjurist
112769868	org.worldtravelblog
112770540	org.worldwidepanorama
112781002	org.wuebben-stiftung-bildung
112781014	org.wuenet
112781025	org.wuermranger
112781502	org.wupperinst
112802317	org.xn--hrfehler-n4a
112805239	org.xoloxx
112822703	org.yesticket
112823422	org.yfua
112851973	org.z-u-g
112852922	org.zadostioudaje
112859159	org.zeig-was-du-kannst
112860264	org.zenit
112864814	org.zerozerouno
112868858	org.zimrelief
112877378	org.zugang-gestalten
112877516	org.zukunft-fahrrad
112877752	org.zum-kuckuck
112878551	org.zwei-p
112891442	ovh.monika-karbowska-liberte-pour-julian-assange
112905904	page.flow
112908788	page.odweb
112919269	partners.chatham
112919424	partners.cove
112921717	partners.skn
112936218	pe.acupari
112952336	pe.com.scp
112989730	pet.lovemycat
113017228	ph.edu.pup
113038626	ph.telegra
113052537	photo.business-view
113053829	photo.goldenezeiten
113057723	photo.volquardsen
113058745	photography.aloveabove
113064392	photography.law
113077064	physio.corpus
113117042	pictures.baukultur
113118413	pictures.rippke
113175929	pk.com.mediabites
113198145	pk.magroup
113200656	pk.net.index
113214724	pk.zebra
113263039	pl.amron
113292092	pl.autobusy
113292563	pl.autoeurope
113307979	pl.basketgdynia
113362084	pl.bytoviabytow
113370255	pl.cebam
113378240	pl.cherrish
113404954	pl.com.busiarzeforum
113448716	pl.com.modelteam
113466664	pl.com.ranking24
113519322	pl.db99
113555520	pl.drsylwiaolszewska
113555660	pl.drugijezyk
113569510	pl.easyterra
113570913	pl.ecekon
113574064	pl.edu.agh
113574359	pl.edu.amu
113574395	pl.edu.anglista
113580421	pl.edu.mimuw
113583222	pl.edu.sggw
113585289	pl.edu.uap
113585334	pl.edu.ug
113585648	pl.edu.wat
113588200	pl.edusimare
113592250	pl.ekoetos
113611013	pl.escort-warszawa
113640695	pl.focus
113659238	pl.g-net
113666713	pl.gda
113685067	pl.gov.nawa
113705211	pl.hectorfastlane
113714454	pl.holidu
113714889	pl.holly-travel
113763186	pl.januszprusinowskikompania
113787830	pl.kapitanborchardt
113828977	pl.krause-systems
113838336	pl.kul
113848071	pl.lamellenvorhang
113850872	pl.lasti
113863954	pl.lindleiana
113867791	pl.lodz
113957365	pl.mydwoje
113967283	pl.naszewycieczki
113971157	pl.ndie
113973610	pl.net.arch
113990330	pl.niecelnetrafienie
114000140	pl.note
114009196	pl.oczekujac
114024244	pl.onet
114036389	pl.org.jewish
114037912	pl.org.mieszkanicznik
114043314	pl.org.villa
114045074	pl.orkiestra-vita-activa
114089695	pl.pl-notariusz
114116862	pl.poznan
114135732	pl.protezownia
114139642	pl.przegladmedia
114147984	pl.psubraty
114158542	pl.rabdim
114173380	pl.remax-praca
114190835	pl.rp
114206024	pl.scafom-rux
114243486	pl.slowlingo
114244793	pl.slupsk.mechanik
114313418	pl.szkolnictwo
114324692	pl.targiwmonachium
114361862	pl.tvn24
114366617	pl.ua-migrant
114374959	pl.urbnews
114414339	pl.wenet
114477608	pl.zleceniadlaopiekunek
114484994	pl.zspd
114490615	place.historic
114498536	plus.adhocracy
114505554	plus.quatrol
114507758	plus.webcare
114519736	press.daybyday
114520464	press.glocalist
114521017	press.investigasionline
114521851	press.muser
114522522	press.presse
114628739	pro.cookiebox
114659730	pro.funsport
114721405	pro.musikstudio
114750543	pro.redgay
114777930	pro.staemmler
114778541	pro.stelle
114779442	pro.studienkolleg
114790718	pro.trampolin
114806326	pro.we7
114852232	pt.autoeurope
114863737	pt.casadaslagostas
114866031	pt.cecoa
114870718	pt.cm-amadora
114890211	pt.easyterra
114914795	pt.iatiseguros
114918355	pt.institutofeldenkrais
114919448	pt.isarey-document-attestation
114947911	pt.omelhordonatal
114964788	pt.remapping
114969953	pt.sapo
114971402	pt.segurosecidadania
114988361	pt.unl
115001842	pub.pressbooks
115026732	pw.mcha
115078389	quebec.fabcity-montreal
115108077	re.npi
115131301	reisen.erz
115132129	reisen.tuerkei
115132212	reisen.welt
115133046	ren.ally
115146940	report.telefon
115173984	restaurant.gigi
115174740	restaurant.marta
115175573	restaurant.supernova
115188615	rip.gbh
115193182	ro.9z
115195761	ro.actuale
115197462	ro.adriangeorgescu
115210947	ro.aquademica
115212999	ro.aromuscel
115214369	ro.artspirit
115234638	ro.brasovenii
115239449	ro.calatoriaperfecta
115255369	ro.cntours
115269967	ro.culturaladuba
115273460	ro.dantomozei
115274657	ro.dcnews
115283461	ro.dollo
115310957	ro.forumkronstadt
115312295	ro.freesoul
115338009	ro.info-eforie
115339067	ro.infotour
115351744	ro.krause-systems
115370486	ro.mediafax
115372753	ro.mesageruldesibiu
115376147	ro.mirunette
115389657	ro.nwradu
115394862	ro.org.politeia
115396605	ro.ozanamedcenter
115397052	ro.paginameadestart
115417385	ro.promptmedia
115421696	ro.radioromania
115423948	ro.realestatemagazine
115432051	ro.romania-muzical
115434619	ro.rri
115446549	ro.sibiuairport
115456114	ro.spotmedia
115470751	ro.timpromanesc
115471728	ro.toane
115473635	ro.totb
115476176	ro.travelero
115476262	ro.travelreview
115476948	ro.triolera
115476986	ro.tripinfo
115479251	ro.uaic
115480198	ro.unatc
115498869	ro.ziaruldebanat
115506203	rocks.erfurt
115507705	rocks.helpyourself
115509039	rocks.kathl
115514697	rocks.tfive
115544401	rs.euroturs
115557342	rs.krause-systems
115570693	rs.org.zenskimuzejns
115584920	rs.svetpiva
115613146	ru.11td
115730880	ru.7ya
115741510	ru.9to5mac
115755483	ru.abroadunderhood
115757670	ru.academic
115881035	ru.arrivo
116004859	ru.berlin24
116074340	ru.business-congress
116086228	ru.cam-world
116134746	ru.city-n
116141972	ru.climat-stile
116149124	ru.cnews
116154443	ru.colta
116189123	ru.czechcenter
116208816	ru.de-online
116227238	ru.designpub
116231743	ru.deutschklasse
116231760	ru.deutschonline
116246639	ru.dirclub
116378032	ru.et27
116381129	ru.euni
116382950	ru.euromag
116456445	ru.forumot
116513090	ru.genon
116516855	ru.germanexpat
116516954	ru.germany
116523599	ru.gilsocmin
116653541	ru.icstrvl
116656843	ru.ieccr
116706446	ru.irk
116718440	ru.it2b-forum
116734859	ru.jasmin-magazine
116746578	ru.junisa
116770610	ru.karl-heinz-gustav-klenke
116824732	ru.kopfhoch
116845296	ru.krause-systems
116939614	ru.liveberlin
116948239	ru.lonelyelk
116981594	ru.maloarhangelsk
116993713	ru.marquez-art
117038100	ru.meinland
117076853	ru.mk
117078448	ru.mkorst
117081640	ru.mn
117091331	ru.molodostivivat
117118491	ru.mrlodge
117122196	ru.mskpartner
117131190	ru.munich-medical
117161258	ru.narod
117170731	ru.nazadvgsvg
117203490	ru.nixp
117209381	ru.nodima
117224864	ru.nsc
117228054	ru.nuernberg24
117277627	ru.opennet
117294643	ru.ostrovok
117335443	ru.pereezdmarket
117375152	ru.plus-one
117410061	ru.pravozak
117422963	ru.prlog
117441811	ru.prokolushey
117473689	ru.qrz
117484508	ru.raiffeisen-media
117521040	ru.renen
117588751	ru.ruwiki
117607788	ru.samokatus
117632512	ru.scs-aero
117809629	ru.sphotonics
117959713	ru.thl24
117976921	ru.tomillo
117997476	ru.travel-news
118015459	ru.ttg-russia
118019761	ru.tupa-germania
118189798	ru.webtransfer-profit
118198024	ru.wi-ki
118199608	ru.wilhard
118209939	ru.worldsights
118253424	ru.yurclub
118255076	ru.yxoo
118295337	ru.zondmarket
118304856	ruhr.bildungsbericht
118305019	ruhr.englisch-lernen
118305507	ruhr.masterplan-bildung
118305555	ruhr.mpu
118305694	ruhr.ringlokschuppen
118305715	ruhr.rvr
118305831	ruhr.sutter
118305833	ruhr.svv
118341622	sa.com.vpi
118357135	saarland.hgsi
118363962	sap.cloud
118596513	schule.carl-bantzer
118596763	schule.fraunhofer
118596917	schule.handpan
118597008	schule.hubbs
118597201	schule.lessing
118597593	schule.seed
118597686	schule.sv-gyfa
118597821	schule.weitblick
118597835	schule.whg
118600098	science.deinestadt
118605133	scot.communitychoices
118606104	scot.gov
118656286	se.arkitekter-design
118665705	se.autoeurope
118666164	se.autopower
118668151	se.avsnittet
118688206	se.bilaieuropa
118740501	se.citygolf
118757115	se.danielnylander
118776399	se.easyterra
118805489	se.feldenkraisinstitutet
118806823	se.fhs
118844084	se.goodpower
118846010	se.goyellow
118863366	se.havsnas
118901329	se.internetsweden
118924771	se.karavanreseguider
118934436	se.klimatupplysningen
118939297	se.konstskolanomdemanskligarattigheterna
118965364	se.linaker
118966746	se.lindholmen
118976520	se.lu
118992235	se.matochresebloggen
119004594	se.mior
119015387	se.munchen
119035925	se.nstk
119038308	se.nynashamnsnaturskola
119071433	se.prentavin
119110640	se.sbg-anor
119110957	se.scafom-rux
119111498	se.scandlines
119162794	se.stader
119163131	se.stadsfokus
119169034	se.stockholmbrief
119184739	se.swedavia
119184857	se.swedenabroad
119205422	se.tjalamark
119212982	se.travelzmart
119215162	se.troll
119217401	se.tui
119222980	se.underaret
119250490	se.wallmanderco
119315157	sg.amfs
119358097	sg.com.yongnam
119386377	sg.ual
119390865	sh.buergerportal
119393019	sh.foerdekompass
119393448	sh.gos
119394172	sh.imkerschule
119394234	sh.infomedia
119395013	sh.kulturkanal
119396115	sh.nah
119396333	sh.nodes
119397142	sh.politische-bildung
119397533	sh.rad
119398225	sh.schleswig-holstein
119400285	sh.verbraucherzentrale
119400506	sh.wap
119769529	shop.bon-bon
119894304	shop.farbtoner
120085215	shop.medienhaus
120126070	shop.nova-motors
120260366	shop.sonnen-apotheke-freising
120268006	shop.stammholz
120269927	shop.stiftung-leistungssport
120275835	shop.sw-backend
120288009	shop.terrassenheld
120305599	shop.toner
120312259	shop.trockeneis
120407606	show.member
120415197	si.asociacija
120425788	si.dnevnik
120462408	si.ortopedov
120483711	si.temnonebo
120485965	si.tripcom
120495600	si.zurnal24
120841444	site.passagen-passages
120862283	site.recreatie
120978581	sk.antikvar
120985248	sk.autoviny
121009500	sk.cvtisr
121037070	sk.food4fun
121048394	sk.heandshe
121068132	sk.kapital-noviny
121075668	sk.krause-systems
121077317	sk.kunsthallebratislava
121085046	sk.lodouposvete
121086404	sk.luholikova
121125864	sk.platon
121134385	sk.prohuman
121149443	sk.schwarz
121161427	sk.snehuliacik
121171916	sk.svec
121210771	ski.switch
121253640	so.monica
121254040	so.notion
121262302	social.bachgau
121267040	social.ghj
121268241	social.infodienst-makeit
121270584	social.norden
121272823	social.skoops
121283069	solar.balkon
121297020	solutions.groenewold-it
121371350	space.eyesonly
121371528	space.fahrrad
121432211	space.tavros
121437284	space.uber
121437807	space.umbigo
121445533	space.ymnky
121454896	st.anyca
121460662	st.peer
121462308	st.schulz
121579901	store.bquadrat
121915642	studio.3e8
121922267	studio.beautyone
121958430	studio.shortnotice
121960950	studio.soundsandpods
121982764	su.arbeitskreis-n
122011748	su.photonics
122019497	su.smart-systems
122038221	support.drehpunkt
122040732	support.muenchen
122075295	systems.vc
122081126	tattoo.rocking-needles
122083311	tax.apx
122083457	tax.baatz
122084242	tax.expertise
122084307	tax.fluence
122084763	tax.idst
122084826	tax.isar
122085070	tax.lexo
122087351	taxi.bundesverband
122088441	taxi.rostocker
122098152	team.fpc
122100019	team.imtakt
122103185	team.physiotherapie
122104129	team.ribbon
122130385	tech.arturia
122144540	tech.brixl
122187825	tech.isds
122195907	tech.libs
122209837	tech.openapi-generator
122211857	tech.peerenergy
122223393	tech.sewakursi
122254923	technology.cariad
122285483	th.co.halesblueboy
122296512	th.co.starvoyage
122300859	th.co.yellowpages
122305922	th.go.obec
122318974	theater.blickwechsel
122319226	theater.pathos
122319273	theater.schul
122322960	tips.elektrofahrrad
122326564	tips.winterurlaub
122327510	tirol.dam
122419456	tk.unsicherheit
122427670	tl.de
122452648	to.gsa
122460369	to.relocate
122476769	today.advo
122483738	today.businessleader
122490518	today.demokratie
122499914	today.it-management
122502829	today.marketingleiter
122506423	today.personalleiter
122507430	today.produktionsleiter
122513704	today.tomorrowspublisher
122541148	tokyo.beglad
122566742	tokyo.ugo
122572428	tools.chippy
122572604	tools.coll
122576297	tools.piraten
123577583	top.cathayvista
123737511	top.germaniya
123962614	top.lovejay
124019705	top.nav8
124059311	top.passports
124110195	top.rechtsrat
124427435	top.znakifmnowe
124444412	tours.servus-bavaria
124444641	tours.super
124452524	tr.av.ferhatkule
124552658	tr.com.iwis
124556838	tr.com.karanticaret
124567773	tr.com.lexpera
124616627	tr.com.sirlojistik
124626857	tr.com.telerehber
124650254	tr.edu.ankara
124673615	tr.org.gonder
124675779	tr.org.kultursanatsen
124678239	tr.org.tarsustso
124696961	training.greentech
124701536	travel.bavaria
124703983	travel.germany
124705049	travel.insure
124705233	travel.japan
124706978	travel.oktoberfesttours
124709460	travel.tourismus
124710623	travel.winwin
124724193	tv.3typen
124727167	tv.activinews
124740454	tv.bewusst
124763945	tv.exomagazin
124769629	tv.fussballwetten
124771129	tv.geschnatter
124787766	tv.kessel
124795281	tv.mainfilm
124796419	tv.massengeschmack
124808733	tv.ostwest
124809220	tv.p-f
124815491	tv.quellen
124822379	tv.seraphin
124825122	tv.skynamic
124828092	tv.sonnenklar
124843639	tv.verbraucherschutz
124848217	tv.whow
124848298	tv.wiesn
124848850	tv.wolke7
124849497	tv.wwwagner
124853482	tv.zjarr
124854933	tw.1shot
124859297	tw.bigfang
124894423	tw.com.ef
124897713	tw.com.fanfan
124904744	tw.com.goeurope
125013032	tw.org.iii
125016343	tw.org.slat
125022235	tw.rainieis
125030085	tw.willstudy
125047406	ua.biz
125095373	ua.com.enableme
125103770	ua.com.freeradio
125132980	ua.com.lifter
125137950	ua.com.marison
125141061	ua.com.medprosvita
125150824	ua.com.nexpress
125152537	ua.com.nr2
125163213	ua.com.poradnuk
125179014	ua.com.shopinfo
125182568	ua.com.smarttravels
125197947	ua.com.travelyourway
125212409	ua.com.westeurotrade
125221548	ua.dialog
125223857	ua.dou
125230541	ua.edu.ukma
125232243	ua.gl
125233201	ua.gov.dnpb
125246938	ua.in.hrg
125251290	ua.in.nuft
125262036	ua.kh.tic
125264037	ua.kherson.newday
125270846	ua.kiev.hmarochos
125283660	ua.komersant
125315812	ua.org.genderindetail
125319833	ua.org.mayak
125320832	ua.org.naiu
125326303	ua.org.texty
125326447	ua.org.toleranz
125333636	ua.rv.ogiv
125384058	uk.ac.jobs
125384223	uk.ac.le
125386019	uk.ac.soton
125386582	uk.ac.uea
125414078	uk.berklix
125539849	uk.co.abouttimemagazine
125626695	uk.co.alpinefreedom
125718427	uk.co.astuteaviation
125735351	uk.co.autoeurope
125741598	uk.co.avantitravelinsurance
125760167	uk.co.baer-shoes
125770111	uk.co.bankofscotlandtrade
125782429	uk.co.bashirsons
125809167	uk.co.beersniffers
125889820	uk.co.bohnandviljoen
125948117	uk.co.budgetair
126218062	uk.co.crosschannellawyers
126261955	uk.co.davenantpress
126334534	uk.co.doughtystreet
126370797	uk.co.easymanandvanremovals
126370848	uk.co.easymoshi
126371279	uk.co.easyterra
126421113	uk.co.entobserver
126451348	uk.co.exportersalmanac
126479767	uk.co.filmfriend
126506448	uk.co.flyxo
126527754	uk.co.freespiritcampervans
126528008	uk.co.freestyle-developments
126544432	uk.co.fsp
126599214	uk.co.globelink
126604256	uk.co.go-walkabout
126705751	uk.co.hertz
126841596	uk.co.isarey-document-attestation
126881414	uk.co.jirathaimassage
126898714	uk.co.journeyintodarkness
126953694	uk.co.kmfm
126957347	uk.co.konain
126959881	uk.co.krause-systems
126981420	uk.co.lastnightoffreedom
126982537	uk.co.lauklimited
126983323	uk.co.lauragonzalez
127003961	uk.co.letsfixit
127024595	uk.co.listentolocals
127245876	uk.co.neilsowerby
127258303	uk.co.newportswimmingclub
127295804	uk.co.numericalreasoning
127304947	uk.co.ocssystem
127461893	uk.co.prnewswire
127483005	uk.co.purpletravel
127523295	uk.co.redonline
127530006	uk.co.regenhealthcare
127562974	uk.co.rmford
127573202	uk.co.rogersramblings
127576552	uk.co.rondotravel
127619038	uk.co.samio
127637959	uk.co.scoopergen
127657214	uk.co.sellreplicawatches
127720190	uk.co.slawinski
127733122	uk.co.smartcabsnorwich
127800181	uk.co.spotalent
127817086	uk.co.staysure
127819144	uk.co.steenbergs
127899664	uk.co.technovativesolutions
127955504	uk.co.thegardenvisitor
127991930	uk.co.thesausagehaus
127994083	uk.co.thesilvernomad
128055719	uk.co.transblawg
128058258	uk.co.travelonatimebudget
128082215	uk.co.twinperspectives
128107436	uk.co.unwildered
128169179	uk.co.watershed
128311718	uk.fred-hart
128328522	uk.gov.www
128334497	uk.hellmut-ruck
128364932	uk.lovit
128405721	uk.org.1023
128441515	uk.org.camdencyclists
128453071	uk.org.climatexchange
128511359	uk.org.kidsco
128554563	uk.org.railwaycodes
128591285	uk.org.thefsa
128636724	uk.samedaycouriers
128671896	uk.storynative
128672134	uk.stretta-music
128818964	us.banktunnel
128821634	us.baumbad
128842485	us.borbe
128848353	us.bryancoe
128873989	us.chita
128910873	us.dpgenealogy
128988079	us.hugecity
128992857	us.iitr
129034338	us.luepke
129040384	us.masung
129078242	us.odir
129163794	us.studioleonardo
129175013	us.tgal
129245025	uy.com.itecon
129253852	uy.edu.eubca
129269478	uz.grantlar
129270851	uz.infocenter
129296137	vc.sd
129296887	vc.t0
129974914	vision.ausgeglichen-unterwegs
129975823	vision.gemeinschaftlich-leben
130001882	vn.chualanhhoiphuc
130029516	vn.com.huyhoangexpress
130032269	vn.com.ketsatchongchay
130043748	vn.com.nvcpharma
130090651	vn.edu.nguyenvantroicollege
130096140	vn.edu.vicat
130121319	vn.iecs
130221048	voyage.hourrail
130224092	wales.gov
130272694	website.alf
130277947	website.auf3
130313908	website.kinderschutz
130343169	wedding.anatole
130346775	wien.bildungshub
130361657	wiki.bedandbreakfasts
130363269	wiki.campgrounds
130372436	wiki.leibniz
130373246	wiki.medizinphysik
130380564	wiki.uahelp
130382710	wiki.yoda
130509688	work.soller
130529512	works.make
130551100	world.bandthe
130555881	world.building-design
130565238	world.digitalnomads
130565822	world.dong
130566988	world.easteast
130569998	world.fjella
130584658	world.kh-biennale
130585815	world.knast
130586633	world.ladiesdrive
130589174	world.man-cave
130595206	world.one-million
130614491	world.trip-s
130614510	world.trippin
130635091	ws.coinsblog
130648091	ws.langer
130655533	ws.pressemitteilungen
130672178	wtf.error
130674496	wtf.marx
131855316	xyz.bluetrack
132341433	xyz.link-legion-52
132341434	xyz.link-legion-53
132341436	xyz.link-legion-55
132341440	xyz.link-legion-59
132341442	xyz.link-legion-60
132341443	xyz.link-legion-61
132341444	xyz.link-legion-62
132341446	xyz.link-legion-64
132341451	xyz.link-legion-69
132341454	xyz.link-legion-71
132341456	xyz.link-legion-73
132341459	xyz.link-legion-76
132341461	xyz.link-legion-78
132341462	xyz.link-legion-79
132444859	xyz.outsend
132778027	xyz.wunderflats
132879272	za.ac.sun
132879384	za.agric.arc
132889402	za.co.africanculinary
132896599	za.co.animalallies
132916473	za.co.blum
132928735	za.co.careersmagazine
132971666	za.co.etlstickability
132978992	za.co.flane
133016902	za.co.inkunzicave
133026750	za.co.juenka
133206021	za.org.kznfamilyhistory
133225210	zone.ds8
133226341	zone.hansa
133233308	zuerich.cocktailweek
133236467	zw.co.hararecity
